{"type":"FeatureCollection","features":[{"type":"Feature","properties":{"OBJECTID":1,"we_nr":"0144","lgbez":"StOÜbPl Langwedel","typ":"9","plz":"24631","ort":"Langwedel","strasse":"N.N.","bl":"SH"},"geometry":{"type":"MultiPolygon","coordinates":[[[[9.914195382039212,54.18637644026359],[9.91278955724691,54.18397332048857],[9.912449842254183,54.182738013493896],[9.911749235384217,54.18268976772406],[9.911038504501029,54.18205617082085],[9.910701096381949,54.182043271605735],[9.91001688556254,54.18228751488259],[9.907718306057628,54.182270102063775],[9.907395540477673,54.18214216285708],[9.907265548866135,54.18184378773049],[9.906833954186133,54.18174065592602],[9.906267065139499,54.181894249289535],[9.90612340745755,54.18211904136016],[9.904561354857583,54.18301664768131],[9.904491854000671,54.18325004864894],[9.904695536211582,54.18431488136463],[9.90458580789791,54.184628271827066],[9.903884686293306,54.18523890300992],[9.903288719679217,54.18493295537868],[9.902807776947393,54.18488552695625],[9.901947586163802,54.18531090158328],[9.900712017270711,54.18471890386666],[9.900580708728997,54.18482347225687],[9.90020183707135,54.18563130467443],[9.89998415192175,54.18571522501652],[9.899708167906876,54.18562609486658],[9.899327107054868,54.18589712385484],[9.89936999442317,54.186242796253175],[9.898753106046112,54.18675043093655],[9.89957114877488,54.18702005802758],[9.899065514050832,54.1878964854423],[9.898635863325117,54.18811809952707],[9.89869285424338,54.18818856246191],[9.898122379122132,54.18828113308816],[9.897719588023401,54.18914798808669],[9.897405510948872,54.189260197149494],[9.897089358766047,54.18974313016414],[9.896180938333186,54.19028293274973],[9.897601424529215,54.19104018187934],[9.900735554927795,54.192042649220745],[9.903395559010923,54.1931811108397],[9.907975000548392,54.192475558392964],[9.91540129574815,54.19166029395067],[9.915634966418205,54.1914951881966],[9.918474006534108,54.19106947564708],[9.918432784642327,54.19048211889342],[9.918594148118535,54.19047694280945],[9.91906507014337,54.18933727717016],[9.923033920493936,54.188131256507006],[9.921790634174245,54.18664009477265],[9.920892618927297,54.18681697174418],[9.920234409843813,54.18650152576688],[9.920111664941663,54.18628585233248],[9.91950133157126,54.186483593279554],[9.918932778844699,54.186859441658676],[9.917491794890495,54.18613863199994],[9.917276492971395,54.18586633513533],[9.91692257471569,54.18571826489693],[9.916723774848338,54.18643889895872],[9.914195382039212,54.18637644026359]]],[[[9.918460614449842,54.19161231770426],[9.91122932014211,54.19262502084175],[9.904086762316473,54.193583728075005],[9.906612281415052,54.19510351718986],[9.910121141339493,54.197691150819914],[9.920267716679598,54.19570731468345],[9.920011187478835,54.19472684192857],[9.91864414924555,54.19332422721272],[9.918412031762646,54.19289627251231],[9.918460614449842,54.19161231770426]]]]}},{"type":"Feature","properties":{"OBJECTID":2,"we_nr":"0161","lgbez":"StOÜbPl Hohensasel","typ":"9","plz":"24329","ort":"Rantzau","strasse":"Kirschkamp","bl":"SH"},"geometry":{"type":"Polygon","coordinates":[[[10.526273473880428,54.23414762079124],[10.533008543316711,54.233915436547946],[10.53291141567156,54.23379987449597],[10.532942824367145,54.233154948517374],[10.530752359801653,54.23133954081245],[10.531109327837736,54.231159871918976],[10.53102678164624,54.23087502968212],[10.53153020831132,54.230694721312275],[10.532386076401778,54.230002236259715],[10.533111866642411,54.229739085721974],[10.53338445412719,54.229047316111064],[10.533806264357139,54.22907103466135],[10.534823470770919,54.22869739751582],[10.535668986676022,54.22862536791826],[10.535366333476983,54.22979559307349],[10.539770973639927,54.23027120995919],[10.540829130654295,54.22950906897491],[10.540850476422062,54.229059887170216],[10.539837303443884,54.22631539657013],[10.539407620378807,54.22609841006283],[10.538760716593195,54.224924518989646],[10.538177117983945,54.22469892248924],[10.538065717905543,54.22441464223407],[10.538639806050853,54.22375438051917],[10.538433565438007,54.22369833597983],[10.538410299072146,54.22349301882049],[10.538767852809805,54.22326788190863],[10.53865204469831,54.222991262113055],[10.534653923642484,54.221299540949026],[10.533782864142278,54.22124869209367],[10.533506939416213,54.220792760718645],[10.533518458513095,54.22042442318851],[10.53331261675223,54.22023198125375],[10.5328077294265,54.21989887859685],[10.532640870955714,54.219969449646484],[10.53253026049646,54.21977258582359],[10.531621874199551,54.219603303898104],[10.531086081234811,54.21920827817578],[10.528394659472927,54.21909011128165],[10.528215330589363,54.2192135341734],[10.526856794011943,54.21887268814507],[10.52539336744702,54.21888211876358],[10.524471796576679,54.21865791316996],[10.523360968642288,54.21862914161077],[10.52327562958858,54.218920003513865],[10.522146667363549,54.21898714225051],[10.519857361167308,54.2178706536184],[10.518244398345196,54.21751679437914],[10.517589784319462,54.21809564610331],[10.516565447078955,54.218054216756606],[10.514868022857202,54.21762481159973],[10.514483005824676,54.217275690170744],[10.513304237406999,54.217010049137784],[10.512678702745344,54.216668742649176],[10.512150597562764,54.21674920415241],[10.510867095464445,54.21765360224255],[10.50875813324802,54.21775191194907],[10.505909705737412,54.21832297837225],[10.506119555781062,54.21872835555616],[10.506710692153856,54.219214931290665],[10.507160425616084,54.22005608342313],[10.508651253492145,54.22118325292756],[10.509399202475883,54.22194939207268],[10.509629011288546,54.22281163618516],[10.511081597882962,54.223982076039285],[10.511146712266347,54.2244746240147],[10.512899337063983,54.22614883703169],[10.516159686149887,54.22803027008622],[10.517616273840575,54.228390955001245],[10.518005340478384,54.2286215277715],[10.518301343449375,54.229036675341895],[10.518280981336831,54.229683164828565],[10.51845985746949,54.22973720639555],[10.518156287988843,54.2302501170319],[10.518631081752568,54.23106917683336],[10.51864160910939,54.2320875745959],[10.518913793250608,54.23206298511493],[10.518716745996391,54.233186118379265],[10.518979942493214,54.233438858281275],[10.522137831534396,54.2321608362609],[10.521964828587063,54.233339175632196],[10.522654628724178,54.23332785497627],[10.522983151606766,54.233538081270964],[10.523932996052356,54.23375250424681],[10.524340108945923,54.23404778916659],[10.526273473880428,54.23414762079124]]]}},{"type":"Feature","properties":{"OBJECTID":3,"we_nr":"0171","lgbez":"StOÜbPl Eutin","typ":"9","plz":"23701","ort":"Eutin","strasse":"Oldenburger Landstr.","nr":"13","bl":"SH"},"geometry":{"type":"Polygon","coordinates":[[[10.665070988961102,54.13219512289584],[10.665253208623255,54.132537772962394],[10.668384089815431,54.131314286946434],[10.674942981658173,54.13129952336746],[10.675934966073742,54.13102984461028],[10.675971973070174,54.13087661610122],[10.675704340692517,54.130365205342905],[10.67595757127954,54.12986896977535],[10.676250083397344,54.129676317121],[10.676223981948445,54.12925616991615],[10.676175892436351,54.12897449746881],[10.67579283732442,54.128566134685116],[10.67572442073404,54.128298336289234],[10.674228855143188,54.127379942598964],[10.673692935515955,54.12719001776594],[10.673306923150115,54.12675582712137],[10.67225179615322,54.126276065600976],[10.672549582280054,54.12456270116546],[10.672117779190927,54.12439503541104],[10.67317885303497,54.123452118482895],[10.673851562723804,54.12331749410805],[10.674080225286138,54.1229821002516],[10.671278422135389,54.12186245046769],[10.670349247026186,54.12003642272277],[10.667418647921572,54.120023463101695],[10.665084770914206,54.121457654475236],[10.662571653058158,54.12263362379005],[10.643326248816418,54.128909545383074],[10.643249224569015,54.12903842775227],[10.641022415065418,54.12953487486831],[10.640011584893504,54.12993464463799],[10.640228686138125,54.13010188109732],[10.643007584045746,54.12943932296101],[10.64274264302066,54.12987886391035],[10.64952492162008,54.12957574342913],[10.650016551608843,54.129690408051054],[10.649977847694824,54.13034976136637],[10.650277960458238,54.131066726154536],[10.650454385986816,54.13239014971769],[10.650162652708362,54.13345368755649],[10.65222527443251,54.133806142514906],[10.652851271726536,54.13401134805797],[10.652864934203693,54.134217985733635],[10.65427851145688,54.134472618660496],[10.654842227653935,54.134432824392],[10.655034780636804,54.134288251034796],[10.655424450044197,54.13443564962313],[10.657220573064526,54.13413546826015],[10.658061340475038,54.13366008906488],[10.660073270267704,54.13391575805404],[10.661037355705481,54.13383852841611],[10.661258475114385,54.13360440756464],[10.662593160522668,54.13293609898382],[10.662723648004237,54.13270835164705],[10.6636158807957,54.13238967127843],[10.665070988961102,54.13219512289584]]]}},{"type":"Feature","properties":{"OBJECTID":4,"we_nr":"0180","lgbez":"StOÜbPl Lübeck/Wüstenei","typ":"9","plz":"23556","ort":"Lübeck","strasse":"Wüstenei","nr":"1","bl":"SH"},"geometry":{"type":"MultiPolygon","coordinates":[[[[10.572031904431311,53.88828757354062],[10.571292024225825,53.8885846598963],[10.5714228602537,53.888739249612385],[10.57195150981532,53.88878147084379],[10.572112210334835,53.88890864782399],[10.572377076799762,53.88882679287859],[10.5724656866194,53.88924837237902],[10.572658832490355,53.88944564291249],[10.572462894655487,53.88958906035699],[10.572703922527737,53.889921070617675],[10.573030662254487,53.8900051967097],[10.572826582988226,53.89031195520264],[10.571786978879446,53.8904839792403],[10.571720260104978,53.89060709634227],[10.571927096300831,53.89086699538657],[10.571650707145768,53.89121476301094],[10.572000918054282,53.892261704964106],[10.572051661189734,53.89287484407002],[10.572577606822358,53.8932517447331],[10.573032414867622,53.89369510581266],[10.57296588204439,53.89375028985176],[10.574782441737488,53.89389108912565],[10.575390393674086,53.8948776220006],[10.575836160175998,53.89455449078157],[10.576252447563554,53.89448502266105],[10.577473488901886,53.8939233335796],[10.578038436689193,53.893839257723066],[10.579186847440155,53.89386488413616],[10.579954180271098,53.894259521502605],[10.581274709128854,53.894355539306915],[10.581932935280319,53.893668457093014],[10.582580613413729,53.89386344215454],[10.58343035140069,53.892785154724294],[10.584005307318565,53.89290846832719],[10.585514634201287,53.89209402813566],[10.586434204523457,53.892494622388696],[10.586559835712581,53.89237785600382],[10.58732439993587,53.89260797343177],[10.588464983665721,53.89277097698759],[10.589838483480829,53.892735255231685],[10.59114795587404,53.89247027252807],[10.588940823068436,53.89239935202886],[10.58826245489165,53.89261952974604],[10.587152416576375,53.892525758871635],[10.585073232613304,53.89142207637431],[10.58545002826436,53.890526634938254],[10.58341005217021,53.889433823658706],[10.584762921276477,53.88854167608803],[10.585656880629895,53.888375750517774],[10.591951995664154,53.89170518724847],[10.592196049960588,53.891480053310886],[10.5922143594227,53.891256349644266],[10.592042172145662,53.890974981156305],[10.591373378213177,53.89073370024929],[10.591463141469623,53.889592501031224],[10.5924500890314,53.88945451860077],[10.59225577804551,53.889252080438546],[10.591915856440284,53.88841226326358],[10.591346994693255,53.887851374075886],[10.585974537490824,53.8842443179042],[10.585300152444002,53.8836039305655],[10.584667273156576,53.88208998714288],[10.584753181742178,53.88159714774273],[10.584541197301391,53.881078589926],[10.584029649866148,53.88048985967274],[10.583718143769977,53.87966128284382],[10.583453918702146,53.879308962960046],[10.58345529222624,53.87868133959328],[10.5823127142364,53.87776982826788],[10.582822639314253,53.876767337850524],[10.584271545510958,53.87737582372952],[10.586208704929238,53.877337510863605],[10.58852810558581,53.87650224649827],[10.58700595435412,53.87493862246795],[10.586989095671159,53.87459106366897],[10.586103718821978,53.8736523637051],[10.584188356125741,53.872635739895635],[10.58347904907225,53.8725680461539],[10.583599193351603,53.872180592403346],[10.580064620050473,53.87112193160486],[10.577862218671445,53.870852353789196],[10.574245666914086,53.87128278013092],[10.573097429537997,53.87119006676621],[10.573158540130152,53.87232906194813],[10.572724192113814,53.87454257715928],[10.572022535113273,53.877089510902856],[10.571571753317132,53.88029822347388],[10.571222428147486,53.88093187451954],[10.570949102247527,53.88106681967011],[10.5709568475219,53.88126811081695],[10.571371853911865,53.88144111356054],[10.571181265544515,53.881940689144926],[10.571203798885112,53.88275617809858],[10.571789634299433,53.88367131734142],[10.571648742530249,53.88431532319224],[10.571919552249073,53.88466615488473],[10.570822570048147,53.885554371813086],[10.570531323656587,53.88614638540708],[10.570753774368757,53.88724362832819],[10.572031904431311,53.88828757354062]]],[[[10.59114795587404,53.89247027252807],[10.591608695495143,53.89229200255051],[10.591642549404927,53.89218483543357],[10.591496130301802,53.8922694111789],[10.59125559021478,53.892169854418775],[10.591077405784887,53.89229137311561],[10.591202516849457,53.89237319586573],[10.59114795587404,53.89247027252807]]],[[[10.56839179536432,53.88998781350574],[10.568497302494464,53.88997172894005],[10.568879812329023,53.88962135895408],[10.568660947691464,53.88970555288502],[10.56839179536432,53.88998781350574]]]]}},{"type":"Feature","properties":{"OBJECTID":5,"we_nr":"0247","lgbez":"StOÜbPl Appen/Heist","typ":"9","plz":"25492","ort":"Heist","strasse":"Schlackenweg","bl":"SH"},"geometry":{"type":"MultiPolygon","coordinates":[[[[9.684382654535186,53.64822634382018],[9.68256838285116,53.64834675766568],[9.682604319055788,53.653162689323935],[9.682269066893372,53.653268203037136],[9.68211049358445,53.65363812532249],[9.682404913723923,53.6544097305642],[9.678643860766575,53.65492548964815],[9.679167792376338,53.6562774914225],[9.679056341992265,53.6563354528181],[9.679628790712204,53.65691436233897],[9.680675361256043,53.65650541247236],[9.682190740987107,53.65639040839917],[9.68477151815375,53.65577063472128],[9.68469606236481,53.65562334702924],[9.68699595251172,53.654691805487325],[9.689360471951785,53.65450967875519],[9.692934393259014,53.65336395114064],[9.693074543019762,53.65292826119964],[9.696232381755307,53.65296712651333],[9.696756070819955,53.65138154500587],[9.69690731297783,53.65126832710061],[9.696120434602905,53.6506278546654],[9.693375236993166,53.64952322378611],[9.692528971893115,53.6477172609537],[9.692108201912308,53.64774035864359],[9.692396091299647,53.645542921387765],[9.690736098079155,53.64558207360524],[9.689837179127029,53.64391927820479],[9.684879392344644,53.64434157044351],[9.684382654535186,53.64822634382018]]],[[[9.681387365950314,53.64652011738532],[9.681170804593183,53.64822748277022],[9.68425242487012,53.64814964219962],[9.68471386158387,53.64437190103323],[9.680363241610522,53.64453149718359],[9.680270324369099,53.64654750280545],[9.681387365950314,53.64652011738532]]]]}},{"type":"Feature","properties":{"OBJECTID":6,"we_nr":"0285","lgbez":"StOÜbPl Riese","typ":"9","plz":"25782","ort":"Schrum","strasse":"Dorfstr.","bl":"SH"},"geometry":{"type":"Polygon","coordinates":[[[9.234341530110633,54.18458311290882],[9.235458776507754,54.18321699328657],[9.23588582481411,54.182494646064015],[9.236780890891952,54.18200405979646],[9.237147813159707,54.18164379505727],[9.238684909662775,54.18179166224436],[9.240569311922744,54.18216278935366],[9.242457799720647,54.18207129271015],[9.244424908072194,54.18214760388772],[9.24544111466107,54.18242329287731],[9.247879610364784,54.182405797580735],[9.248824760214674,54.18265033626079],[9.250696082105804,54.1826587694915],[9.252966220948808,54.18286191720457],[9.252956827265892,54.18252539366132],[9.252266997484373,54.18253333854364],[9.252268269498828,54.18228923970963],[9.251407601709845,54.18228810892543],[9.251459597995115,54.18070807567111],[9.251588199912907,54.18052183412931],[9.252132251090066,54.180501004410296],[9.252459183954624,54.18011228620845],[9.253046925593955,54.18022412655133],[9.253367500182923,54.17947354805577],[9.253707846691277,54.17970496544866],[9.254557564915302,54.17960340972307],[9.255527429215308,54.175495056522365],[9.257542805843705,54.17133804038759],[9.253707558332074,54.17165481725843],[9.249918963028115,54.17293016322912],[9.249085702838446,54.172239100375315],[9.24750183195684,54.171495803378036],[9.24643305685581,54.17137657135638],[9.246444091760756,54.1712769923257],[9.24539328925366,54.17093694967012],[9.241725761697198,54.169197168663054],[9.241507132418247,54.16899518646181],[9.24073665907705,54.16881507854106],[9.2402150136797,54.16837596602916],[9.23861848823068,54.16772267886229],[9.238386324035359,54.16679287691313],[9.23461650082588,54.16680456658564],[9.232382886584002,54.16793590804988],[9.230520365487736,54.16869595395923],[9.228712456570852,54.16862748084695],[9.226088664475157,54.168893940469395],[9.226111392750157,54.1685169990351],[9.224920865385405,54.168500570118205],[9.223603756413967,54.168294247587774],[9.2235965869597,54.167535529005185],[9.222492509864628,54.16753086016093],[9.221649484089511,54.16738544785391],[9.22176776975457,54.16826021738415],[9.220737129933994,54.16807876158277],[9.220389086660274,54.168130529925826],[9.220118383840937,54.16954203779833],[9.220092642616475,54.17106737502985],[9.220399196300477,54.17149931966212],[9.221591507719365,54.171659090208024],[9.221480002538101,54.17265405181256],[9.221808079856295,54.172898083428336],[9.222391179900587,54.173747098950464],[9.225147682808167,54.175250101164984],[9.22470116441635,54.17674833521777],[9.225346637185751,54.17696506262181],[9.22574571644571,54.1779956780038],[9.226242846818968,54.17863961024064],[9.22288009787548,54.178869609634006],[9.222759152298885,54.18018134069261],[9.22303642090464,54.18010795577612],[9.227064239365413,54.183735429537926],[9.227656760042068,54.18349594018381],[9.22881975224672,54.18340933380596],[9.229436001023275,54.18363893764113],[9.22927323617523,54.18400408380809],[9.229734352190414,54.18428994749981],[9.23080357465243,54.18462827550674],[9.231680652865057,54.18470832579341],[9.232282008472534,54.184464509995536],[9.233059412316141,54.18441762984],[9.23350058842695,54.184931166530454],[9.234196227613399,54.18502431217063],[9.234341530110633,54.18458311290882]]]}},{"type":"Feature","properties":{"OBJECTID":7,"we_nr":"0359","lgbez":"StOÜbPl Christianshöhe","typ":"9","plz":"24340","ort":"Windeby","strasse":"N.N.","bl":"SH"},"geometry":{"type":"Polygon","coordinates":[[[9.778112281998435,54.48653279954694],[9.779245569611593,54.4860013604397],[9.779495521347844,54.485448961508766],[9.779954415829339,54.48518159953504],[9.77341874723333,54.48407297920077],[9.773218378009185,54.48463187914718],[9.772374963263525,54.48418084233091],[9.770484594393434,54.483855004434176],[9.769621884733816,54.48353953965094],[9.768995603572138,54.48389157326334],[9.768601079668963,54.48463954669564],[9.768071487774622,54.48466997369283],[9.767919309572203,54.48486462901875],[9.76019428591289,54.48431978736224],[9.758308475992903,54.48619160987441],[9.75769139357974,54.48627213294979],[9.755434645922673,54.4883318242347],[9.754369650034066,54.48947268001839],[9.753589673415473,54.490873625291975],[9.758356333739643,54.49075621938304],[9.76284950736544,54.490883227439326],[9.76735008041426,54.490728571180064],[9.773744932699572,54.4908365018027],[9.774322710225762,54.489793341400194],[9.774731399662636,54.48951175310326],[9.775050882798531,54.489057897115785],[9.775233882198368,54.48889482364313],[9.775784186548222,54.48899280691528],[9.775511588283644,54.48836298109576],[9.775879514867887,54.4875522260277],[9.776672059815604,54.4869914603085],[9.778112281998435,54.48653279954694]]]}},{"type":"Feature","properties":{"OBJECTID":8,"we_nr":"0368","lgbez":"StOÜbPl Ludwigsburg","typ":"9","plz":"24369","ort":"Waabs","strasse":"Ludwigsburg","bl":"SH"},"geometry":{"type":"Polygon","coordinates":[[[9.957954587780868,54.50331462140488],[9.967454319522467,54.506668850214375],[9.968346147173708,54.50551812349471],[9.969141620629264,54.50516754458543],[9.971172671961082,54.50639654010612],[9.971525457441178,54.50606019526994],[9.9710492766787,54.50572530548468],[9.9693893068144,54.50514063635369],[9.965493507462709,54.50339261693428],[9.961816128980846,54.502700240749576],[9.961509852876244,54.50278726771665],[9.95922721577269,54.50204798849189],[9.957954587780868,54.50331462140488]]]}},{"type":"Feature","properties":{"OBJECTID":9,"we_nr":"0453","lgbez":"StOÜbPl Lütjenholm","typ":"9","plz":"25842","ort":"Langenhorn","strasse":"Mönkebüller Str.","bl":"SH"},"geometry":{"type":"MultiPolygon","coordinates":[[[[9.00868739780648,54.6781813335298],[9.000224772857162,54.67583136337856],[8.987798829382807,54.67489848372009],[8.98763161517917,54.67656799969973],[8.986097394183313,54.67660317020915],[8.98576482708529,54.67973260394366],[8.986789573059276,54.67975174538441],[8.986955174786988,54.68214493761237],[8.98827904447925,54.68213849484376],[8.988351104636394,54.68344033397707],[8.991103145611989,54.68306225516929],[8.991153928273311,54.6837722772638],[8.990850052467156,54.687088381386616],[8.991738983051624,54.6869952778467],[8.991577160536332,54.68908975961245],[8.990678876693119,54.689116025254776],[8.995962634244368,54.68903261276462],[8.99914744938792,54.68865416753473],[9.013430410879122,54.68556572933434],[9.013283724078061,54.68515800131954],[9.00868739780648,54.6781813335298]]],[[[8.986923692429507,54.68218231094699],[8.987017859227524,54.68362841108138],[8.988290314742805,54.68345138230032],[8.988227880033927,54.682176045793994],[8.986923692429507,54.68218231094699]]]]}},{"type":"Feature","properties":{"OBJECTID":10,"we_nr":"0455","lgbez":"StOÜbPl Schauendahl","typ":"9","plz":"25813","ort":"Husum","strasse":"N.N.","bl":"SH"},"geometry":{"type":"Polygon","coordinates":[[[9.07605230890698,54.49433923934819],[9.073159200092435,54.49522129159158],[9.073332569552418,54.495480088707716],[9.0728985458279,54.49602519015079],[9.069653778020585,54.497592281810924],[9.066169596613642,54.49514396652349],[9.065710899761507,54.49486994610633],[9.065968946216802,54.4950480394742],[9.065823832365792,54.49511791878436],[9.07008956693467,54.49803639981248],[9.06346272113392,54.50124688908924],[9.055531549388263,54.50014872946853],[9.051864002967164,54.500633842494615],[9.051915279701891,54.50121552400197],[9.05236642172247,54.50185247447221],[9.053266953150521,54.50240055912242],[9.05787002756653,54.503609868396424],[9.056929279461519,54.50792112288108],[9.062350448708528,54.50828912500987],[9.077302961412038,54.50820233872053],[9.075935652785857,54.506526569535794],[9.080618188578631,54.50576383623888],[9.079102042584609,54.504108000207964],[9.08037962748018,54.503966301588974],[9.078839168582977,54.50254007340207],[9.076940105817576,54.50239574923001],[9.077126803581429,54.500436994113166],[9.076329285560279,54.50041050165051],[9.07644656421389,54.497997283228685],[9.078558862773267,54.498322073585896],[9.079190553589566,54.49620483159459],[9.078510075270163,54.495803162302145],[9.077771475053586,54.49505665250828],[9.07698522010948,54.494701677031756],[9.07605230890698,54.49433923934819]]]}},{"type":"Feature","properties":{"OBJECTID":11,"we_nr":"0465","lgbez":"StOÜbPl Seeth","typ":"9","plz":"25878","ort":"Seeth","strasse":"An der B 202","bl":"SH"},"geometry":{"type":"MultiPolygon","coordinates":[[[[9.195426734779337,54.362317928495514],[9.187033634941455,54.363397065303886],[9.186786916241926,54.36441439675829],[9.186956922409443,54.36340867894666],[9.183626378068936,54.36378329816153],[9.180641818063501,54.363956718877105],[9.180609434695832,54.365015481578276],[9.179764252065683,54.36502815669281],[9.179922318724776,54.36776873097279],[9.182937407076842,54.36630812737316],[9.183337823928277,54.36629475815549],[9.183835797819576,54.366079921113645],[9.186557087666326,54.36599947083016],[9.186848056478485,54.364460569626054],[9.186640418985354,54.365952895132104],[9.187212720381604,54.36608227205697],[9.188586760982497,54.36671231531266],[9.189108317446635,54.36720649742409],[9.189906685274039,54.36767328868217],[9.191449072854144,54.368092459924306],[9.191705390950824,54.36841600315753],[9.191560120792952,54.36887215452083],[9.200591486216691,54.3694557135586],[9.201710628957386,54.36969126883097],[9.201850828125473,54.36716895033264],[9.207685907817822,54.36675198763778],[9.207627167879709,54.36700076046179],[9.21105420924807,54.36700984477976],[9.211086828872677,54.36641362759221],[9.210841733428838,54.36641226738464],[9.211135169014725,54.36317200734214],[9.214099616639276,54.36227087807629],[9.214553944984159,54.36194239093141],[9.217412218928619,54.36204185431929],[9.219016123139399,54.362512132597466],[9.219167224261797,54.361683400178755],[9.218860140571774,54.36151765472451],[9.221583648358958,54.35899528020432],[9.218515045568795,54.35896798005015],[9.207804311162166,54.359778602227024],[9.206426676401817,54.36000370024233],[9.198812105098304,54.361982033318576],[9.195426734779337,54.362317928495514]]],[[[9.188608756232233,54.36864403734448],[9.191502268390337,54.36887017948579],[9.191629323409195,54.368435617655805],[9.191319328279311,54.36808090098617],[9.189469903721598,54.36751317293578],[9.188562285484243,54.36674181416339],[9.187175200447129,54.36612023935468],[9.186554329838403,54.36603621562879],[9.18381004761194,54.366134846379296],[9.182897845271732,54.367470489498054],[9.184248693168628,54.36750023272932],[9.185856478999733,54.36772864514356],[9.188608756232233,54.36864403734448]]],[[[9.204198293049837,54.35951324633916],[9.203049418768208,54.3597296325737],[9.202037004866444,54.35870528541246],[9.202988092580382,54.35848685072173],[9.203130882489768,54.35827845381932],[9.203376932842756,54.35579735523027],[9.203246271088018,54.35572058957576],[9.203514215181102,54.35535163647247],[9.193180917822653,54.35698561970392],[9.192448407285367,54.35737770560121],[9.193537919096396,54.35754405509386],[9.19374149081453,54.35817654931008],[9.19361146237208,54.35826504115799],[9.194806944843922,54.36223248063995],[9.19878328983894,54.36180235048229],[9.205925291607405,54.35993215434579],[9.207753926454524,54.359610507718955],[9.207926762315198,54.35950805951278],[9.208036593935136,54.35815639022161],[9.206920613264227,54.35869076682702],[9.204198293049837,54.35951324633916]]]]}},{"type":"Feature","properties":{"OBJECTID":12,"we_nr":"0477","lgbez":"StOÜbPl Hagenow","typ":"9","plz":"19230","ort":"Hagenow","strasse":"An der Gemeinde Granzin","bl":"MV"},"geometry":{"type":"MultiPolygon","coordinates":[[[[11.152942964664064,53.43708771587474],[11.153129869040415,53.43718900534627],[11.15775280520732,53.4367827939364],[11.158273695121512,53.43659590625107],[11.15943977483582,53.43570848382352],[11.163133348145628,53.435124645270925],[11.162380558140796,53.435001784047124],[11.162136689795657,53.43515662455826],[11.158790801331762,53.43545345650638],[11.158554319833158,53.43510670631282],[11.158510988697126,53.43370438573355],[11.159857398018195,53.43372915837651],[11.159055348894752,53.433085797629495],[11.157954628803935,53.432726882075265],[11.15779656214481,53.432734831725845],[11.15733921546058,53.43363970299899],[11.15550111686194,53.43330810550517],[11.155074150302285,53.43384876461874],[11.15440320849794,53.434363107601534],[11.15388386638098,53.43548366580135],[11.151743901507489,53.434977143794704],[11.152077215105502,53.43429602725499],[11.151919469144937,53.434265546856686],[11.152919974979309,53.43383552179125],[11.153168545106654,53.43351007927972],[11.152572267675472,53.43328617334621],[11.153016420803164,53.4324538405926],[11.153250758921459,53.431626747735585],[11.15277526447183,53.431222365472074],[11.1529397756448,53.43088596381343],[11.153859744818948,53.43093741931825],[11.154302408539886,53.431610928833656],[11.154232088419455,53.43181267839801],[11.154022121594783,53.43177350032407],[11.154008413303574,53.43199408424292],[11.155001197219727,53.4321930505926],[11.15618388858023,53.43123583068855],[11.152436646322057,53.428817404787324],[11.151512173893392,53.42938746865639],[11.151291162282307,53.43027878779173],[11.150472480851402,53.43039820732019],[11.1499374909805,53.43027956010946],[11.149338702758095,53.43078775015811],[11.148949400761682,53.4314022265659],[11.147169342313548,53.43184235240799],[11.144562589462165,53.42947354981515],[11.14021682578126,53.43048556612901],[11.139388350917098,53.430884597959846],[11.13815829139164,53.43122947192138],[11.132981381256904,53.43239134006574],[11.118118832134195,53.434730708375284],[11.116646032547587,53.434263024616804],[11.118048170653932,53.43570658939836],[11.11814571062582,53.43643102749179],[11.118010605803704,53.43643651587962],[11.117830161212547,53.43568503040546],[11.116444333816801,53.43424766051748],[11.115993946381087,53.434187877533354],[11.111386087537866,53.43681574431515],[11.111407419830943,53.43692709386641],[11.10548770626241,53.43732211811715],[11.105583922117539,53.43781078994335],[11.103972723586661,53.43780558534766],[11.104117137650062,53.43833772118777],[11.098202053998504,53.4395696327936],[11.098046638267814,53.44010054151281],[11.096652172672279,53.43993664380369],[11.088526315343277,53.441531677791474],[11.086883915627606,53.442182312794],[11.086899602009092,53.44261052461468],[11.087770103655535,53.44308287528975],[11.089787485323653,53.44359870363145],[11.091473456923843,53.44359996260166],[11.089755389416853,53.44367542102586],[11.087703487289001,53.443149141324376],[11.086739255425833,53.442619413054246],[11.086807173451191,53.441753898145606],[11.08625313660133,53.44111882581431],[11.08636795476939,53.441088277538675],[11.086189671524817,53.44106640878883],[11.085328769275526,53.44033724140033],[11.084467725990724,53.43993255353651],[11.084656699187192,53.43963275150515],[11.084499610793438,53.43915498627316],[11.083796548827804,53.43809756614035],[11.082739781507179,53.43773277070758],[11.082463911578337,53.43747021668191],[11.081208709106415,53.436962059442564],[11.080617851211352,53.436948078031755],[11.07958384540342,53.43596420904494],[11.079246115687479,53.43578250119776],[11.079148688903327,53.435482502917814],[11.078779411252881,53.43521529519875],[11.077178918843579,53.434903865141976],[11.076959225061033,53.434811961206016],[11.076863195157136,53.43453554714192],[11.076565271588048,53.43440997360582],[11.076769180174429,53.43402320831553],[11.077886396028813,53.434036727231934],[11.078088172014716,53.43317488810963],[11.078014338583204,53.4328404762004],[11.078476775121855,53.43226783834337],[11.078722591014534,53.43231301545441],[11.078993103391017,53.4320585832344],[11.079270054891465,53.43141267960613],[11.079322977339809,53.43112463160353],[11.079010315111875,53.43104311375324],[11.07753409653728,53.43259290235632],[11.077164485611911,53.432724610746256],[11.075216042455322,53.43429777938887],[11.074776803112256,53.43576948105907],[11.07514619574703,53.43620366815625],[11.074985327242555,53.43660658116614],[11.074076918487755,53.437810803321426],[11.073868442866498,53.4385118762263],[11.073920740985727,53.43987422009802],[11.076209944773996,53.4400954998659],[11.076672233988958,53.44029078378578],[11.077206482749753,53.440055679823715],[11.078464540965983,53.43997106592269],[11.080023162001606,53.4407671551934],[11.076938191008628,53.44333379630762],[11.0797009991912,53.44315141049111],[11.080534854963911,53.443316308118874],[11.080630724967692,53.44373072248302],[11.080733070926316,53.44373052344544],[11.080747119679058,53.446353360035246],[11.081947886939725,53.44679983246581],[11.081749367346736,53.44717138526631],[11.081436720390153,53.44733932108157],[11.082081126859332,53.44793492807243],[11.08179914209835,53.44833429360931],[11.082796913460953,53.44845954780451],[11.084308956849068,53.4488984516394],[11.083082961301978,53.45017248684504],[11.08650361115709,53.451996600533775],[11.079510955202926,53.45971545109433],[11.077078084749536,53.460623817919384],[11.080239931767897,53.46359346095659],[11.093205159060213,53.4597335246061],[11.096522853898902,53.462056211702496],[11.104150259432917,53.459309586625295],[11.104181929538258,53.45902824652661],[11.111629657642368,53.45855547250327],[11.112793587688154,53.45906939554868],[11.118318219499749,53.456617513867684],[11.119130917252553,53.45641959739432],[11.119414870222345,53.45607397361318],[11.119569047176272,53.4561209130222],[11.119328376833503,53.45653106192004],[11.121405118277297,53.45701765999377],[11.125646009038675,53.45621181020708],[11.130606387460652,53.459509339670035],[11.132108549380657,53.45942178754084],[11.13407048253786,53.4606446213736],[11.140291991414337,53.45753098922178],[11.149333123321854,53.46266609066717],[11.148778619348036,53.463214649619914],[11.14962044677059,53.4638789726783],[11.150924394524818,53.46413075433434],[11.152028196735376,53.464097206921316],[11.152201272446243,53.46422841656934],[11.155309672400122,53.4629441197476],[11.155593224721276,53.462403720672285],[11.156306337038302,53.46176984484558],[11.15628686425792,53.46156473388585],[11.156016625867583,53.461523242321114],[11.155977869851268,53.461025651652086],[11.155586397525132,53.460334294413116],[11.155089071319143,53.46006043819109],[11.154983280321384,53.45973835800694],[11.154093352606937,53.45925694761708],[11.154417397387862,53.458913336594804],[11.157510631983106,53.46030869116634],[11.157862955729161,53.46010046999942],[11.15899734377853,53.45889288583234],[11.158729935081352,53.45895398456858],[11.157338391705443,53.457384909667766],[11.155953189537142,53.45659176289079],[11.155751928285909,53.45635050912857],[11.15462255553077,53.45631034487645],[11.153850649376702,53.45591142073639],[11.152699751190744,53.4540238264528],[11.14954216578008,53.452352084860834],[11.150224572782383,53.45163268726924],[11.152051061554301,53.45222132637426],[11.152629357408415,53.451632362555955],[11.152968714871665,53.451610493884125],[11.153408460864563,53.45115280482067],[11.150852533793632,53.448563331559264],[11.150243964714429,53.44920978394634],[11.150096251138985,53.44961083817709],[11.148437785054492,53.449705843437926],[11.148594624614882,53.44901795794337],[11.149766160696228,53.4492014521932],[11.143952389940731,53.44710017296563],[11.145792004895574,53.44540412332769],[11.149955240792183,53.446851529787025],[11.150053779690674,53.44675050677794],[11.14166442852248,53.4438062989202],[11.139612361104597,53.44128612527068],[11.13961155441747,53.44111014467198],[11.137037811957834,53.43802956379194],[11.138574866240102,53.437181956617195],[11.139521740855354,53.43684724980655],[11.146170156104347,53.43574619142991],[11.149729387261742,53.43573399433776],[11.15103975617359,53.43652223973881],[11.151051088420909,53.43682840612848],[11.15290270666457,53.43675237097574],[11.152942964664064,53.43708771587474]]],[[[11.11802668744391,53.43651150700767],[11.11814978718058,53.43650651791357],[11.118242230111534,53.43722592392869],[11.118155383684797,53.43732401942697],[11.11802668744391,53.43651150700767]]],[[[11.128860250295986,53.43367620669411],[11.12941094361635,53.433526317587884],[11.129562914307938,53.43372483417622],[11.129011126839544,53.43387547075198],[11.128860250295986,53.43367620669411]]],[[[11.153328361683927,53.43703388112869],[11.153230586353436,53.436704797429385],[11.153000057990264,53.43592877814137],[11.153868940872536,53.436051341285726],[11.154117975428882,53.43694787147048],[11.153328361683927,53.43703388112869]]],[[[11.144039157315722,53.4327160536576],[11.145389763565799,53.43195779639243],[11.147169786979612,53.43190678687095],[11.146820539065084,53.43222809177968],[11.147205483334078,53.43297040112914],[11.146885501633193,53.43349593992654],[11.146393866254549,53.43350475748894],[11.145320015672185,53.432968342815926],[11.144039157315722,53.4327160536576]]],[[[11.162693679407846,53.44012128331926],[11.160236657748055,53.44007760367328],[11.160080208954769,53.44028322295432],[11.159467354911676,53.4402788373504],[11.157770166946825,53.44005962613887],[11.15351004505185,53.44002693779605],[11.151839559508822,53.440254025182966],[11.152228207531715,53.44066623115327],[11.15186432156965,53.4407664440659],[11.153308868242243,53.44226682865491],[11.154177867905505,53.44386769758702],[11.154172177078191,53.44367010853375],[11.157524689718986,53.44179260364706],[11.158066790653677,53.442146500221355],[11.158771374365395,53.44190187853082],[11.159819163923062,53.442298242354006],[11.160739552610488,53.44179754503422],[11.160832975603409,53.44172406090297],[11.160733922868577,53.44162745557652],[11.16293784958694,53.44036292946107],[11.162693679407846,53.44012128331926]]],[[[11.153129869040415,53.43718900534627],[11.15251252252257,53.43725047137016],[11.152515354910655,53.43780071948357],[11.151498806961948,53.43789037051865],[11.151229757042737,53.43946788024819],[11.151486506330757,53.43974323430814],[11.157912013625157,53.439772462395936],[11.16266868648003,53.43997171820311],[11.162999429998012,53.43952943233743],[11.163179667078305,53.439578215257235],[11.163711957511795,53.439394638769656],[11.163659884869707,53.43916649637904],[11.162658448380709,53.43911999307063],[11.161094379062925,53.439675797516905],[11.160557394033768,53.43957681650682],[11.16047686635675,53.43940257058488],[11.159005115104057,53.43943430585726],[11.158979074740591,53.439278966698176],[11.15864070632248,53.43926332187755],[11.157865441367564,53.439275509930155],[11.157656449214976,53.43933465540626],[11.157649899598239,53.439456653827534],[11.156936580668711,53.43951761304182],[11.156932252585662,53.43962318821598],[11.155832623049589,53.43964585233029],[11.155650664797188,53.43861015443981],[11.153605918648884,53.43864862949661],[11.153129869040415,53.43718900534627]]]]}},{"type":"Feature","properties":{"OBJECTID":13,"we_nr":"0552","lgbez":"StOÜbPl Parow","typ":"9","plz":"18445","ort":"Kramerhof","strasse":"Pappelallee","nr":"24","bl":"MV"},"geometry":{"type":"Polygon","coordinates":[[[13.067130981615875,54.377673948400044],[13.064418024541668,54.378034625805086],[13.063051757062928,54.38037924991244],[13.066766832447394,54.38113472961739],[13.06719330942523,54.38125651043407],[13.067150095968485,54.38143350488585],[13.068227696118834,54.38171344986868],[13.068768353460857,54.3820107649726],[13.069668442917804,54.382211136052234],[13.070474510205496,54.38257428890971],[13.072426220534762,54.38313586738146],[13.072834953090796,54.383088261688656],[13.073484700044324,54.382688529994546],[13.07515770985326,54.382261790669695],[13.075181543056088,54.38208029644241],[13.075636772411194,54.3820714738985],[13.07578029714247,54.381751552862724],[13.076324836104853,54.38150250893609],[13.076637128226915,54.38155675438681],[13.079182965420546,54.380759865304455],[13.079604085744323,54.38076588286529],[13.080733705536165,54.38028064814063],[13.081593511840797,54.379676505823475],[13.08197066502133,54.37960674949569],[13.082042443107484,54.37942570184526],[13.081846840344236,54.379449640498024],[13.081903982179446,54.3793460070371],[13.082136751839277,54.379048423066955],[13.08233645271685,54.3790785722843],[13.082415090338541,54.37902610347593],[13.082321132848016,54.3789299030744],[13.08282235774231,54.378719100612294],[13.08272967226624,54.37857809293263],[13.083020839606057,54.37807955172549],[13.083722001634863,54.37783890505592],[13.083773353828079,54.377726873086274],[13.083607978475834,54.377667373685625],[13.083673683950675,54.3775800820347],[13.084035802926582,54.3775886271932],[13.084865149156562,54.37703319185289],[13.084849321739568,54.37687506789121],[13.08529584462297,54.376667945200246],[13.085381244762111,54.3763380390824],[13.08521697613429,54.37627965686283],[13.08616658522124,54.3751627144022],[13.08308870463082,54.37432939815035],[13.082418176051538,54.37704405029227],[13.081604191012927,54.37695957121282],[13.082065818169495,54.37481670988799],[13.08157578269038,54.374782556760756],[13.081734980328417,54.37407877028522],[13.082096420177955,54.373657663887364],[13.08339388838405,54.37316017017179],[13.08356251743425,54.372601141214346],[13.083245278289937,54.37217756493398],[13.082738337415478,54.37199839974976],[13.081846954430267,54.3720523898371],[13.080876833212091,54.37244221840069],[13.079525159763463,54.37321311899135],[13.075807248397625,54.37215361419143],[13.074725231231014,54.37159920214086],[13.074490931740293,54.371710581543226],[13.075532447463996,54.372181924940925],[13.078627814659717,54.37315626342236],[13.07537990274893,54.37217503328306],[13.07440515161378,54.37171936654384],[13.074179697833644,54.37194786485902],[13.072273855482782,54.37133452021568],[13.072734512458851,54.37203847879487],[13.072580089366552,54.37354327731731],[13.072703617599604,54.373804816934076],[13.072486714882642,54.37393680741164],[13.071923352621809,54.374850276946205],[13.070994741654616,54.37546818250531],[13.070649990706393,54.376094328607024],[13.069509902846539,54.37741701210879],[13.06893878812479,54.37725930663161],[13.068253341223574,54.377339720207644],[13.067913273192922,54.37722145532241],[13.066591660068669,54.376243063025264],[13.066293383461689,54.376151262255355],[13.066589688266609,54.3769294131141],[13.067130981615875,54.377673948400044]]]}},{"type":"Feature","properties":{"OBJECTID":14,"we_nr":"0579","lgbez":"StOÜbPl Neubrandenburg","typ":"9","plz":"17094","ort":"Burg Stargard","strasse":"Kreuzbruchhof","nr":"10","bl":"MV"},"geometry":{"type":"Polygon","coordinates":[[[13.361811808583402,53.517993729396665],[13.361287513155949,53.51738091416429],[13.36024855403755,53.51645855163296],[13.359883604470156,53.51590861431961],[13.359303109540212,53.51482605256895],[13.359412253050639,53.51309378299442],[13.359210970239843,53.51255897112588],[13.359258668984797,53.512284666084184],[13.357842243173849,53.51095220116635],[13.356108520726407,53.51158444821416],[13.35304350940074,53.51434158611724],[13.354254249757684,53.515861768265225],[13.353601562618257,53.51633906209874],[13.352980049714109,53.516223845299],[13.353062901332784,53.51570081387799],[13.35264025117805,53.51558486517064],[13.351635016612057,53.515593877212844],[13.350172375174663,53.51592280529241],[13.348727130511094,53.51539499917831],[13.34797044630951,53.51585726921663],[13.348315371530871,53.51609287439476],[13.347008853696646,53.51699494924057],[13.346426549559714,53.5171984960006],[13.34568405784131,53.51686336914575],[13.344284477238569,53.51669841901353],[13.344218714271546,53.51677926133398],[13.343013554249138,53.516431018776125],[13.340399303160083,53.51545142882096],[13.339018552144003,53.51579501318912],[13.33712662829017,53.51633036054605],[13.337501885127095,53.51779111207679],[13.337719551412057,53.51783748704641],[13.337639730709155,53.517981930335814],[13.337356400271885,53.51798338311971],[13.337040244495807,53.5182979780302],[13.337674790158081,53.51856043242863],[13.33791839799179,53.518993512012806],[13.337104723770276,53.51983857637096],[13.33430670612013,53.51884432294745],[13.33367273897292,53.519516433890864],[13.333239754599141,53.519418530902556],[13.332915404391038,53.51963229653268],[13.329859941258555,53.52276719126459],[13.331525828325638,53.523812877199894],[13.333405007780549,53.52479103329796],[13.336253878160592,53.52671156958801],[13.339876630090018,53.5281766659901],[13.340827369257651,53.528795216417784],[13.341083857135915,53.52877671469949],[13.341497731648603,53.529334139426986],[13.342249774255116,53.529974003611635],[13.346081220994758,53.529210499879746],[13.349517535671826,53.52835311343474],[13.350601722269825,53.52826921692808],[13.350387172240595,53.53340438343338],[13.357325432509343,53.5330002605655],[13.361579433283966,53.53312822501967],[13.361486048918618,53.5326893179683],[13.362801435819655,53.53106728441688],[13.363298877908306,53.53062771259179],[13.364302479337107,53.528942656385645],[13.365926941493166,53.52817873998088],[13.366558391560975,53.52756330493083],[13.366330069460142,53.52730989342758],[13.366487402195638,53.527388168353],[13.367567687410379,53.52689025151604],[13.367857824382591,53.52728218179236],[13.367070264186367,53.52760967294162],[13.36766382151884,53.52804631781643],[13.369380334042088,53.52668956444074],[13.369450774536762,53.52596342020725],[13.368338868624024,53.52593897210308],[13.36756085841761,53.52545165343224],[13.367365502691065,53.524050286969526],[13.367414612689323,53.52353511018715],[13.367715841160333,53.523198154680124],[13.367579421204635,53.522646616702566],[13.367664662341957,53.52232078013993],[13.367387644366191,53.52197697898848],[13.367594104167962,53.519741882771775],[13.364307813533273,53.519911688194384],[13.364585243835773,53.51954914383305],[13.364081358131575,53.51892420620299],[13.364197041377274,53.51840264112313],[13.36383800901266,53.51785167470262],[13.363867983997078,53.51732429801277],[13.361811808583402,53.517993729396665]]]}},{"type":"Feature","properties":{"OBJECTID":15,"we_nr":"0604","lgbez":"StOÜbPl Viereck/Stallberg","typ":"9","plz":"17309","ort":"Viereck","strasse":"Pasewalker Chaussee","bl":"MV"},"geometry":{"type":"MultiPolygon","coordinates":[[[[14.043585585751543,53.58300956810092],[14.046715807580316,53.5876474251935],[14.048034370924189,53.588967220030376],[14.047969430813975,53.58912142115464],[14.045543841205962,53.59041331942464],[14.053620302872458,53.59188637275745],[14.059137073526985,53.592738373504],[14.060405113822661,53.59332410558781],[14.067572480421507,53.58731626266145],[14.069960468348345,53.582904728166525],[14.070142616145267,53.58215368340873],[14.070010657223287,53.58158939552724],[14.0695893033375,53.58095081116695],[14.064586942150735,53.575731793723186],[14.056963720969335,53.57830042697478],[14.054097151083212,53.57536377833441],[14.053983153975333,53.57483338507701],[14.05362922134661,53.574884025015265],[14.052599362162011,53.57382612048021],[14.05345474785716,53.57352924509111],[14.052762392911397,53.57281323630919],[14.059553174064979,53.5705615880175],[14.059397495127904,53.5704023836917],[14.058834627838776,53.57059279208684],[14.058591278719861,53.57034500302887],[14.059149782891621,53.5701496270627],[14.058761248954793,53.56984485735996],[14.057476137973769,53.570296553876446],[14.057679755505989,53.570508768029455],[14.056326452513426,53.57099401904868],[14.055465805385678,53.57010434320524],[14.055331674337317,53.57015670546166],[14.055137662490427,53.569953838898975],[14.057362882874292,53.56920319193371],[14.057805474729994,53.56966291214195],[14.058455952013862,53.56938195275182],[14.05874924027606,53.569660786837176],[14.055679853256665,53.56656867480579],[14.05448500140215,53.565741540454255],[14.045391694444575,53.56127704843854],[14.035461234897243,53.55584345978282],[14.034211072872367,53.55622786152923],[14.033391149969704,53.56346585160093],[14.032506784623521,53.56980725390806],[14.03443932220967,53.570438925581925],[14.034189562712866,53.57223756468964],[14.032527070379247,53.57222507394847],[14.032688798571444,53.57456060236446],[14.033012752622525,53.57588497264198],[14.03340599103652,53.57647704279646],[14.034213338423513,53.57730753378795],[14.035925304573084,53.57870052211034],[14.040646799401413,53.58059617319542],[14.043585585751543,53.58300956810092]]],[[[14.063379334219169,53.57622021387227],[14.063808526804099,53.57607097730701],[14.063894638408943,53.576156102405484],[14.063873672628516,53.57634904722929],[14.063597538594959,53.57644809177592],[14.063379334219169,53.57622021387227]]],[[[14.040211370711768,53.58008744965592],[14.040721173618747,53.579841735963264],[14.041489846736129,53.5803297481042],[14.040890262606393,53.580543355075605],[14.040211370711768,53.58008744965592]]],[[[14.045570838275202,53.58433045060282],[14.045789769388078,53.583896629714395],[14.04622058253377,53.583973612410574],[14.046014653636318,53.58440974851782],[14.045570838275202,53.58433045060282]]],[[[14.029103875596956,53.55402137521057],[14.02721708561497,53.55399440309395],[14.020069446918082,53.55559307194232],[14.012063143675272,53.55704994872055],[14.011633106674005,53.555102816871624],[14.0108330059964,53.55507924048745],[14.00930066607273,53.554723654937604],[14.008209800500577,53.55577090839743],[14.00850561392705,53.55583521406425],[14.006831555784167,53.55917252559944],[14.00582067530658,53.56038617838782],[14.005128825214022,53.56026129449775],[14.005053284085127,53.56072999002299],[14.002776642337766,53.56167607000608],[14.003246517825286,53.56272068478917],[14.005078261741623,53.563490577887684],[14.005246801858611,53.56333065440744],[14.006890120550812,53.56369860966485],[14.007027994878944,53.56390458685164],[14.007429996358526,53.56407646618259],[14.008741470198206,53.56416085408261],[14.008885426120822,53.56423443466237],[14.00866188215895,53.5644721198734],[14.010553729655998,53.5654573699391],[14.010429739688904,53.565703505478744],[14.01064532008574,53.56600679680516],[14.010755626914444,53.566633637335244],[14.00994984708762,53.567586093279175],[14.009855976733677,53.568017541657184],[14.009473113861226,53.56801011186975],[14.007597533955687,53.56926282750235],[14.007818786315227,53.569896560051276],[14.008832615063552,53.57075461918456],[14.013913436903913,53.57077175560842],[14.0151410530118,53.57034309113898],[14.01635729375324,53.5700924455689],[14.017389742780768,53.56968537186987],[14.017584451720305,53.5691916071883],[14.017427423513691,53.56886372172959],[14.01745672655825,53.568636073953016],[14.018194798565466,53.56750175062413],[14.021305872803936,53.56694217210988],[14.021454198132103,53.56696773661758],[14.018212026456002,53.56754678332881],[14.017531019028912,53.568632909924695],[14.01765716046112,53.569191063053026],[14.017445784179769,53.56971850664166],[14.016384787590809,53.57013952237801],[14.014214015892954,53.57070808290836],[14.016431774870094,53.570624683214064],[14.01676045585617,53.570286109951354],[14.01723628986897,53.57022837385111],[14.01819637870206,53.57043691820865],[14.018931401827196,53.57027712981673],[14.020194771781695,53.56960079121023],[14.020293657429866,53.569328202529114],[14.02158859059022,53.56854039333274],[14.02322228203749,53.56866328373337],[14.023684973697687,53.5689363434859],[14.024151979966208,53.56899792552368],[14.024641691153501,53.56888330221174],[14.02481802505391,53.56914043870216],[14.025113054251149,53.569065359611315],[14.025252157474611,53.5688154223858],[14.024528446833823,53.56869054524301],[14.024013728345627,53.567997963441584],[14.025351814775588,53.56752196978735],[14.026231052538137,53.56741757691671],[14.027156929033632,53.56652560433819],[14.028989130192429,53.5673805453404],[14.030106496065462,53.56767091910361],[14.03136331281,53.568735821011906],[14.031495999367364,53.569470159260135],[14.032362163947587,53.56975688742196],[14.03246508392969,53.56863397633725],[14.031614709935548,53.568435621540935],[14.031143446550914,53.56821328383727],[14.030194161755752,53.56756760104232],[14.027967811291271,53.566419358293416],[14.026319137741673,53.56606244572716],[14.025109406192769,53.56610990581097],[14.022188078600198,53.5665328844731],[14.02138729340637,53.566900868957724],[14.022148850070042,53.56649228354075],[14.025129324537579,53.56606257110096],[14.026330386445661,53.56601772727757],[14.028016180179426,53.56638491865989],[14.030241636820193,53.56753059147036],[14.031200365603944,53.5681852858194],[14.03247120145679,53.5685889191835],[14.03347925044459,53.56163661903803],[14.034084146312596,53.55620789631094],[14.034199933762823,53.556180705198905],[14.034115917029245,53.555825061134236],[14.032838354591565,53.55592042045651],[14.032807852296086,53.55480215401926],[14.031838883616418,53.55432378652341],[14.03144970918076,53.55391522423362],[14.03127192360288,53.55349260662849],[14.029103875596956,53.55402137521057]]],[[[14.032796187672107,53.57549921495839],[14.028882273792744,53.57652166591358],[14.029051926922369,53.57677158692796],[14.032888653060953,53.575878908626926],[14.032796187672107,53.57549921495839]]],[[[14.060744921341856,53.56711637525937],[14.063986395027014,53.56108591726682],[14.067953613138718,53.561901729327005],[14.06705544158491,53.557274162606305],[14.067305127419852,53.55714764946554],[14.066773265482775,53.554426315645294],[14.062078874623205,53.553456109866566],[14.06043262562654,53.55327158057378],[14.054301002177413,53.55379469085112],[14.04919108839658,53.554477186011404],[14.04750179841971,53.55775275608041],[14.042272766235577,53.55665932811823],[14.041197325635151,53.55866471445523],[14.046492247448763,53.5616401175991],[14.054880599690387,53.56570672414423],[14.055808982485518,53.566285491492785],[14.057594866508262,53.56817259702754],[14.05970223421504,53.567315503401296],[14.059951263381503,53.567577024012486],[14.061606787483433,53.56706516371684],[14.060744921341856,53.56711637525937]]]]}},{"type":"Feature","properties":{"OBJECTID":16,"we_nr":"0613","lgbez":"StOÜbPl Hannover (Nord)","typ":"9","plz":"30657","ort":"Hannover","strasse":"An der L 382/BAB A 2","bl":"NI"},"geometry":{"type":"Polygon","coordinates":[[[9.769927065792054,52.42911355228861],[9.767543583814692,52.42967959845312],[9.764005945461799,52.43117392888347],[9.764500220090751,52.431596803677564],[9.763873032528968,52.43187882475566],[9.763394920388599,52.431481187390624],[9.762116017664516,52.43203217522901],[9.760582220673456,52.432852417332334],[9.759433156847303,52.43369784257197],[9.760166270154143,52.4344225042015],[9.760637617082105,52.43406996765911],[9.760899549649311,52.434328719681474],[9.760414404598597,52.43469150492618],[9.761415116147136,52.43578001799176],[9.761646775489252,52.436439786150075],[9.762283463633505,52.43750161460613],[9.762456430648221,52.43815097066359],[9.766199193906363,52.43955693507244],[9.766292230623733,52.4394781419614],[9.766448291344808,52.439785198552066],[9.767385109320452,52.44067637454252],[9.76758672989779,52.441208615649906],[9.768464995683212,52.4425770991051],[9.768712369254592,52.44421849402007],[9.7706257906915,52.44476842353691],[9.777828601218198,52.44237764001104],[9.781790869612694,52.440740390264104],[9.787636559306863,52.43969859529627],[9.787591657017373,52.43952847954137],[9.789748202994389,52.439082697369514],[9.787063487156104,52.434938063292684],[9.78745769575063,52.4326455378294],[9.791003348872461,52.43221885670748],[9.791114508202376,52.432514790832315],[9.792222813667484,52.43229863825572],[9.79287662729427,52.43233216085651],[9.792556176672834,52.43158026501884],[9.792177023842497,52.431582446001386],[9.792174299252233,52.431405872601566],[9.792433306006558,52.4313534488141],[9.79211946069738,52.43070007090221],[9.78703067439372,52.42974642194731],[9.782871317422508,52.42887982619879],[9.782581356520094,52.428720599494504],[9.779820079965106,52.42827523601522],[9.778595039327133,52.4282904021541],[9.777267508101767,52.428904673498906],[9.776427949823649,52.4291119627442],[9.77528586770387,52.42903912572533],[9.774200086596222,52.42848760530443],[9.77249731111029,52.4288422865538],[9.769927065792054,52.42911355228861]]]}},{"type":"Feature","properties":{"OBJECTID":17,"we_nr":"0679","lgbez":"StOÜbPl Bückeburg/Röcke","typ":"9","plz":"31675","ort":"Bückeburg","strasse":"Schmiedeweg","bl":"NI"},"geometry":{"type":"MultiPolygon","coordinates":[[[[8.999723947713177,52.25352545746585],[8.997804344070476,52.254433080308424],[8.998175238688397,52.255328637413875],[8.997001994909734,52.25593029771762],[8.996382602927966,52.25676851611321],[8.9938136359124,52.25899986679686],[8.993580721623802,52.2593297452163],[8.993747344735983,52.25917084587099],[8.993874936049075,52.25921665938625],[8.993718814242564,52.25972110253892],[8.9938904652254,52.26018533032892],[8.994080723911015,52.26024031738034],[8.993910691692317,52.260238879006266],[8.993951276678555,52.26034684875646],[8.997357101636531,52.25987661508734],[9.000697921805603,52.2595826423517],[9.006751185212476,52.25928293109261],[9.01101834810267,52.259494831964396],[9.016780332778652,52.260547352548464],[9.018760677805934,52.260688125614564],[9.019497054692195,52.26097144250218],[9.021698787724649,52.260690193531296],[9.023644650919705,52.259375085148335],[9.027947230788302,52.257399637753835],[9.027489810442177,52.25572358950269],[9.027946811275056,52.25565993657172],[9.026021438651595,52.25048128769779],[9.027240669884605,52.25012787986809],[9.026257706351123,52.248558042277466],[9.025138386642336,52.2487758489205],[9.024718923710271,52.248104889431296],[9.015506693283799,52.24989559267568],[9.015739629131959,52.25039124845424],[9.015144719834955,52.250452857600884],[9.014150838177514,52.249160639729865],[9.015100615249455,52.25045736781055],[9.008614792371933,52.251128715733515],[9.007981543876936,52.24932066553472],[9.007830256803269,52.249307405694296],[9.008457799199604,52.25111002677372],[9.008381815201306,52.251181237591375],[9.002291834953764,52.25189520267939],[9.002147036411436,52.25202501982829],[9.002134566896958,52.251940059115334],[9.000335190178642,52.2529324127062],[8.999723947713177,52.25352545746585]],[[8.998216902551281,52.25533803297146],[8.997952849959992,52.25440147206729],[8.998418353347036,52.255383464967956],[8.998216902551281,52.25533803297146]]],[[[9.015161405143045,52.250540351516385],[9.015752499295044,52.25041723842275],[9.015796770967203,52.250511336852234],[9.015722683312443,52.25048272968807],[9.015161405143045,52.250540351516385]]],[[[8.993589383179783,52.26093824661716],[8.993303791682921,52.2608235560863],[8.98815670022574,52.26166825564511],[8.98438004263361,52.262466627577574],[8.982461745141322,52.26300963928566],[8.983718015710126,52.26291724372139],[8.98434664506795,52.262522256726136],[8.98504543195116,52.26248143999498],[8.985480960353787,52.262700774365065],[8.986135515090712,52.26270040324555],[8.987957177214591,52.262443913838396],[8.988219657754128,52.26300553500722],[8.990470858314318,52.263015412215196],[8.990452757261336,52.26352039219283],[8.98921062797174,52.26383466686207],[8.989238279912799,52.26394817525113],[8.992667543713178,52.26317183412769],[8.993701032091517,52.26309567180188],[8.994342555866913,52.263179541235125],[8.994317706669532,52.26259098223431],[8.994588935901602,52.26128041458777],[8.994253412448,52.261228819596425],[8.994118975074127,52.261045387724515],[8.994190019236685,52.26084929801752],[8.993589383179783,52.26093824661716]]],[[[8.989399601168175,52.26090383448555],[8.98901566480896,52.26096035026836],[8.98868438230182,52.26085732333011],[8.988544033115051,52.26108109348859],[8.988361016647236,52.2610231763495],[8.988201545921346,52.26069169677087],[8.98801704992828,52.260692909699316],[8.987891607385347,52.26093899548359],[8.9875721916231,52.260800840405814],[8.987213856351167,52.2610394385938],[8.98694298824183,52.260985187103365],[8.986491509353009,52.26116158475408],[8.986052359841482,52.26102578528079],[8.985567348639735,52.261310691751454],[8.984824075387024,52.26098696524691],[8.98473936425572,52.26079927668865],[8.984216478284948,52.260857898451796],[8.98417937337213,52.26116503765971],[8.98346721506592,52.26124391338779],[8.98312722788367,52.26121254202648],[8.982489257843529,52.26090045853566],[8.981718417091386,52.261488324656405],[8.98076235360909,52.261391461360354],[8.98036229608376,52.26118964730222],[8.979785313566602,52.26139041669684],[8.979653225287208,52.261326318294095],[8.97862204737577,52.26153985061814],[8.978324309757982,52.26179502954039],[8.978635376577971,52.26215843074663],[8.980282263378477,52.26205715060402],[8.981422877651061,52.261820515242455],[8.98228907277402,52.26217984817266],[8.981976691718744,52.26249192595851],[8.982039872029343,52.262747879027074],[8.985005900688751,52.26195552329618],[8.989182938301404,52.26110791897823],[8.989445297568366,52.261040306221254],[8.989399601168175,52.26090383448555]]],[[[9.010603433340878,52.26003768377076],[9.011141660740051,52.2610396860161],[9.011388171928782,52.261127284410556],[9.01108495548603,52.25991433421144],[9.010603433340878,52.26003768377076]]],[[[8.992808525313906,52.26031126281536],[8.992130864111237,52.260596894707334],[8.993047851776986,52.2604563583303],[8.992808525313906,52.26031126281536]]],[[[8.997884528591069,52.2542982594193],[8.997935666985242,52.25437552512638],[8.998721296701904,52.25403116141449],[8.998645223770392,52.25396499899234],[8.997884528591069,52.2542982594193]]],[[[8.993238079919864,52.26042835470034],[8.993417769027863,52.260421990361465],[8.993428464369641,52.26042163131923],[8.993283140312842,52.260285802638],[8.993238079919864,52.26042835470034]]]]}},{"type":"Feature","properties":{"OBJECTID":18,"we_nr":"0722","lgbez":"StOÜbPl Langendamm","typ":"9","plz":"31582","ort":"Nienburg (Weser)","strasse":"Führser Mühlweg","bl":"NI"},"geometry":{"type":"Polygon","coordinates":[[[9.290048585152583,52.625345272567756],[9.294360012528395,52.62347555468279],[9.29706633823916,52.621871656393566],[9.307245432592564,52.61450091848284],[9.308160028044709,52.613726513188666],[9.307288204976501,52.61307051693686],[9.306260737107213,52.61267814578303],[9.305107259858051,52.61316056172803],[9.304249425355449,52.61372398123748],[9.30331537868245,52.613666259582985],[9.302790164278498,52.613462809848365],[9.300222971435598,52.61361538701087],[9.298039175064428,52.613246025099635],[9.297126559499187,52.613264239307775],[9.295574434181377,52.613039064516045],[9.294924983671894,52.613123921582705],[9.293762305877594,52.61263821012493],[9.291315703776773,52.61119946086211],[9.288577576806654,52.61172832289131],[9.28835162266487,52.61167109389237],[9.28897782657143,52.61305006247501],[9.285312607685244,52.61353670425925],[9.284462048638135,52.61182853687006],[9.28292405112481,52.60811057182586],[9.28299421134516,52.60802584360428],[9.276493280601183,52.612196316895805],[9.279489813352734,52.61390811894289],[9.278734665270257,52.61439874105226],[9.276866361718506,52.614044392444264],[9.275991020847666,52.614134177785395],[9.275202098805474,52.61463476296366],[9.275079083510434,52.614865912914695],[9.27555949533794,52.614980453027634],[9.27568827961371,52.61475332569137],[9.276450643862841,52.614904910584215],[9.276281474026822,52.61520813497429],[9.274522609531214,52.61483643951345],[9.27340468580438,52.615583346880655],[9.274258882130072,52.61587901472615],[9.274415751334901,52.61564209630646],[9.27608324908128,52.61597618451069],[9.275510744665786,52.616592913116634],[9.272279538724321,52.61599093037494],[9.271511165644272,52.616494796779136],[9.270353574111105,52.61622435353742],[9.26579321907847,52.61927051004555],[9.269416876509705,52.625367248667864],[9.270803595034204,52.63028442581601],[9.279865217513384,52.62822546486401],[9.279839744885185,52.62813944566477],[9.286432113345297,52.626584033186965],[9.290048585152583,52.625345272567756]]]}},{"type":"Feature","properties":{"OBJECTID":19,"we_nr":"0723","lgbez":"StOÜbPl Rehburg-Loccum","typ":"9","plz":"31547","ort":"Rehburg-Loccum","strasse":"Heide","bl":"NI"},"geometry":{"type":"MultiPolygon","coordinates":[[[[9.122323903072674,52.450787233671846],[9.119537137719805,52.44969335917126],[9.113309138515397,52.449665578119415],[9.113328355275943,52.45023877043649],[9.11298161725434,52.4504447455828],[9.110147066019898,52.45041971990524],[9.110178065982039,52.44965159807302],[9.098589579626358,52.44959889323075],[9.100867708085515,52.45324475651142],[9.12232399739577,52.453338779964966],[9.122323903072674,52.450787233671846]]],[[[9.109446107010337,52.44934097162992],[9.112366819256927,52.449361967304014],[9.112319230106454,52.448510273686026],[9.110256112512241,52.448426474908395],[9.110241063036296,52.449252704171286],[9.109447847945345,52.44925366556495],[9.109446107010337,52.44934097162992]]],[[[9.101208655566825,52.44954793590403],[9.103916776111493,52.449559360862104],[9.103923892565199,52.44915059375077],[9.102084513867261,52.449153040492384],[9.101208655566825,52.44954793590403]]],[[[9.10696233172472,52.449572127159705],[9.109441217480235,52.44958247301542],[9.109446107010337,52.44934097162992],[9.10696474729455,52.44933007056286],[9.10696233172472,52.449572127159705]]],[[[9.113280767922062,52.44895384495168],[9.113330881338515,52.44927365335081],[9.113205361540496,52.449368539913166],[9.11458900872502,52.449368771501135],[9.114597195970532,52.44894035906697],[9.113280767922062,52.44895384495168]]],[[[9.118975580174377,52.44926904512345],[9.11811190302915,52.44918945635672],[9.118104171229499,52.449494809919706],[9.11895080913041,52.44950115365919],[9.119031282908502,52.449621856994554],[9.119061681897717,52.44911384935886],[9.118975580174377,52.44926904512345]]]]}},{"type":"Feature","properties":{"OBJECTID":20,"we_nr":"0748","lgbez":"StOÜbPl Luttmersen","typ":"9","plz":"31535","ort":"Neustadt am Rübenberge","strasse":"N.N.","bl":"NI"},"geometry":{"type":"MultiPolygon","coordinates":[[[[9.592677773128761,52.54465411789247],[9.593227198027957,52.54279723470675],[9.587429070534851,52.54240401940355],[9.587555354799164,52.542503607437105],[9.58770160951062,52.54354646963558],[9.587570440207758,52.54401880315288],[9.585733131228231,52.54510572112617],[9.584528243395377,52.54546354571376],[9.584202256456795,52.54596344832977],[9.583599446476885,52.54586749277327],[9.583948124859518,52.5449167631795],[9.585631706042767,52.54316236988253],[9.585918644114214,52.541138916752885],[9.58840084555145,52.53649140924045],[9.588251571602347,52.53643221270176],[9.585800871387198,52.54099029786832],[9.585444996600819,52.54319694389841],[9.583773191432655,52.54489034078586],[9.583409984596928,52.5459045404382],[9.57926379513114,52.5453028923671],[9.574257883802346,52.548583239133144],[9.574629492580927,52.548755721055535],[9.573605655702004,52.549429505356116],[9.576252082647935,52.55066987452082],[9.574630840952171,52.55155637865451],[9.574465578787626,52.551479307201085],[9.573650846350695,52.552234598330465],[9.571432080362142,52.552354811283024],[9.570472899725818,52.55374351831024],[9.571103674260543,52.55397544567205],[9.567551719456974,52.55759210323359],[9.567748956255707,52.557751345151324],[9.560665924394078,52.55835575203383],[9.561383422286337,52.56163511061927],[9.561507847038024,52.5616402564507],[9.561382765617859,52.56167848237408],[9.561492276539234,52.56180030171872],[9.565281360526683,52.56190657137977],[9.569213799463858,52.56513458275826],[9.567690523541437,52.565661997001406],[9.569400437040573,52.56795260933584],[9.570641903373508,52.56933653661205],[9.571415336663575,52.56876860885755],[9.572686375535664,52.569929801303765],[9.572924053590201,52.56993940361931],[9.575217448917597,52.571284475226165],[9.578871578999943,52.56937804218051],[9.580076006895382,52.570093054577654],[9.581908880892337,52.56971730278401],[9.582772220270988,52.57111097462091],[9.583228751284954,52.57225121113968],[9.583781431678764,52.57478840861071],[9.583999517476938,52.57489394801704],[9.583345596950597,52.571918465481644],[9.583475683783558,52.57190975133824],[9.583778835547587,52.570405364824545],[9.587720586420973,52.56957083196786],[9.5879597026783,52.568658550164386],[9.588974351588472,52.568317372520966],[9.590367572118998,52.56744514419575],[9.59327966323381,52.56527836764064],[9.59539691869694,52.56317437646854],[9.594485349668984,52.56211095412405],[9.593892815517606,52.56000196208033],[9.594304985926232,52.55824441710775],[9.594362348746996,52.55525229683083],[9.595598467409044,52.55235491451634],[9.595266216518034,52.55086161694439],[9.595434267951498,52.54996867010156],[9.592950441461946,52.54684769472153],[9.592677773128761,52.54465411789247]]],[[[9.56474207131884,52.54695293809694],[9.565143880558974,52.54742779969398],[9.565481612969874,52.54714479290457],[9.565126926654619,52.547129728875156],[9.56474207131884,52.54695293809694]]],[[[9.563130121796384,52.54565193534838],[9.56331114849583,52.54589819748161],[9.563421169660254,52.545523554431895],[9.563130121796384,52.54565193534838]]],[[[9.564537705490004,52.54682644017898],[9.56474207131884,52.54695293809694],[9.564583183599565,52.54675850893561],[9.564537705490004,52.54682644017898]]],[[[9.56331114849583,52.54589819748161],[9.563509757920329,52.54613654528628],[9.563450568824567,52.54600327706243],[9.56331114849583,52.54589819748161]]]]}},{"type":"Feature","properties":{"OBJECTID":21,"we_nr":"0752","lgbez":"StOÜbPl Luttmersen - Materialaußenlager","typ":"7","plz":"31535","ort":"Neustadt am Rübenberge","strasse":"N.N.","bl":"NI"},"geometry":{"type":"Polygon","coordinates":[[[9.57926379513114,52.5453028923671],[9.583409984596928,52.5459045404382],[9.583773191432655,52.54489034078586],[9.585444996600819,52.54319694389841],[9.585800871387198,52.54099029786832],[9.588251571602347,52.53643221270176],[9.586646273206238,52.535795065410476],[9.58179065451609,52.53698287217317],[9.582152760017273,52.53753339032579],[9.585435242693464,52.53801243042186],[9.58596775051922,52.53843169064546],[9.584880016474147,52.54045504018199],[9.583631770555781,52.54076763357903],[9.582970938391638,52.54251935815295],[9.58089038809105,52.54212955550406],[9.580242021848129,52.54364661177392],[9.57926379513114,52.5453028923671]]]}},{"type":"Feature","properties":{"OBJECTID":22,"we_nr":"0762","lgbez":"StOÜbPl Oldenburg","typ":"9","plz":"26209","ort":"Hatten","strasse":"Sandkruger Str.","bl":"NI"},"geometry":{"type":"MultiPolygon","coordinates":[[[[8.226940870832845,53.07998197715696],[8.225615604260296,53.08162121522903],[8.22856437358817,53.08248747618707],[8.22732851543758,53.084117081490035],[8.227946563539659,53.08453282193257],[8.232785789772503,53.0868631776099],[8.236489526621474,53.08649119556711],[8.239120327373024,53.08725342750541],[8.241512747587473,53.08432647351158],[8.242280790985822,53.08454585609531],[8.24341504608452,53.08315574096735],[8.244288761903011,53.0833993256767],[8.24516667644717,53.07805407127108],[8.24430393265156,53.07771836582518],[8.244826974030868,53.07714032392061],[8.245154646208873,53.0761371038847],[8.242150032213031,53.0741886379483],[8.241225317239216,53.07245824620308],[8.242200485192686,53.0717443174544],[8.23986055264195,53.069420627439094],[8.239458116377774,53.06904334486168],[8.237188505744133,53.067719435730844],[8.236801601351205,53.06760799224287],[8.236429896452902,53.067232245106574],[8.234412838178274,53.0658552190589],[8.234592813848845,53.065800839569356],[8.23451772726748,53.06568578473474],[8.227734101195148,53.065895313369225],[8.226507052822528,53.065722996150654],[8.226539547581305,53.066516580671475],[8.225714169209938,53.07006223048938],[8.225763590025293,53.07051895122754],[8.22681341696201,53.0726332690256],[8.227037515184392,53.07917547977698],[8.226940870832845,53.07998197715696]],[[8.226715518562315,53.0802753430519],[8.226940870832845,53.07998197715696],[8.228057715683029,53.08024873683879],[8.227902104119604,53.0804719261196],[8.226715518562315,53.0802753430519]]],[[[8.233883907443962,53.090691884391134],[8.234815608615738,53.08997619981129],[8.236006392898659,53.09040555642031],[8.237517199306636,53.088589815435085],[8.237593525563062,53.088425319687744],[8.237387724226398,53.0883145540009],[8.238290315491394,53.08725062628388],[8.23630416285581,53.08684771733605],[8.232912722620489,53.087077388291505],[8.232420930934982,53.08684139888151],[8.2275465042177,53.08727554646629],[8.227236737259913,53.08745410822327],[8.227857650987763,53.08836464183451],[8.230285497163788,53.0877514426226],[8.231350692478381,53.087656861925765],[8.231644681426516,53.08807668306807],[8.23137059645014,53.08814794445984],[8.232047676442786,53.089123230239636],[8.229892731263632,53.0897025247301],[8.231246365734524,53.08998292781964],[8.23169552966486,53.089722084684155],[8.233883907443962,53.090691884391134]]]]}},{"type":"Feature","properties":{"OBJECTID":23,"we_nr":"0791","lgbez":"ÜbPl Varrelbusch","typ":"9","plz":"49661","ort":"Cloppenburg","strasse":"Werner-Baumbach-Str.","nr":"10","bl":"NI"},"geometry":{"type":"Polygon","coordinates":[[[8.033278956379467,52.91579520834018],[8.04579883488649,52.9155521349627],[8.045758710735997,52.9145967442004],[8.050705452731963,52.914507017214895],[8.0515326978025,52.913487832085536],[8.054087768778963,52.91343601389828],[8.053674139506317,52.9066038477298],[8.04976178869554,52.90665802219865],[8.046606525429906,52.90544729616211],[8.046423367926614,52.903192503864304],[8.04397582888292,52.90323387318567],[8.043848189959148,52.90378001756368],[8.038848551565987,52.903352232107075],[8.038821194272312,52.90281479993304],[8.033971399360146,52.90255499974619],[8.033112152705906,52.90409427632847],[8.033118997868389,52.90626978515048],[8.032844869772886,52.906178949200175],[8.033278956379467,52.91579520834018]]]}},{"type":"Feature","properties":{"OBJECTID":24,"we_nr":"0877","lgbez":"StOÜbPl Hesel","typ":"9","plz":"26835","ort":"Hesel","strasse":"Holunderstr.","bl":"NI"},"geometry":{"type":"Polygon","coordinates":[[[7.60986421498353,53.32001950093712],[7.6130957829460595,53.32064466483246],[7.613731552113746,53.31604943696546],[7.607665979092513,53.31495738087906],[7.607363302537249,53.315563232621294],[7.606455942116429,53.315554613858524],[7.605916578348392,53.31728490721245],[7.605603952951373,53.31728514601659],[7.605291803661449,53.31936243433903],[7.60986421498353,53.32001950093712]]]}},{"type":"Feature","properties":{"OBJECTID":25,"we_nr":"0895","lgbez":"StOÜbPl Aurich","typ":"9","plz":"26605","ort":"Aurich","strasse":"Ringstr.","bl":"NI"},"geometry":{"type":"MultiPolygon","coordinates":[[[[7.641536183435487,53.48192117471496],[7.640978851565136,53.481996578421715],[7.64188384941679,53.48387513231994],[7.641109836713363,53.484073395476585],[7.6411315669600866,53.484381007719996],[7.647190636178667,53.48749076358271],[7.655266782536517,53.49041952013571],[7.662819671919354,53.48986430912424],[7.659718992087032,53.48837884725949],[7.660084399795213,53.48652777410876],[7.660058221091195,53.48570574066734],[7.65945659059924,53.48570664293465],[7.659447596666599,53.48525868090285],[7.662647814324019,53.48524947372296],[7.662660081717551,53.485708025734056],[7.662887809133673,53.48571489803796],[7.66288901287615,53.48581034314389],[7.664726276939887,53.48591379508425],[7.664462193805897,53.479892498164006],[7.662905268789528,53.47942257761805],[7.662776834856726,53.479511628138155],[7.660377168831189,53.47904329755846],[7.6603894371230155,53.47944361724029],[7.660068586751238,53.47947393692358],[7.657865480194724,53.47900389412909],[7.658016672945292,53.47840936921037],[7.659987445524869,53.4784957691253],[7.659989040034517,53.47816686439378],[7.659337970760896,53.477389122884304],[7.6570242214057656,53.47780624732261],[7.655361164031839,53.47684814050234],[7.655365471453623,53.47707123466079],[7.653980028536834,53.47650380253936],[7.653699207094125,53.476741968703216],[7.651589036643672,53.47586386429292],[7.651422657873234,53.47567174326595],[7.651401474700544,53.47508386497137],[7.655331177369325,53.47506961327522],[7.655301806052823,53.47495679822809],[7.640087951873567,53.475051017520585],[7.641536183435487,53.48192117471496]]],[[[7.642325614822431,53.48339652084369],[7.642258154937857,53.483105899126976],[7.642850933430981,53.48309745856114],[7.642872425624173,53.48338919379857],[7.642325614822431,53.48339652084369]]],[[[7.649168885436386,53.47509198794413],[7.651169835121328,53.475081007788944],[7.651193872241699,53.475870038879236],[7.649134920135494,53.475260452264],[7.649168885436386,53.47509198794413]]],[[[7.644988807924823,53.48353796565451],[7.647884830874151,53.48350750134079],[7.648811022678293,53.483980555553636],[7.646486051568619,53.48560463101999],[7.647348852856442,53.486046827335294],[7.646372696756163,53.4867293168881],[7.642772407200428,53.484581000398435],[7.643547318219121,53.484553508303065],[7.644988807924823,53.48353796565451]]]]}},{"type":"Feature","properties":{"OBJECTID":26,"we_nr":"0948","lgbez":"StOÜbPl Schwanewede","typ":"9","plz":"28790","ort":"Schwanewede","strasse":"An der Kaserne","nr":"41","bl":"NI"},"geometry":{"type":"Polygon","coordinates":[[[8.534620806850285,53.22030467112897],[8.535746968128267,53.22102468255617],[8.534524438281547,53.222888386675216],[8.53747645771412,53.223228181335976],[8.53765753651586,53.22249889120733],[8.539697940208063,53.222568678837796],[8.539731868678041,53.22325854935388],[8.540535665024706,53.22323764912518],[8.540506176927181,53.222774062747455],[8.542617085792815,53.222720156941456],[8.542649305667114,53.22318259350365],[8.548886078716906,53.22305148760982],[8.548983719300102,53.22540554510104],[8.55049067642708,53.2253653746302],[8.550516271226185,53.225711923093435],[8.546577412029688,53.22588552486125],[8.5467524433729,53.226582122794696],[8.54746288050704,53.227499550336624],[8.54633779361412,53.22784941081557],[8.545590896557547,53.22834436765794],[8.552585049104977,53.23133781488054],[8.55268747231875,53.23165431162227],[8.561529025519567,53.23112469336724],[8.56868312310332,53.23094517691064],[8.568591929728926,53.230267469503595],[8.573927668294129,53.22594323689912],[8.574959216311436,53.22604440728939],[8.575519689590303,53.22570880821825],[8.573751329902137,53.2257866090419],[8.5724695040601,53.226855440202286],[8.571857231226998,53.226590884815224],[8.573213930749654,53.22556714838153],[8.573120249041903,53.22441657797121],[8.569391159040682,53.22457050622553],[8.569423594510651,53.2243548023633],[8.569198562040388,53.224140658674],[8.569247302831076,53.22376439567036],[8.569430039024496,53.223657078046514],[8.57022768640306,53.218201941909776],[8.57517423615955,53.21771586081254],[8.575600010654822,53.21728900777319],[8.579800576941388,53.21716634817836],[8.580715711382723,53.21696402491789],[8.575746671404765,53.212550752151444],[8.568271672245269,53.21261478859042],[8.568350312561883,53.2127763212486],[8.56691819947112,53.21411526841972],[8.567752904151753,53.21491964773028],[8.568751371708744,53.21527191005689],[8.568446021767219,53.21652200785102],[8.566872877668386,53.21731410863499],[8.565483604335208,53.21890216639208],[8.565429805131163,53.21926346069725],[8.563142470736953,53.219498714250214],[8.560884729543195,53.219018503695395],[8.559359626447444,53.21951423709568],[8.55842683112767,53.21928237005729],[8.55462958055594,53.21930797319697],[8.54545882893942,53.21366325714912],[8.54682938317871,53.21267579141739],[8.53026556684143,53.21110922939298],[8.529993323411405,53.21125691821156],[8.530057368799577,53.211477136498175],[8.531439280439008,53.2131283731096],[8.526246787229052,53.21386326995559],[8.52654765188237,53.216160052999726],[8.52794311370952,53.21602295694999],[8.52955943533248,53.217059454559426],[8.528881614229697,53.218001172114555],[8.531490445782662,53.21829780662969],[8.5325333637765,53.218967181949644],[8.531819417822897,53.219983447136684],[8.534620806850285,53.22030467112897]]]}},{"type":"Feature","properties":{"OBJECTID":27,"we_nr":"0951","lgbez":"StOÜbPl Garlstedt","typ":"9","plz":"27711","ort":"Osterholz-Scharmbeck","strasse":"Bremerhavener Heerstr.","nr":"10","bl":"NI"},"geometry":{"type":"Polygon","coordinates":[[[8.690953111089263,53.26298544419026],[8.674232546819761,53.26514001269391],[8.673018559951371,53.26420596161094],[8.666281570815325,53.2634817544997],[8.666121193689298,53.26356888590878],[8.666423051879338,53.26263617928454],[8.668395268949915,53.26133763541825],[8.666282434994633,53.26259663856631],[8.666069457915453,53.263291481787576],[8.65622048634417,53.26810119645504],[8.653926027411444,53.26816190588294],[8.65290281486167,53.26800191076239],[8.65368859729194,53.26744944376049],[8.652608523181282,53.26638223000992],[8.653917987489653,53.26580963148838],[8.65320378551618,53.26507751945528],[8.651815271259416,53.2655756451601],[8.652048371499278,53.26597399433037],[8.650733193007369,53.26654685230446],[8.649491164329083,53.26659145211926],[8.649858672298379,53.2690685984181],[8.649674017303491,53.269751027329896],[8.648903849389507,53.26966736671241],[8.64865960644688,53.270523008584775],[8.647830801002685,53.271513568229956],[8.64883296872032,53.2740080854806],[8.647941157238728,53.27429806795748],[8.648991620182656,53.27677311066008],[8.648373837981888,53.27684755390021],[8.648737824555294,53.27787080845832],[8.648158468689138,53.27802328977005],[8.648076101262395,53.279029533006664],[8.648907787603717,53.28099692862262],[8.648682054447518,53.28103234570375],[8.649545247400775,53.283027065974935],[8.65636558043224,53.2834683814659],[8.656931891862177,53.28500626654658],[8.660335139553583,53.285484407808354],[8.660428583207768,53.28505388301294],[8.664635535617702,53.28547191146331],[8.670895566948515,53.28222379257482],[8.670772759164336,53.282088762048055],[8.671619612660884,53.281649905592595],[8.671820950268904,53.28178955589762],[8.672145353477635,53.28163723894393],[8.679138595133342,53.27808020048177],[8.680853159210717,53.27806237308982],[8.681137306216582,53.27789231475884],[8.680474115974858,53.27789926795365],[8.681627158439422,53.27736245112901],[8.68183915455827,53.27685405713601],[8.682262044563196,53.27634181107964],[8.683035351190771,53.276117398644296],[8.683232762262712,53.27558266135798],[8.683179507437709,53.27463377010963],[8.682836647443176,53.27420037757623],[8.682884323730237,53.27402765395969],[8.684836348469885,53.27382616770788],[8.685025039595333,53.27225809713998],[8.685258113784045,53.27226816864833],[8.685584938850752,53.27202494224091],[8.68617485261643,53.27203334577555],[8.687155411359917,53.2650122837691],[8.688500648379542,53.26501388168594],[8.688509258731521,53.26407447519283],[8.703671315153166,53.26411540885578],[8.703726534593688,53.263655676484156],[8.69342757623526,53.26278451683254],[8.689825905070588,53.25766113061511],[8.69513612070192,53.25762967406626],[8.69523940090849,53.25773138864956],[8.695805548845023,53.2577469293415],[8.69588891879159,53.25763374478227],[8.702732754445854,53.25765764672933],[8.702683287816413,53.25728142085996],[8.689556363772931,53.25728241127461],[8.684783310138851,53.25055488177484],[8.683937972998503,53.249992857025866],[8.68247229795041,53.249750949742605],[8.675395865112858,53.25009343418043],[8.67431500587464,53.24976720281684],[8.672213271502995,53.24805178009544],[8.671454034289395,53.24771912547508],[8.670656235095553,53.24763003532552],[8.66377984180045,53.247711276712664],[8.662873949226785,53.24761580733007],[8.661664102693521,53.247138142235094],[8.657136769730725,53.244002860852945],[8.656549071210522,53.24402857715268],[8.657269042164758,53.24422850837131],[8.661633891452198,53.24724624007526],[8.662883857644372,53.24770901593343],[8.663683753506072,53.247815413794804],[8.671317157989538,53.2477916224508],[8.672264961462787,53.248228315295854],[8.674100039027122,53.249765357086254],[8.67527097233888,53.250164800033346],[8.682884035371034,53.24984818376528],[8.683583513957013,53.249970801355055],[8.68431641436314,53.25029774494018],[8.684683015034,53.25062578301605],[8.692041928502567,53.26098852631878],[8.692337007107147,53.26171936232871],[8.69198485763426,53.2624488865912],[8.690953111089263,53.26298544419026]]]}},{"type":"Feature","properties":{"OBJECTID":28,"we_nr":"1020","lgbez":"StOÜbPl Rotenburg","typ":"9","plz":"27356","ort":"Rotenburg (Wümme)","strasse":"Am Boetersener Weg","bl":"NI"},"geometry":{"type":"MultiPolygon","coordinates":[[[[9.34361170027592,53.13751071108402],[9.342122594470263,53.13736926459836],[9.339975548177387,53.141524209884395],[9.337117380234117,53.144720662750615],[9.339559919254935,53.14743176767079],[9.340439521733474,53.14687195912463],[9.339429005971912,53.146355390520554],[9.3403005047483,53.14573756206268],[9.341000535798159,53.14609389836599],[9.341407363027448,53.14618986189103],[9.34159114485989,53.14607108120278],[9.341164927495184,53.14607509841232],[9.33904894404651,53.14491894767574],[9.33905270888588,53.14478945580336],[9.340577593690968,53.143495649824935],[9.342407054988149,53.14311550711614],[9.345162183473368,53.14346569459059],[9.347093429282156,53.142334338730315],[9.3548816027093,53.1391201333698],[9.354858923841642,53.13903474945173],[9.343802712648065,53.13753711860857],[9.344067710267037,53.13571746515013],[9.34387478987322,53.1356963761769],[9.34361170027592,53.13751071108402]]],[[[9.341691474999028,53.14297856159242],[9.341855130975826,53.14245449462036],[9.34218032290538,53.14249354499668],[9.342012796986316,53.143019322268515],[9.341691474999028,53.14297856159242]]]]}},{"type":"Feature","properties":{"OBJECTID":29,"we_nr":"1035","lgbez":"StOÜbPl Seedorf","typ":"9","plz":"27404","ort":"Seedorf","strasse":"Twistenberg","nr":"18","bl":"NI"},"geometry":{"type":"MultiPolygon","coordinates":[[[[9.264728909502749,53.33093646328525],[9.264972175976663,53.330664025244694],[9.262514342239829,53.3303052163324],[9.25806486985597,53.330646030419004],[9.256570349904106,53.330109016864306],[9.255887595253792,53.32966597932117],[9.25538273757247,53.32990122316589],[9.255809650233198,53.33034382372183],[9.257799884813426,53.331166452434154],[9.25954323720072,53.33100693941135],[9.258113520815147,53.33186986083601],[9.256533027598993,53.332485372096016],[9.251469088696084,53.33234909171958],[9.251202271090362,53.332179304178815],[9.249079693109197,53.3337210166903],[9.241155452764245,53.34058266034106],[9.243969935635226,53.341724242548985],[9.243260830702683,53.342350798777446],[9.246651084263503,53.34281100350025],[9.251861027247879,53.34498175442512],[9.253783982504885,53.345188920675845],[9.253647799704419,53.345646494873314],[9.256404224458583,53.34625852157779],[9.2591299717458,53.34614854287415],[9.275192059233847,53.34290702406663],[9.279724120928297,53.34409149484025],[9.280612409217337,53.34199850157752],[9.278609375440963,53.34139867917501],[9.278058874360044,53.341543912078414],[9.276516632307002,53.34093677778043],[9.27598051505041,53.34054626230972],[9.275205655235684,53.340471951510104],[9.274649827145144,53.34023449451801],[9.27434919964706,53.3393867915179],[9.274569615675105,53.33915742649937],[9.27494724586103,53.337956730530614],[9.274315786810048,53.337463638639385],[9.274591753756944,53.337050752873914],[9.27361224065248,53.3360036955979],[9.273562277254674,53.3357738730677],[9.27212417240097,53.33460108301033],[9.272062382682478,53.333764325490854],[9.272740716723273,53.33366832993422],[9.272364665775612,53.33286724848234],[9.270842207320083,53.332127857404494],[9.267595864766092,53.331223135176444],[9.267259948748723,53.331656760491256],[9.265395885245074,53.3313353679642],[9.264728909502749,53.33093646328525]]],[[[9.25957176050763,53.327878972375636],[9.25853769451259,53.32837694938046],[9.258748262310155,53.3285750951764],[9.259583103534716,53.32885466313788],[9.260606140913021,53.32842457705436],[9.265123479219975,53.32917751804642],[9.264708624645287,53.32956383179886],[9.262374314649952,53.32937665047815],[9.259705258243704,53.32896951916292],[9.258933527261103,53.328732664988834],[9.258445320751914,53.32842158178356],[9.255927188499935,53.329645426659766],[9.258054735961245,53.33059414993623],[9.262452386333006,53.33021199354598],[9.264097012972249,53.33040952889587],[9.264333738812562,53.32991447689856],[9.266216165677214,53.33008303311783],[9.267229494063955,53.330303793064786],[9.268051337564676,53.330644401694585],[9.267670417748182,53.33113170350466],[9.271177128902465,53.33210124455636],[9.271836843562353,53.33240143087722],[9.272153435021357,53.33215834019706],[9.269918595477439,53.33108588298465],[9.270265662282446,53.33070608717463],[9.26584040758034,53.32929699557835],[9.265480954804184,53.3288640512281],[9.25957176050763,53.327878972375636]]]]}},{"type":"Feature","properties":{"OBJECTID":30,"we_nr":"1073","lgbez":"StOÜbPl Wendisch Evern","typ":"9","plz":"21403","ort":"Wendisch Evern","strasse":"An der K 37","bl":"NI"},"geometry":{"type":"Polygon","coordinates":[[[10.499259090514261,53.19410979603899],[10.500763243100934,53.1888902091797],[10.501071888961246,53.1871178233294],[10.5019537147701,53.18513311142441],[10.501588394198537,53.18503398145475],[10.497850500707527,53.18533347326111],[10.482970389520993,53.179898800385395],[10.471737159910793,53.174368433929],[10.47071979719012,53.17517991489113],[10.469222270577003,53.17589842924951],[10.466544146576286,53.176459902072395],[10.465882266078196,53.17669132516049],[10.465652451875684,53.17694351745706],[10.464739782411483,53.177343183927285],[10.448482641929145,53.20585640950158],[10.449920574306306,53.20633936146187],[10.451275995526293,53.20377831335535],[10.454005045020507,53.20450922001957],[10.456427102452798,53.20474736646307],[10.455775428612998,53.207528608690936],[10.455953888825702,53.207534339115284],[10.456604871861032,53.20476484509341],[10.459629980021758,53.205062194862016],[10.463788802495397,53.2059858710606],[10.462778822129737,53.20891860340218],[10.462923035868855,53.20903051103883],[10.463983524909688,53.2057558984063],[10.4764432073095,53.20522141818262],[10.476303574978347,53.20475564924169],[10.476414252811253,53.204582641388185],[10.475830758406568,53.202263322599094],[10.47591751590009,53.20215462902806],[10.476385380958003,53.201984216630436],[10.481175914909205,53.20151100135114],[10.481517045646825,53.20156593147226],[10.483225712284357,53.20242692069844],[10.484808869005336,53.20548240921805],[10.48479478342168,53.20600831795429],[10.484539326809351,53.20632478346977],[10.484738407849362,53.20637735729766],[10.485046278463576,53.20609574827796],[10.485000949474331,53.205537433787164],[10.483883603364234,53.20308497543531],[10.4858388108349,53.20320697316437],[10.494153247898307,53.19533036351972],[10.49584557507913,53.1962120631515],[10.496576993265048,53.196378469851666],[10.49836077163676,53.19776006961066],[10.499259090514261,53.19410979603899]]]}},{"type":"Feature","properties":{"OBJECTID":31,"we_nr":"1158","lgbez":"PiÜbPl (W) Holzminden","typ":"9","plz":"37603","ort":"Holzminden","strasse":"Am Wasserübungsplatz","bl":"NI"},"geometry":{"type":"MultiPolygon","coordinates":[[[[9.43628183942157,51.839062305558905],[9.439474424992316,51.83615562793795],[9.437937875563245,51.83540920273112],[9.437738616656777,51.83549118935004],[9.435090450572467,51.83774931748221],[9.434567891588468,51.838324847134345],[9.433863032093942,51.83955589874827],[9.43377371260523,51.84063026173444],[9.434829905004047,51.840185682323025],[9.436451852775628,51.83973819568354],[9.43628183942157,51.839062305558905]]],[[[9.433600336857067,51.837746520532406],[9.436320474165308,51.83515919535511],[9.435529490489545,51.83481420077097],[9.435277857107062,51.83503373707979],[9.431685615557923,51.83361440552469],[9.431545021131113,51.83368853005092],[9.435252427597991,51.83521116585191],[9.433556537698747,51.83669830041792],[9.432304136173874,51.83817447459551],[9.430600675273391,51.83786189248774],[9.433058192803248,51.83846725140552],[9.433600336857067,51.837746520532406]]]]}},{"type":"Feature","properties":{"OBJECTID":32,"we_nr":"1159","lgbez":"PiÜbPl (L) Holzminden","typ":"9","plz":"37603","ort":"Holzminden","strasse":"Einbecker Str.","nr":"4","bl":"NI"},"geometry":{"type":"MultiPolygon","coordinates":[[[[9.48438512090972,51.83319238506243],[9.483125714322245,51.83437739253433],[9.481758130811588,51.83473831899339],[9.481743629307976,51.83492305065393],[9.483381029899064,51.834592943693956],[9.48415435628961,51.83365547820223],[9.484958414944327,51.833055558036484],[9.486215360147918,51.832671260182536],[9.486590826292336,51.83280829044033],[9.48758051730898,51.832651124198655],[9.488067529957195,51.832813483045456],[9.488454578978855,51.83310829258254],[9.490470822481516,51.83496537942765],[9.490346805564943,51.83500813780454],[9.491282763852865,51.835559489029954],[9.491249351015888,51.83572869214125],[9.491537198182398,51.83582320199049],[9.49385623502128,51.83584511060437],[9.49541223656953,51.835387096848336],[9.502846780100208,51.84370994718485],[9.504077517853709,51.84318742944451],[9.504616215071799,51.84311680425407],[9.507913739139092,51.84306034464755],[9.50819387247229,51.84332498879814],[9.509415446511566,51.84219507580858],[9.509503880261407,51.841800658744376],[9.502095889133908,51.83271370709356],[9.502334041498912,51.83252718164326],[9.498346037269835,51.827687567425635],[9.497891482549484,51.82773519501379],[9.497310043490192,51.82684144329959],[9.489560841674997,51.82651365668214],[9.490568657999114,51.829495935839255],[9.495261540587357,51.8352188572028],[9.493679850815237,51.835636704406866],[9.491819188333299,51.835473296074625],[9.490628651087079,51.83477804398027],[9.489865034586428,51.83403570483485],[9.489994736940432,51.833916614401176],[9.48979457702374,51.833947739835736],[9.488460160211723,51.832538985816576],[9.487127788863598,51.83214331061613],[9.485923266645061,51.83234512141815],[9.486149741809662,51.83257356230087],[9.48506086420925,51.83284248257409],[9.48438512090972,51.83319238506243]]],[[[9.48098739516234,51.834798819594944],[9.481055307797815,51.83468482920208],[9.480896714725958,51.83460108533597],[9.475864107263552,51.83372506796675],[9.468613843231976,51.83312303262014],[9.468608438068905,51.833343340456565],[9.475722504028667,51.83383385053874],[9.48098739516234,51.834798819594944]]]]}},{"type":"Feature","properties":{"OBJECTID":33,"we_nr":"1160","lgbez":"StOÜbPl Holzminden","typ":"9","plz":"37603","ort":"Holzminden","strasse":"Lüchtringer Heide","bl":"NI"},"geometry":{"type":"Polygon","coordinates":[[[9.426714796915714,51.77826723325079],[9.426344340675644,51.77863430998488],[9.425666814220273,51.77930237666441],[9.424785719640056,51.779007149439764],[9.429367904632393,51.782534986504025],[9.430310752100223,51.78293383052008],[9.430859057698601,51.7828440851859],[9.431219919931436,51.7829260757798],[9.431449802405927,51.78324312208708],[9.431409190470244,51.783695346859986],[9.432003209536791,51.78384980413037],[9.43238728423656,51.783674742180736],[9.432470614657289,51.783511269834186],[9.432389236275686,51.78335725043202],[9.432652828929529,51.78328587898717],[9.433441107777996,51.78029715367342],[9.443398624581675,51.77712593977408],[9.436480842308164,51.771684193983354],[9.43579342899477,51.771922832510676],[9.433062026812859,51.769732458530285],[9.43352333147427,51.76877074376669],[9.433896543745634,51.768703944966454],[9.434056645987148,51.76840598334516],[9.433796240555942,51.76824041601805],[9.434031086222365,51.76773996513909],[9.43350698123776,51.767063891426176],[9.422975571223141,51.77047444693608],[9.422328498554242,51.77098825205311],[9.418890286635305,51.77238035642276],[9.41867813780285,51.77359472542486],[9.418403697991922,51.77378713783982],[9.417643793330043,51.77392990733375],[9.417373616923474,51.77432436456328],[9.417492863785894,51.77422295941227],[9.41980230571924,51.77411805110124],[9.422624294912701,51.77513189517118],[9.423816273056634,51.77503625026744],[9.4232067023559,51.77582046246],[9.424428067986048,51.77656059829859],[9.424286843840203,51.77667786888461],[9.426714796915714,51.77826723325079]]]}},{"type":"Feature","properties":{"OBJECTID":34,"we_nr":"2029","lgbez":"StOÜbPl Stadtallendorf","typ":"9","plz":"36320","ort":"Kirtorf","strasse":"An der Panzerstr.","bl":"HE"},"geometry":{"type":"MultiPolygon","coordinates":[[[[9.097503609872485,50.80167093741291],[9.099919420420328,50.80085274182576],[9.102167661929979,50.80065427488067],[9.105183868684566,50.799937574101925],[9.108361385914728,50.800891627090735],[9.11083179337057,50.800515511144624],[9.110655014804102,50.80038577773861],[9.110892064936268,50.800391667648285],[9.110230389254085,50.79998487549417],[9.111228227990372,50.79962339777997],[9.111855212532877,50.799542995777365],[9.112135343171119,50.79991755650079],[9.11099515380166,50.80044963615182],[9.111984330083637,50.80086736028193],[9.115830445413552,50.79946024988959],[9.1171656572346,50.79874805257216],[9.117002003054461,50.79876457487396],[9.116550849355754,50.7980512932722],[9.117041625945006,50.79755073848823],[9.116920219532666,50.796538134118926],[9.115581328212206,50.795929826786264],[9.114677897022425,50.795326464047925],[9.110208252070542,50.79363747767957],[9.109041071920023,50.793483241027445],[9.107147254417574,50.793679348964446],[9.106621158766302,50.7932219165732],[9.104622707296155,50.79248544160788],[9.103934118986393,50.79196593908175],[9.102505627004527,50.79165956782271],[9.10253382332466,50.79103284171726],[9.102337217143253,50.79107418380906],[9.10221272681451,50.79166875470799],[9.100053661063134,50.79110277435245],[9.098784030749428,50.790208179678444],[9.098307771833468,50.78938723072463],[9.098202864777953,50.788381237624414],[9.098423971610432,50.788262660517894],[9.099310736356763,50.78820023588091],[9.100438550534871,50.787730384184265],[9.101002815602586,50.7872669463556],[9.101184674141974,50.78663059978903],[9.10108255276216,50.78550807656518],[9.10067352555871,50.78489101790059],[9.100847602891138,50.784345910635274],[9.101132231394015,50.783969179332516],[9.101812415964298,50.78369182384909],[9.102261729014952,50.78374062178546],[9.102086795588088,50.78336925399812],[9.100833425679312,50.78402004944988],[9.100506863818989,50.784609326486944],[9.10046564821542,50.785083041461014],[9.100960020760755,50.786557898076786],[9.100753508856686,50.787196864866786],[9.100134568727526,50.78768731836435],[9.09937992639658,50.78799360264468],[9.098284005105992,50.7881271305569],[9.097245619112742,50.78715302505154],[9.096654652521533,50.78637342378253],[9.095852298869207,50.786366630805645],[9.095270866098128,50.7866392123558],[9.09424345302606,50.78685615367128],[9.09378986758791,50.786668011200035],[9.092139359678505,50.786396052265616],[9.091265777708982,50.78601756553593],[9.089622704256854,50.78577809208224],[9.088311020211421,50.78406510308339],[9.086959497679738,50.78319830061091],[9.085640148309974,50.78285687416791],[9.08498753213745,50.78236251173608],[9.085191888983147,50.78198442061063],[9.082967415099272,50.78095223369275],[9.08068761936697,50.78331492994994],[9.077832643137922,50.78574042098086],[9.07148282339781,50.805319053905706],[9.07139830899754,50.8065564159142],[9.070794723771535,50.807333852103504],[9.070668646119719,50.80726435985853],[9.070451050801662,50.807474014767834],[9.07401466933088,50.807860909178],[9.074975428307173,50.80813715680853],[9.076691789015143,50.808998360753755],[9.07814895611916,50.81007897534622],[9.080382422139015,50.81212428131469],[9.081912713005506,50.81369029202027],[9.082917679873562,50.815030056368805],[9.083245649393975,50.815052825927864],[9.083500685594728,50.81533041307393],[9.083922467078569,50.81552471469443],[9.083723363580663,50.8159113136972],[9.083375872770828,50.81608173312813],[9.08359700924771,50.81715748962426],[9.083500324471995,50.81848734917917],[9.082152007129256,50.823030280053175],[9.082134413624399,50.82391842816402],[9.083519190889605,50.823883371499576],[9.082790287986494,50.82466820501887],[9.082326330600058,50.824819638767096],[9.082444791436581,50.825106846965994],[9.083624964819354,50.82680964272153],[9.08920626505402,50.83240990987782],[9.091503971396486,50.83402359887119],[9.092732047441787,50.83472342657769],[9.094696002706689,50.83543200735293],[9.096249238342178,50.833829971642174],[9.093648425151473,50.83248121319307],[9.092885286554543,50.831674695390724],[9.09331582571409,50.83062710889596],[9.09321513894377,50.82953751792343],[9.090740129418732,50.82862986802792],[9.089946662799491,50.8273510544624],[9.09010982380459,50.826807711170105],[9.089624691330268,50.826272870919595],[9.089034301457461,50.82525106977976],[9.0886736125995,50.82446883823516],[9.088563827691978,50.82390898601432],[9.089437827378084,50.823129131859005],[9.089517413620712,50.82245137474366],[9.089515621481702,50.82188523601761],[9.088670568209002,50.82034288225704],[9.09079310127438,50.819623275287874],[9.091383783997975,50.81950990956817],[9.09205065463744,50.81961347700009],[9.092333291575319,50.819162625277116],[9.093002086406134,50.818528255520675],[9.093127389710183,50.818098021761486],[9.094476900015602,50.81811444584679],[9.096436502942966,50.816269969473474],[9.094987077520038,50.814928238270355],[9.095318495672805,50.813623203918766],[9.09556303146622,50.81355097159026],[9.09543584708998,50.813243162765055],[9.096206731859581,50.812749238597426],[9.098096054192354,50.81208427641215],[9.097970324188516,50.8119349758993],[9.098297992773297,50.81155059062689],[9.098950168771344,50.811376200030466],[9.098818642837331,50.81096945015137],[9.097156170266649,50.81007066737942],[9.096960862150782,50.80968267414702],[9.095905101841637,50.80868503099004],[9.095531528447538,50.80869100329901],[9.094866051993368,50.807780413492665],[9.095579040342896,50.807686513321656],[9.094916904723297,50.80607870913755],[9.097058552141316,50.80532541892351],[9.09546789269111,50.804007162763625],[9.096676159986078,50.80362389253962],[9.096995791343993,50.80303407683402],[9.097436223649774,50.80265611995486],[9.09689994289981,50.80234043357328],[9.097503609872485,50.80167093741291]]],[[[9.074486317194472,50.808698764858605],[9.07744052132982,50.80979341396712],[9.075789139359637,50.80871553341045],[9.073903677087626,50.808010376549724],[9.070292822445825,50.80762808490168],[9.069929028111897,50.807982575184774],[9.07188739585572,50.807911151003914],[9.074486317194472,50.808698764858605]]],[[[9.094201636449567,50.835889941053175],[9.095551486318188,50.835842530779374],[9.094001538516642,50.83540747028185],[9.092601115294157,50.8348449777915],[9.091309690055002,50.8341455490503],[9.08967515329306,50.83301813544847],[9.089464918770453,50.83308535568314],[9.092829358343279,50.836373564735936],[9.094201636449567,50.835889941053175]]],[[[9.09747076566907,50.802677044181664],[9.097043764973426,50.803051213033726],[9.09672286609264,50.803645805296505],[9.09565080046274,50.804038739511846],[9.096482102325105,50.80475149031968],[9.098375890183181,50.80319900057344],[9.09747076566907,50.802677044181664]]]]}},{"type":"Feature","properties":{"OBJECTID":35,"we_nr":"2035","lgbez":"StOÜbPl Stadtallendorf - Zufahrtstraße","typ":"13","plz":"35260","ort":"Stadtallendorf","strasse":"N.N.","bl":"HE"},"geometry":{"type":"MultiPolygon","coordinates":[[[[9.043699222535189,50.805151122600364],[9.040636200977895,50.80663989062731],[9.03915127772819,50.80762661180091],[9.03755576198554,50.80925455399797],[9.035490200075458,50.810825629949264],[9.035359585931435,50.81127055215012],[9.035778354465808,50.811750621623354],[9.036085667226226,50.81193776630223],[9.036208329483342,50.81186239528094],[9.035855005014053,50.81125556288398],[9.03613005118779,50.81064923801337],[9.038474532807129,50.80892156585661],[9.039785290689485,50.80746171220533],[9.04142699061755,50.80652284092271],[9.04482017358454,50.804923647330426],[9.045982398627935,50.804495029401515],[9.04706236494074,50.804238241210044],[9.049193806598835,50.804019618950555],[9.051385191039188,50.804102892116916],[9.05644361338792,50.80491585108151],[9.057644092289385,50.80497163116149],[9.06039962142321,50.804749796291375],[9.06105989842848,50.80479951576991],[9.062399659318132,50.80515476893084],[9.068244041065258,50.80723082113928],[9.069306638452048,50.80750472744934],[9.073903677087626,50.808010376549724],[9.075789139359637,50.80871553341045],[9.077172264623012,50.809566793468505],[9.081108891506023,50.81311294988307],[9.08219963400901,50.81434234597635],[9.082962032394096,50.81564380042584],[9.083318058097458,50.81716785995325],[9.08322769835964,50.818474234533916],[9.082173764325425,50.82169115040445],[9.081825897121504,50.82351781921161],[9.081821846617892,50.82412486114545],[9.08196577738769,50.824617096542895],[9.082795474858935,50.82613999446774],[9.088414313892685,50.83201283419419],[9.090384569940996,50.833539402205204],[9.093201624688634,50.835115451480696],[9.095829418778932,50.83592651991186],[9.097099339248503,50.83645128574478],[9.097144543371915,50.83621276908487],[9.096626277436647,50.83598293126815],[9.094104758536076,50.8352699416033],[9.092732047441787,50.83472342657769],[9.089732997610835,50.832829036140986],[9.087883271219162,50.83117732242793],[9.083624964819354,50.82680964272153],[9.083040734694478,50.82606818381669],[9.082326330600058,50.824819638767096],[9.082137528981834,50.82350932636814],[9.082284405327416,50.822380629839486],[9.083500324471995,50.81848734917917],[9.08359700924771,50.81715748962426],[9.083310940745452,50.815473390180735],[9.083153499313774,50.815502090664125],[9.081912713005506,50.81369029202027],[9.080382422139015,50.81212428131469],[9.07814895611916,50.81007897534622],[9.075955625927891,50.80857770073089],[9.07401466933088,50.807860909178],[9.068768667072712,50.80719347216707],[9.06176687704876,50.80476966535489],[9.060375311214989,50.80458445849121],[9.05651497196083,50.80477675199877],[9.051402748611427,50.80393700304833],[9.049162656618012,50.803817536621],[9.048007247092695,50.80390042807586],[9.045721688667813,50.80436880072249],[9.043699222535189,50.805151122600364]]],[[[9.036428017876005,50.81229533893762],[9.036869244292486,50.812807582850105],[9.037101518980583,50.81263105252329],[9.036624175798094,50.812218506321976],[9.036428017876005,50.81229533893762]]]]}},{"type":"Feature","properties":{"OBJECTID":36,"we_nr":"2084","lgbez":"StOÜbPl Frankenberg","typ":"9","plz":"35066","ort":"Frankenberg (Eder)","strasse":"Randstr.","bl":"HE"},"geometry":{"type":"MultiPolygon","coordinates":[[[[8.757203955828766,51.024812550082885],[8.756477508919655,51.02429331450763],[8.756097703912424,51.024727605729815],[8.755929857294829,51.02524465546164],[8.754424076960882,51.026314600354745],[8.754185823984535,51.02663973500316],[8.754065025731663,51.02715391073628],[8.759494092068358,51.02921340126773],[8.760548809433473,51.02809952900227],[8.7616292123275,51.02751425946787],[8.764050296884369,51.02841663968922],[8.764597531690907,51.02755871929592],[8.765090690612297,51.02717450092482],[8.766329922835117,51.02681591066106],[8.766652701889798,51.02688348703025],[8.76688621535466,51.027147800856085],[8.76545381570132,51.02753783435192],[8.765124917322945,51.02822913540575],[8.76512916545592,51.02932118934465],[8.765615222296654,51.02949134071932],[8.765933010311594,51.02937269261798],[8.767480558713025,51.029996630727695],[8.767347496659877,51.03020705959251],[8.765519026204426,51.029702488820284],[8.764996027944282,51.03001579707839],[8.764507567211846,51.03080071066188],[8.764379640827137,51.03186257126122],[8.764605067657826,51.032210997707985],[8.765083751126717,51.03255877355903],[8.766520338725924,51.03313198153383],[8.767544168418304,51.03330192966924],[8.768538127330862,51.0340216000179],[8.76960537799085,51.03442239875607],[8.770732828351266,51.035254664913424],[8.77080139945185,51.0354714729991],[8.77253154480785,51.03452825290399],[8.773733059466835,51.0335733282628],[8.773880493666216,51.03313988030517],[8.773882669385852,51.032560805616896],[8.773312121501036,51.03173068531041],[8.773249679605618,51.03131143417505],[8.773974910195859,51.03127093427073],[8.775100542366152,51.03151271006169],[8.777193333110791,51.03278412580999],[8.777767469765179,51.0333701784424],[8.777827803314608,51.033627891492756],[8.778591621037844,51.03470249202311],[8.779836936651776,51.03422115810286],[8.779654552597952,51.03385833747232],[8.77973172327075,51.033834050619674],[8.77867912233643,51.03200991015367],[8.781933617101615,51.0308486982888],[8.78111563276336,51.029702715371734],[8.779731410657027,51.02726314660212],[8.778086505540053,51.026120822739635],[8.77703499156722,51.0258525632218],[8.776545341465361,51.02544455701523],[8.77545519005383,51.024108954911355],[8.774613213510959,51.02273118808983],[8.774427794948107,51.021360160570346],[8.773896693884039,51.020254992270154],[8.770733229898203,51.018086693003426],[8.767509251801517,51.01860821837831],[8.761694688731948,51.02123534991674],[8.758574560373729,51.02308235924567],[8.757203955828766,51.024812550082885]]],[[[8.779904118058615,51.03435478705568],[8.77944748822997,51.0345554379306],[8.779803210302743,51.03524669363062],[8.780201217872598,51.03494582711878],[8.779904118058615,51.03435478705568]]]]}},{"type":"Feature","properties":{"OBJECTID":37,"we_nr":"2113","lgbez":"StOÜbPl Zweibrücken","typ":"9","plz":"66482","ort":"Zweibrücken","strasse":"Gersbergerhofstr.","nr":"200","bl":"RP"},"geometry":{"type":"MultiPolygon","coordinates":[[[[7.397695352774589,49.284779005606026],[7.3975479778640185,49.28483635981506],[7.403689620223507,49.28740459380119],[7.406348708025065,49.28884606223135],[7.4069674145922475,49.287835169096866],[7.4076303128815155,49.28725231136308],[7.408174361363749,49.28621906247548],[7.408671818723751,49.28557770496825],[7.4099784829834014,49.28440205086497],[7.410086464073818,49.28403368839356],[7.410562962839937,49.28381565013037],[7.411160947968469,49.28323519841685],[7.412155255427334,49.28188873035443],[7.411746769009705,49.28201375968209],[7.41151659009117,49.281938710127655],[7.412618430381166,49.280954084203806],[7.411744610358079,49.28070176251184],[7.409810182716574,49.28050043692247],[7.408386063733514,49.28073433228266],[7.407923876028192,49.28068701474745],[7.408079600779351,49.28044175267351],[7.4078122360996295,49.28029467665266],[7.407624390288851,49.27977997129568],[7.40734274059945,49.27958949116476],[7.408602237916797,49.27841298517332],[7.40791638497706,49.27800940669226],[7.408468993505605,49.276956581821295],[7.408959133189314,49.276831447659944],[7.409788324010766,49.2748266597686],[7.409296936567118,49.274595064933685],[7.407652313521131,49.27424935273807],[7.40598379978017,49.27360564693395],[7.405271989122003,49.27267141467992],[7.4047256921566005,49.272575381445236],[7.403904022030717,49.27180857180548],[7.40306527403298,49.27217053548075],[7.403735587914921,49.271767149162905],[7.404564148119042,49.270624473168795],[7.401650175932007,49.27018587801638],[7.401478072198268,49.26918246326602],[7.402367378278555,49.26802812124092],[7.400756947807227,49.268346549393534],[7.399558676066429,49.26756171067773],[7.398382340286525,49.26726806873166],[7.397406145558739,49.26719529221862],[7.398621675732774,49.27028389823881],[7.398690845111358,49.27077583396978],[7.39856509175133,49.271449425928374],[7.3977608489419735,49.27287094824667],[7.397645496276308,49.27332478292753],[7.3976319478852135,49.273933478224585],[7.39795225836947,49.27509457093107],[7.397574135008439,49.27384484228116],[7.397594936397164,49.27321555708327],[7.397792675354178,49.27268590695081],[7.398501034685028,49.2714131216551],[7.394028817856522,49.27077649396033],[7.391954544983118,49.270699384614076],[7.392314884396475,49.27199509635235],[7.392306230027004,49.27328185702024],[7.397460931112964,49.2739038309464],[7.392311540866977,49.27330839654605],[7.392355737978946,49.274080771902746],[7.392593850818079,49.27443465718622],[7.39206336150677,49.27445513412671],[7.392446300736007,49.27477475568805],[7.395676389173249,49.276550578578224],[7.398074025006247,49.27556077079279],[7.395721812485589,49.276587138112795],[7.396218834162697,49.27696755938148],[7.396644726337288,49.27682044545471],[7.397369004713308,49.27816175166712],[7.399491024840675,49.278051396078666],[7.399259489466057,49.2781009390312],[7.3981480515755695,49.280255421222996],[7.398922460436017,49.28041996494166],[7.398552883646606,49.28085009022421],[7.3974391882898125,49.281818118433804],[7.396128704393604,49.2823261795473],[7.397084172292856,49.281752552517126],[7.395719223540953,49.28148460426786],[7.395199733201973,49.28188539774268],[7.393655648704285,49.28107067904483],[7.392933523590009,49.28156655359829],[7.392742157281639,49.2814819941792],[7.3934555678393385,49.280979279969],[7.392372025333389,49.28048522086642],[7.391608616343566,49.28098112474741],[7.3897197620330495,49.28011254293913],[7.39079137670867,49.27968811682552],[7.390318937429337,49.27972213241815],[7.389931678201856,49.27990475456343],[7.389491603425587,49.27970997110221],[7.389369177425373,49.2802235742907],[7.389612903836737,49.28056743263685],[7.389954947262675,49.28045231455426],[7.391316073683061,49.2812788481043],[7.3908882465373535,49.28148330801372],[7.38950471433716,49.28060385030705],[7.389258973004641,49.280686548861965],[7.389721264914527,49.2810788463343],[7.39073392854795,49.28162052851746],[7.390592694520638,49.281752435315745],[7.389408591008497,49.2810988751453],[7.388817492364915,49.28039296159584],[7.389019814526519,49.279501124411794],[7.387611850845529,49.278735638472966],[7.388298231096328,49.27826699549611],[7.389543702118824,49.27786083894511],[7.389547422042407,49.27772805086054],[7.388407442878701,49.27808686913542],[7.387440381322407,49.27864237906888],[7.385903940589454,49.277935313341544],[7.384869764101639,49.27856172238231],[7.384853499205089,49.27903989565711],[7.3851400878319,49.279781613352505],[7.385180926143052,49.28102654213834],[7.385310585377896,49.28148061353949],[7.385855099187459,49.28225267809676],[7.386713147489071,49.28275763716421],[7.388421427851051,49.28324957214414],[7.389470669984523,49.28339493940329],[7.392242961681555,49.2850974170447],[7.392586713703171,49.284834506977276],[7.392692116628719,49.28496015875246],[7.391294621914072,49.287713691825175],[7.390407405315166,49.2900917857643],[7.390589431839512,49.29004337921589],[7.390706263132135,49.2898228399078],[7.391626109237114,49.28730056596357],[7.392872990614556,49.2850413065629],[7.392706933441012,49.28484110031362],[7.394833218769367,49.283498073648644],[7.397695352774589,49.284779005606026]]],[[[7.406556962660768,49.27700043519925],[7.407468537078607,49.27449706206871],[7.407555261334471,49.274515448390204],[7.406556962660768,49.27700043519925]]],[[[7.395753894917665,49.28256929218791],[7.394740281765009,49.283462329070304],[7.393402225877749,49.28425171221517],[7.394610685412198,49.283362618676435],[7.395753894917665,49.28256929218791]]],[[[7.3919014940756895,49.27007780637637],[7.391947755516187,49.2706667613252],[7.3940299820731274,49.27073852163008],[7.398505227122482,49.271381730883604],[7.398524524731401,49.27029872589863],[7.398192021413773,49.26953924000842],[7.396171442641551,49.26996262688251],[7.394536751369375,49.26942557036048],[7.394297574026615,49.26980691201824],[7.392480222019476,49.26956309345629],[7.3922113445768085,49.269609125097574],[7.3919014940756895,49.27007780637637]]],[[[7.3958779612415775,49.277872624471044],[7.396423740777353,49.2781910933987],[7.396353316452323,49.278266111735356],[7.397331246725268,49.27900094045295],[7.397334126724062,49.27821720305357],[7.397108692706865,49.27823410880156],[7.397273453611462,49.278166624082424],[7.396886926510951,49.277449106810536],[7.3958779612415775,49.277872624471044]]]]}},{"type":"Feature","properties":{"OBJECTID":38,"we_nr":"2138","lgbez":"StOÜbPl Germersheim","typ":"9","plz":"76726","ort":"Germersheim","strasse":"Germersheimer Düne","bl":"RP"},"geometry":{"type":"MultiPolygon","coordinates":[[[[8.342462417959508,49.20963131172834],[8.337679982320607,49.208572370529474],[8.336557772731554,49.20874943362607],[8.336171922960753,49.21760176647856],[8.334958112162164,49.21791080958747],[8.333437700967187,49.21806099071587],[8.333166469938458,49.22110914335411],[8.337828481921944,49.22087536723951],[8.337797153176398,49.22061887407097],[8.340892146672962,49.220096413771145],[8.341831926394102,49.219064580522605],[8.341793878250234,49.21833522670513],[8.34200885497922,49.218261817097996],[8.34227936196582,49.218461813574244],[8.34366433955531,49.21858103573066],[8.343953047307876,49.21818570182302],[8.343830486560398,49.217396418102766],[8.344934464840753,49.215731930783356],[8.346873520602605,49.215600055789906],[8.347193940681374,49.21576183188214],[8.350354891181063,49.21550471012478],[8.351100589885041,49.21440848053868],[8.350608956303022,49.21431247182948],[8.350592026653155,49.21415834886031],[8.349573771007101,49.21399850223783],[8.34500910855268,49.212667335749074],[8.349597475750844,49.21395934370043],[8.350881162902134,49.214173908115946],[8.351095785694895,49.21405273239804],[8.351426813080492,49.21302947027978],[8.351037408676143,49.21237088200234],[8.346529471238648,49.21104658884523],[8.347321174464954,49.211245248343005],[8.347591105631448,49.20992677485198],[8.34894625196699,49.20869548815092],[8.348777159386088,49.20847486803392],[8.347389403307442,49.20815121656489],[8.345824313503451,49.207427779537916],[8.345377751094178,49.20701234332715],[8.343924893208573,49.20637486440579],[8.343395448637922,49.20632122094229],[8.342934147569768,49.20649096699395],[8.342462417959508,49.20963131172834]]],[[[8.343280449908479,49.20401000459366],[8.344338456904165,49.20372451098083],[8.343390164747394,49.20319725640732],[8.343280449908479,49.20401000459366]]],[[[8.340981996167693,49.22008138209826],[8.341335011616515,49.220022254579156],[8.34478424945726,49.21943696970545],[8.344706024162303,49.219092507534995],[8.34190730941951,49.21909434406584],[8.340981996167693,49.22008138209826]]],[[[8.349172899608133,49.2080134319809],[8.34934540578714,49.20831705358889],[8.350432095091522,49.20729691473212],[8.349545564805501,49.20787556308854],[8.349172899608133,49.2080134319809]]],[[[8.351156519892932,49.21415225601526],[8.351219804408096,49.213889065282466],[8.351167791054817,49.21406743905091],[8.351156519892932,49.21415225601526]]],[[[8.350094039287132,49.20712017861522],[8.35053858408026,49.20701658774788],[8.350518805872662,49.20687991803901],[8.351086736066701,49.2061926157235],[8.350858674477292,49.20614741879623],[8.350563145816768,49.20644110271384],[8.350106577971854,49.206980514855175],[8.350094039287132,49.20712017861522]]],[[[8.343033827328671,49.20583550963011],[8.345878851122677,49.20709225481556],[8.346313680636026,49.20676508993153],[8.346899181877028,49.20597175319691],[8.346192042458336,49.20510743494305],[8.344394963630492,49.20375864526118],[8.343273161876592,49.20406381842639],[8.343033827328671,49.20583550963011]]]]}},{"type":"Feature","properties":{"OBJECTID":39,"we_nr":"2157","lgbez":"PiÜbPl (L) Speyer","typ":"9","plz":"67346","ort":"Speyer","strasse":"N.N.","bl":"RP"},"geometry":{"type":"Polygon","coordinates":[[[8.401794600076512,49.32613258674856],[8.408222718773441,49.327866882827884],[8.40896780213144,49.32761364027888],[8.409042438656824,49.32736511644326],[8.40848735257472,49.326214393358256],[8.407840518857647,49.32580233141708],[8.402991319528523,49.32392391850829],[8.402770360019735,49.324030134368506],[8.401794600076512,49.32613258674856]]]}},{"type":"Feature","properties":{"OBJECTID":40,"we_nr":"2159","lgbez":"StOÜbPl Speyer","typ":"9","plz":"67346","ort":"Speyer","strasse":"Am Ameisenberg","bl":"RP"},"geometry":{"type":"MultiPolygon","coordinates":[[[[8.394636570566762,49.33283827060206],[8.398423146457949,49.337205368737735],[8.402425758191864,49.33573725291715],[8.404606147253144,49.33387467737325],[8.405186325976109,49.332996228120095],[8.407366900090357,49.33101111400318],[8.408779176583014,49.32824773509015],[8.40896780213144,49.32761364027888],[8.408222718773441,49.327866882827884],[8.401794600076512,49.32613258674856],[8.400437044459387,49.32759725320406],[8.394636570566762,49.33283827060206]]],[[[8.397962440972838,49.324762250501514],[8.39772104928293,49.324466391673745],[8.397377122089846,49.324749062797444],[8.397666983279215,49.32490266443513],[8.397317202663743,49.32519558616365],[8.39638439566584,49.324645079231566],[8.395677071194179,49.325163472003595],[8.39520588686129,49.324906659845325],[8.39189828818808,49.32734886569903],[8.393222705852672,49.328111466355445],[8.394680053518071,49.32699763415069],[8.396603584595182,49.32819421050302],[8.39721653835132,49.328281783919486],[8.39988375051626,49.32807717971318],[8.400660526437495,49.32665003295759],[8.39869743265694,49.32435505128421],[8.397962440972838,49.324762250501514]]]]}},{"type":"Feature","properties":{"OBJECTID":41,"we_nr":"2266","lgbez":"StOÜbPl Lebach","typ":"9","plz":"66822","ort":"Lebach","strasse":"Höchstener Str.","bl":"SL"},"geometry":{"type":"MultiPolygon","coordinates":[[[[6.941725194760415,49.47562580950725],[6.942231919140909,49.4750773155525],[6.944101880982666,49.47539192283539],[6.945213710538622,49.475942041194735],[6.9471001690422804,49.47717805882035],[6.943821439527363,49.47470375209383],[6.945918715560244,49.473525791189005],[6.945407963133999,49.472366085231045],[6.945483990251457,49.472019516126366],[6.944667777390944,49.471651736461624],[6.94421725341127,49.47124848003458],[6.942996504923728,49.47132573076976],[6.942210297590333,49.471107312297875],[6.942377373453418,49.47089041061799],[6.942338930949156,49.470761905888644],[6.942080690457756,49.47108759835465],[6.9420526459528995,49.470826626468444],[6.941825724325575,49.47071167877433],[6.941776380765336,49.47017836721386],[6.942156691524065,49.47015255372179],[6.94209907268343,49.46995992728066],[6.942462261552847,49.47000271564405],[6.942453854220077,49.46727494679445],[6.942348326428701,49.46725727227161],[6.943499095257278,49.46528325620027],[6.943790750382284,49.46543559637473],[6.944976715203712,49.46456054876692],[6.94689844156542,49.464541974747796],[6.948018774573867,49.46389211901681],[6.951954733110304,49.462372254454344],[6.951882972990458,49.46229529262273],[6.9505908722182195,49.4627380357778],[6.95027357109014,49.46267029474442],[6.949663135311768,49.46312009149049],[6.947630513724856,49.463829669755484],[6.946776105396752,49.464332197719976],[6.945341078171202,49.46439918155913],[6.945115535457855,49.46413995357554],[6.9466566869561195,49.46311338832346],[6.947965292475099,49.46181843379821],[6.948261626026124,49.46062818009547],[6.9479563174070975,49.45999690659417],[6.947208032453411,49.459260865613075],[6.941662281249486,49.459078325790344],[6.941321416413207,49.459196668105335],[6.940698015250326,49.45943664795162],[6.940995013554669,49.45991026719433],[6.938164723927959,49.46102566477334],[6.93751086179213,49.46169437184436],[6.936919976947588,49.46135546526608],[6.936607887844804,49.46097177554335],[6.934781875180013,49.46233502242599],[6.933004367048973,49.46334414349003],[6.931339648690082,49.46456321103851],[6.931597235207963,49.4646134100108],[6.93145058703441,49.46592065471311],[6.927672835294247,49.466862431985135],[6.927649833931398,49.46660416396933],[6.92300157695157,49.46753983560794],[6.921686769463896,49.4684133775475],[6.921120623323992,49.46851069918015],[6.921231071188173,49.468751802143444],[6.921110166934075,49.46876651343664],[6.921169716254275,49.47000680901566],[6.92057297349576,49.47160720705227],[6.920816642414943,49.47143152032713],[6.922928817006822,49.47090485390874],[6.9235661510397195,49.469285894563825],[6.9238604921274485,49.4690646216636],[6.924921790550333,49.468548945802674],[6.923623504877377,49.46932211663406],[6.922605065076684,49.472065962753675],[6.922065365338734,49.47273094903394],[6.921558713721805,49.472781502719776],[6.9212138783319554,49.47308800565098],[6.920756434629639,49.47314152781537],[6.9202924026830415,49.473406618398464],[6.922021601214733,49.47414436382159],[6.922854820081902,49.474678212412044],[6.923696210923202,49.475522907237455],[6.925986843931121,49.4730624248493],[6.927229596651534,49.47436419885233],[6.926550328362857,49.47488971377717],[6.930110615939006,49.47669348842097],[6.930109775115888,49.474694088763364],[6.930922608514321,49.475321069480536],[6.933231919293627,49.475986606938385],[6.933074652135119,49.4750283536697],[6.933787166174179,49.47523400772446],[6.934136870432865,49.47563267498203],[6.934365593182338,49.475611743511145],[6.934832126038689,49.476498217906766],[6.937378491441713,49.47664051880417],[6.9374443927492875,49.476893692625914],[6.938592358834188,49.47639057498454],[6.938715329213442,49.47651080049428],[6.938903261262473,49.476457243488035],[6.939256149150539,49.47672875593944],[6.939411503795795,49.47660900200093],[6.93979879985419,49.477070981813256],[6.940612298904238,49.47666187184124],[6.9419628045430075,49.47677694565697],[6.942110404930715,49.47587571345249],[6.941693196769999,49.47580618053758],[6.941725194760415,49.47562580950725]]],[[[6.933609025761745,49.475045254896195],[6.934004994155886,49.47499020608281],[6.934077474724603,49.47510165434319],[6.933690915284729,49.475155522195585],[6.933609025761745,49.475045254896195]]],[[[6.945526545243099,49.47237327513759],[6.946010238616337,49.47347468373231],[6.946628176225638,49.47313004761085],[6.945578194778686,49.472066906080876],[6.945526545243099,49.47237327513759]]]]}},{"type":"Feature","properties":{"OBJECTID":42,"we_nr":"2267","lgbez":"StOÜbPl Merzig","typ":"9","plz":"66663","ort":"Merzig","strasse":"Auf der Ell","bl":"SL"},"geometry":{"type":"MultiPolygon","coordinates":[[[[6.659467804069311,49.47959049891627],[6.661345192283542,49.475581977146376],[6.663421332754412,49.47612385628612],[6.663978325061558,49.47529619671013],[6.664360356094064,49.47540405917488],[6.6648248839106925,49.47482045147093],[6.663975640895497,49.47426409051469],[6.662252641637575,49.47389317969951],[6.66088794531229,49.47340646371104],[6.6599635528336325,49.47328819774275],[6.659657384526883,49.47344199452186],[6.658935598975779,49.47311261861561],[6.660027443711604,49.471833023429106],[6.659875266407516,49.47179181803053],[6.66081150227484,49.47029218015627],[6.661381129386464,49.47041129689409],[6.661859921551505,49.46952816942934],[6.661998196528277,49.468711507771935],[6.663819453511966,49.46913947360063],[6.663799900781473,49.4687528698799],[6.664111844357196,49.46889692068492],[6.665123581827544,49.46835917244098],[6.664674992819018,49.468151083143994],[6.665665541726725,49.46745609291817],[6.666330123458854,49.467925312259545],[6.667231272029511,49.46722209893048],[6.666904755084942,49.46696616627074],[6.667857313340996,49.46638373131873],[6.668179276725378,49.46663412669488],[6.668936196285567,49.4659450108976],[6.6690754180866465,49.466048996414145],[6.6702628884844755,49.465515601982744],[6.670553166492165,49.465908586665506],[6.671679604451254,49.464889996773394],[6.672919149287799,49.464679358334784],[6.672671005860208,49.4642783395666],[6.670536536879628,49.463106696832455],[6.670991502130053,49.46326255269481],[6.671004926553679,49.46258685200673],[6.670856467376545,49.46261693921471],[6.6703046080429145,49.461914590296004],[6.670440076682721,49.461847295363945],[6.669183037156,49.46103248266519],[6.670047561412522,49.46054494407686],[6.669752919389199,49.45927914559964],[6.669088806577656,49.459299374618276],[6.669348636188789,49.458054567616664],[6.669525526146331,49.45803434859458],[6.669305318527447,49.456826219586965],[6.668132140325808,49.455927873993986],[6.667207793661236,49.456527153995395],[6.665757996335809,49.456122267110906],[6.665659467318785,49.45625868162308],[6.66699658177162,49.45667735386215],[6.667169323309198,49.45655495826633],[6.668175581056318,49.45736319751739],[6.667794096199482,49.45754451809079],[6.667789471672423,49.45771741037716],[6.667893516345259,49.457745219228066],[6.667627849481418,49.45931304533116],[6.667075739517831,49.46094073210634],[6.667602137901358,49.462356041894296],[6.666159930441742,49.46203496869342],[6.665803730465243,49.462725455490734],[6.662682635519747,49.46201913027725],[6.662509853557966,49.46234917806181],[6.661031242769801,49.46202461741],[6.660421989174342,49.46149942396743],[6.660449851321188,49.46131146249041],[6.660042615358451,49.46130343836126],[6.659812917936895,49.46074749082285],[6.660290377900373,49.46097583580485],[6.661170131295891,49.45967616651763],[6.660741221680281,49.459579060308094],[6.660946601707073,49.45918503749107],[6.660457832852499,49.45906410906826],[6.6605984677035135,49.45881809921512],[6.656531031742042,49.45785166990367],[6.655985350122652,49.458848048017344],[6.6551117007794796,49.4586536919875],[6.654887953798364,49.45910882504788],[6.655553816528087,49.45927610059007],[6.655186232201971,49.46020193243903],[6.656041488539705,49.46056855790393],[6.65532367983035,49.461172741151735],[6.654922865923564,49.46135344741238],[6.65423208841944,49.46209015292552],[6.6553101089813635,49.46215750707778],[6.657265370350956,49.462789538611354],[6.659251958669432,49.4638422947147],[6.659620337106249,49.46297613813433],[6.659941965419047,49.46262626103744],[6.6602881824178,49.4628697394596],[6.660024416389085,49.461306221671],[6.66037519054128,49.461313300513844],[6.66063447757,49.462837830788565],[6.6605079211161,49.46401310441834],[6.659987944788556,49.46507878639968],[6.659681587835584,49.465420677992384],[6.65718140661794,49.46739992285715],[6.656633416328275,49.46799745247896],[6.656551147716216,49.468304889047054],[6.65674809705408,49.46936412679969],[6.656688245899956,49.46973688801865],[6.656577435116382,49.469983436746375],[6.655872603469632,49.47065300812032],[6.655257254804967,49.47159438912218],[6.654927443738241,49.472355493878666],[6.654884932764058,49.47305760031904],[6.6539941049377225,49.4741414248049],[6.653165398308208,49.47471247856708],[6.650162916014546,49.47494326782785],[6.6486697426372645,49.4758878187362],[6.648362729015847,49.47647258752144],[6.64790630669803,49.47691484067944],[6.653640476837848,49.477851915235554],[6.654816903347592,49.47830976263005],[6.655670689143176,49.478859338095575],[6.6570293972988095,49.47944694706476],[6.659467804069311,49.47959049891627]]],[[[6.663566054939953,49.462694266033544],[6.663734748668877,49.462366863697],[6.664505156433052,49.462528831963056],[6.664334508868375,49.46287128257949],[6.663566054939953,49.462694266033544]]],[[[6.659365207480697,49.45957366515624],[6.658133454630909,49.45926516658091],[6.6580203998557845,49.45947624460963],[6.65758525952534,49.45937762163321],[6.658053174888924,49.458323101387855],[6.659791688051787,49.45877345362217],[6.659365207480697,49.45957366515624]]],[[[6.64400261115502,49.468753003565865],[6.6437772391215555,49.468430525078844],[6.643145527643991,49.468450402967456],[6.643159614125978,49.468591181388],[6.64400261115502,49.468753003565865]]],[[[6.656284558282556,49.46952095925701],[6.655903357293368,49.4683303853491],[6.655850803154301,49.46893678640987],[6.656125774767879,49.46984909136949],[6.656284558282556,49.46952095925701]]],[[[6.66487491917373,49.47643024024229],[6.665402690182989,49.47546530643406],[6.664756326284833,49.476405300327094],[6.66487491917373,49.47643024024229]]]]}},{"type":"Feature","properties":{"OBJECTID":43,"we_nr":"2276","lgbez":"StOÜbPl Saarlouis","typ":"9","plz":"66740","ort":"Saarlouis","strasse":"Ittersdorfer Loch","bl":"SL"},"geometry":{"type":"Polygon","coordinates":[[[6.693430215086335,49.30590047720204],[6.6914545035692825,49.3064800271594],[6.691921666144665,49.30690446748076],[6.691183328236106,49.30690088411977],[6.6882341977855,49.30639724945219],[6.6856595875533005,49.30697471606349],[6.682823947560744,49.30687740835455],[6.682286163031005,49.307226836534085],[6.682298296575535,49.30935922288907],[6.682074611578186,49.311874793372205],[6.684091267407549,49.31345179092278],[6.685593277512279,49.31276242280939],[6.689978894950785,49.3167462035186],[6.690593591438524,49.31750565692354],[6.690503050241025,49.317574620264814],[6.693006487851582,49.31851699793546],[6.691811327874931,49.31800302655926],[6.69172019109439,49.31791140491985],[6.692801434811534,49.31835487504849],[6.691526526895512,49.31728664355241],[6.692935462553628,49.31645845210096],[6.693191406951148,49.316629768588484],[6.693462464605038,49.316474419498334],[6.6929431745903445,49.31585586016189],[6.693828289131506,49.314897454885205],[6.697090023419569,49.31596294371599],[6.697005730004851,49.3158085347563],[6.697136774441884,49.315776368211694],[6.695916646690237,49.31268510268766],[6.700742765604766,49.313638823823275],[6.701206807432831,49.31299645559596],[6.703245962466833,49.310970078310326],[6.70390625923504,49.31101160682636],[6.703541401295815,49.309879350861046],[6.704194433388326,49.309938914306414],[6.706209392300139,49.30885006574506],[6.70791593532033,49.30758477303992],[6.706381869733003,49.30866204242207],[6.70560404368123,49.308610816453744],[6.701375577518542,49.30672897854192],[6.701710412862636,49.30653679852431],[6.699061061002156,49.30474676491457],[6.698880312780445,49.30490206488887],[6.698577350560939,49.304703437599905],[6.698239729541146,49.304979595789064],[6.698473252887508,49.30518804052914],[6.696442102741009,49.30422406114664],[6.6962787737509855,49.30449008760907],[6.696421984071911,49.30468755893289],[6.696046160398017,49.30522176148117],[6.693491932041296,49.304603149870374],[6.693093397160381,49.30543761520839],[6.692753318349962,49.30504559471672],[6.693117337262698,49.30447090883216],[6.692306099272243,49.30418452896919],[6.6923457509088635,49.30457580246986],[6.692534168946493,49.30479297516896],[6.691960310769873,49.3049833491517],[6.693227733024614,49.30559246902687],[6.69328221225336,49.3056552714304],[6.693030511497229,49.3055945758742],[6.693430215086335,49.30590047720204]]]}},{"type":"Feature","properties":{"OBJECTID":44,"we_nr":"2308","lgbez":"StOÜbPl Idar-Oberstein","typ":"9","plz":"55743","ort":"Idar-Oberstein","strasse":"Am Rilchenberg","bl":"RP"},"geometry":{"type":"MultiPolygon","coordinates":[[[[7.29728406610859,49.704080598635926],[7.2973957509529415,49.70344910779886],[7.297724147173105,49.702886413305954],[7.297765565795916,49.70241835602196],[7.297303050205486,49.70230366744007],[7.296565434542462,49.701299779728025],[7.296469027346149,49.70087643396169],[7.296633428924641,49.70000379400731],[7.296561655330038,49.69943957741068],[7.2971714488129855,49.69731075514789],[7.29691748070908,49.6973463917148],[7.296432695882801,49.696702051518805],[7.296009382771409,49.69707587714767],[7.2957134390892255,49.69717769201669],[7.295380641124183,49.69694838164894],[7.295799881274068,49.69669425019884],[7.296097822809463,49.69692498942508],[7.296393187078287,49.696660416186255],[7.295835566848736,49.69635436221846],[7.295288745267228,49.69623649076947],[7.293945968733154,49.696349689295616],[7.293511233542934,49.69579808542534],[7.292477657129713,49.69650332548914],[7.292098265347513,49.696931990010306],[7.292277719995202,49.69831197811275],[7.292766932617542,49.69925386254438],[7.292882857510025,49.69980350342015],[7.292835406700072,49.700522345018115],[7.294178531780487,49.70083462674029],[7.293786320140839,49.70148740234293],[7.296274008487848,49.70273444846252],[7.295364100444859,49.7036411543923],[7.294940012087373,49.70383741810721],[7.294601901485729,49.70371747213144],[7.294442211570913,49.703868703614766],[7.29352914055981,49.70356368154801],[7.292752558674684,49.70303137796853],[7.2926041884307615,49.70315477203196],[7.292651316745526,49.70328372926469],[7.290472788993498,49.70315141627159],[7.290272267954075,49.7032885281748],[7.28983542711279,49.70327629327708],[7.289816533745733,49.703415457431326],[7.2891024638246,49.70329568064149],[7.288565664746743,49.70305382838173],[7.287911757695124,49.703433094828185],[7.2866673987869675,49.703836212002585],[7.286598049745365,49.70496185772317],[7.287070278818911,49.70581271648293],[7.286339053770805,49.70611268935305],[7.285917977464452,49.70583944431753],[7.285679270838936,49.706596901909826],[7.2846285321122,49.7074120895129],[7.284218019993616,49.70744288764011],[7.282981886958514,49.70808138305556],[7.283585741679117,49.70828256202351],[7.283688879053517,49.70931856163872],[7.284023770093163,49.70966286734622],[7.2860144214917115,49.710467588616225],[7.28786141520828,49.710920014429625],[7.288155333189509,49.71088697568701],[7.289218065323595,49.71136111980396],[7.289713751205853,49.71134967810523],[7.289680877358033,49.71158025073086],[7.290092051534979,49.71176532249859],[7.290033063661866,49.71042721807236],[7.288638425589789,49.70952155430361],[7.288348100869718,49.70911283202933],[7.288977350963401,49.708324170551066],[7.288890959084196,49.7079331070776],[7.288472997236948,49.70768722708418],[7.28887716904625,49.70665809077652],[7.292393034033294,49.707215376072035],[7.2924248218179555,49.70704814787487],[7.2930037734422175,49.7070475988895],[7.293523326663294,49.70672818364487],[7.295039081890182,49.70699394759729],[7.295343415837125,49.70672273558279],[7.295085554434764,49.70541325598157],[7.297635248994233,49.70504496017242],[7.29728406610859,49.704080598635926]]],[[[7.290341368162347,49.71412744734758],[7.290562145313125,49.714651777472376],[7.29093991653456,49.71502694673053],[7.290988594443184,49.71484992103902],[7.291453219277866,49.714899566874124],[7.291408415803057,49.715076919978856],[7.293339830495131,49.715346003046726],[7.294287843275837,49.715310884429655],[7.294980133542908,49.71449360706058],[7.295112104142983,49.71401180011824],[7.293385348130566,49.71396394879583],[7.293201495331254,49.71385047299596],[7.293126606379249,49.713405485102264],[7.293028592995228,49.71341953902806],[7.293147617973762,49.71405341884031],[7.291533968838766,49.71426473795973],[7.2913496605935935,49.7136970874009],[7.290404029246691,49.7139259632428],[7.290341368162347,49.71412744734758]]],[[[7.303176050480949,49.71057067430538],[7.30351014022335,49.711773084222514],[7.303223688140468,49.71261149877915],[7.303433362114318,49.71280975638791],[7.303747417629284,49.712797581394],[7.304243462837681,49.712532751867556],[7.305658464818897,49.71129565573121],[7.303773563095642,49.710757640144216],[7.302894131296985,49.709831117646026],[7.303316675450496,49.70897270535532],[7.302888048804171,49.70892784368194],[7.301843397061835,49.708047087003436],[7.302024440829255,49.70789657261018],[7.302355138533151,49.707944418291845],[7.302708986720247,49.70755490691296],[7.302704820333975,49.70705479669675],[7.302239971818783,49.70699669136505],[7.29942673401278,49.70570322208098],[7.2985615728507485,49.705042078606674],[7.298935918795984,49.704768818834935],[7.299046622680038,49.70448059412786],[7.297714600776549,49.703948466171965],[7.297814074821254,49.70472068767671],[7.298389520320977,49.705555737656674],[7.301045175659823,49.70759252913894],[7.30182014237407,49.70839058611056],[7.303176050480949,49.71057067430538]]],[[[7.302074883029112,49.71350827877322],[7.302799339271555,49.713940554889156],[7.304058670400539,49.71292320557603],[7.305109498060487,49.71234581086875],[7.3056997828304,49.71216010002608],[7.305264797010189,49.711905684504615],[7.304672658117534,49.71254868806818],[7.303422498787583,49.713202738690775],[7.302645636628096,49.713487654767775],[7.302074883029112,49.71350827877322]]],[[[7.297671593034007,49.699945157322574],[7.297749015235091,49.69954165692365],[7.2967178193573785,49.69947623618672],[7.296801790276905,49.70001648931666],[7.296706431414538,49.700858131541274],[7.296714858510212,49.70107995924718],[7.2971966591331325,49.701782425656745],[7.297776118305556,49.70229937041126],[7.297647890086922,49.70171074881672],[7.2970468318218185,49.700611066493174],[7.297530403922482,49.69992083632497],[7.297671593034007,49.699945157322574]]],[[[7.2981078077495125,49.703069041461774],[7.297821537126309,49.7037753611955],[7.298624401920017,49.70331930451504],[7.2981078077495125,49.703069041461774]]]]}},{"type":"Feature","properties":{"OBJECTID":45,"we_nr":"2310","lgbez":"StOÜbPl Idar-Oberstein - Zufahrtstraße","typ":"13","plz":"55743","ort":"Idar-Oberstein","strasse":"von B 41 zum StOÜbPl Idar-Oberstein","bl":"RP"},"geometry":{"type":"Polygon","coordinates":[[[7.302573422859016,49.713322389403956],[7.303935243677125,49.71272748043818],[7.303433362114318,49.71280975638791],[7.303223688140468,49.71261149877915],[7.30351014022335,49.711773084222514],[7.303312860305488,49.710875293968556],[7.302389676959225,49.70916715890512],[7.30182014237407,49.70839058611056],[7.301045175659823,49.70759252913894],[7.298389520320977,49.705555737656674],[7.298088383478139,49.7051677582861],[7.297814074821254,49.70472068767671],[7.297695401982313,49.70397954129557],[7.2981078077495125,49.703069041461774],[7.297788088356714,49.70216440307507],[7.297724147173105,49.702886413305954],[7.297292053928116,49.70377513229095],[7.29728406610859,49.704080598635926],[7.297686022672417,49.705184385920745],[7.29841682910561,49.70597615881744],[7.299950422179097,49.70694207856403],[7.301217726754551,49.70795112508371],[7.302500441928715,49.70972447583064],[7.303205097505667,49.7112748623292],[7.3032574513204125,49.711698329510334],[7.3031431155476945,49.71221558408204],[7.302840956422025,49.71270959489933],[7.302151605442591,49.713218401665976],[7.3016758441933245,49.71329091539574],[7.302573422859016,49.713322389403956]]]}},{"type":"Feature","properties":{"OBJECTID":46,"we_nr":"2370","lgbez":"StOÜbPl Koblenz, Schmidtenhöhe","typ":"9","plz":"56076","ort":"Koblenz","strasse":"Schmidtenhöhe","bl":"RP"},"geometry":{"type":"MultiPolygon","coordinates":[[[[7.618516523696687,50.33470574838325],[7.618840127404803,50.33485349742794],[7.618604346592135,50.334830828277035],[7.619153391503959,50.335254726707824],[7.6196949920770685,50.3354587290813],[7.619946590425231,50.33537989747174],[7.6206952068572456,50.33572287227593],[7.620665198635167,50.33599434237965],[7.621014155495569,50.33605664587242],[7.62107897163825,50.33582197870483],[7.622295708249721,50.33635078823907],[7.623667645894543,50.336761280302404],[7.6255126489444764,50.33702660083339],[7.626412349430879,50.33695662865671],[7.628022602934078,50.335917316663895],[7.629962678283802,50.335419439438134],[7.629988199421011,50.337747171165084],[7.629344832302639,50.33872169215163],[7.629183706879997,50.33970258756101],[7.628553055414472,50.33994116862346],[7.626647278640632,50.341406416460366],[7.6276349053287475,50.342467964870174],[7.626658878585919,50.34269367522503],[7.627308553674211,50.34267316886304],[7.6283680581614925,50.34241534370309],[7.628608942303272,50.342832586116664],[7.628908799945142,50.342976898773415],[7.6292034680196155,50.343357555670885],[7.62936086363721,50.34330765748136],[7.629460668261911,50.34343658501308],[7.6293032717460205,50.343486481920564],[7.629678100086563,50.34397199771833],[7.630127227185984,50.34394429088068],[7.632057624086812,50.343271026955335],[7.632511232881187,50.34338160123873],[7.63376905573881,50.3441843870328],[7.633932866225844,50.34439982925548],[7.633818157652231,50.34447553299645],[7.634706304007464,50.34532861203828],[7.636025399154019,50.34591887195542],[7.635854350042404,50.346081626146436],[7.636495270149949,50.34650130191617],[7.636854414803967,50.34662938669639],[7.638439014219287,50.346044474947426],[7.639393919773157,50.347228152880156],[7.640201265363522,50.34758577270853],[7.640464532827248,50.34750740147311],[7.640260182269763,50.34758595786523],[7.640579187501936,50.34773670329626],[7.640511162577023,50.347930457056684],[7.6415963157623015,50.34828858005307],[7.642214268642953,50.348708557899755],[7.642887962885306,50.348060114378356],[7.644365826275186,50.34707033426171],[7.64596258169293,50.34527781302168],[7.6463458209595,50.345078552490214],[7.646616202181975,50.34531423963629],[7.647096160360248,50.34516166581017],[7.646726738979368,50.34486438773348],[7.648155135739806,50.34563641692708],[7.6498948634249135,50.34433048650873],[7.651292689617923,50.3441435710764],[7.650422201446236,50.34387566694201],[7.649353423650285,50.343226887979576],[7.648992222752578,50.34273536269567],[7.648971402499247,50.34218293409339],[7.64923457384325,50.341742379731556],[7.651724303162531,50.33924715377536],[7.652846148035593,50.338266263868576],[7.653412862809093,50.33809739615654],[7.6535458988110925,50.3379329891367],[7.652396115434397,50.337333390775456],[7.649367381673187,50.334621165498],[7.648241126970406,50.33408093802087],[7.646883190467579,50.33377114306267],[7.645698025146769,50.333742634957936],[7.642482464264322,50.334014012017505],[7.639526753654243,50.33409412802369],[7.6375620977034036,50.334356756427525],[7.637414405687524,50.3342450349735],[7.633652673603836,50.33485128068537],[7.6308994118177855,50.33491145838676],[7.627847135009607,50.33580451174572],[7.6264329549868695,50.336692871320786],[7.625936510926495,50.33682571114085],[7.624955262276904,50.336797480087],[7.623090957126469,50.336437053194835],[7.620068244772603,50.33524342691948],[7.619453795321532,50.33473608389583],[7.618516523696687,50.33470574838325]]],[[[7.6293080669529925,50.3420889078225],[7.629113365199999,50.341751450660475],[7.629771816828602,50.341595404871654],[7.629966136797628,50.34193114722877],[7.6293080669529925,50.3420889078225]]],[[[7.618516523696687,50.33470574838325],[7.616386449274476,50.33386628043128],[7.614985402621169,50.33390759261426],[7.615212782389314,50.334203568838724],[7.615384932835436,50.33404109160969],[7.616241313863902,50.33397883134603],[7.618584854947112,50.33494909306392],[7.618516523696687,50.33470574838325]]]]}},{"type":"Feature","properties":{"OBJECTID":47,"we_nr":"2385","lgbez":"StOÜbPl Kastellaun","typ":"9","plz":"56288","ort":"Bell (Hunsrück)","strasse":"Am Bahnhof","bl":"RP"},"geometry":{"type":"MultiPolygon","coordinates":[[[[7.432036289597877,50.050128456480955],[7.432181572332174,50.05010122289842],[7.43215909738209,50.04961166931776],[7.4317997263526046,50.048394453472575],[7.431941458944906,50.047436181189845],[7.432604977071737,50.04654063330624],[7.434337780542649,50.04533392015435],[7.433096852300574,50.042210301223896],[7.432826031801918,50.04208965177187],[7.425597187199969,50.04118063721637],[7.424369114747924,50.04076401551412],[7.422102377824897,50.03938689522488],[7.4194802862400415,50.03847745677345],[7.416111400904846,50.03814999819401],[7.4136916611259664,50.03870674562778],[7.41376221391008,50.03922886587776],[7.41430741672745,50.039885178452245],[7.414549962752527,50.0405673508326],[7.414399785996542,50.04323333641351],[7.414496089886588,50.044154870538556],[7.414782793497759,50.04463144380497],[7.418175059284846,50.04861246039167],[7.418462913637899,50.048519672403316],[7.418812874814755,50.04894313904483],[7.421900778807123,50.04999691974357],[7.424905512278878,50.05141614204506],[7.426885530319383,50.052566916496],[7.424202660519032,50.05412956073002],[7.424045589193256,50.054455540477406],[7.424364379728057,50.05485840916031],[7.424537371895626,50.05476759252844],[7.425504404705847,50.055031746302205],[7.425441413041504,50.054901990216216],[7.424465828269747,50.05461579101814],[7.4242934065324,50.0544341797351],[7.424343696916982,50.05422737599669],[7.427055563436412,50.05263797577543],[7.427416482263097,50.05278879492178],[7.43044011718675,50.051947201773984],[7.431640071472077,50.05103837965897],[7.432036289597877,50.050128456480955]]],[[[7.420863802270554,50.04955347522538],[7.421433590180626,50.04915353155275],[7.4218407614646695,50.048867725506724],[7.420863802270554,50.04955347522538]]],[[[7.424067535035651,50.040147523502014],[7.423981451278584,50.0402963031797],[7.424137277539381,50.04023550212817],[7.424067535035651,50.040147523502014]]]]}},{"type":"Feature","properties":{"OBJECTID":48,"we_nr":"2405","lgbez":"StOÜbPl Mayen","typ":"9","plz":"56727","ort":"Mayen","strasse":"An der B 258","bl":"RP"},"geometry":{"type":"Polygon","coordinates":[[[7.184465148125304,50.32411733725054],[7.184025597066843,50.3243142121171],[7.183500325170677,50.32496288234332],[7.182921569379114,50.32543644803313],[7.181563527773429,50.32617620679757],[7.181610145845107,50.326375828786944],[7.182292070452101,50.326031855715904],[7.182134318203358,50.325945300600836],[7.182780061365654,50.325649309636894],[7.183149931005854,50.3260539750635],[7.1840038982611505,50.32631901473297],[7.184747635044533,50.32711447240612],[7.189825429562375,50.32861764660916],[7.191991411443138,50.32946126853627],[7.191396963880208,50.330355780548274],[7.1905871443295375,50.330126991198],[7.189185364651,50.33011923584079],[7.189344347591665,50.329868468859466],[7.188998960636264,50.32978359350199],[7.188823964327304,50.32999948984491],[7.186741840178334,50.32927622314208],[7.184443965850911,50.32871956122421],[7.182476349052904,50.32916673828978],[7.182166847098127,50.32937525470594],[7.179386613395687,50.329361741108215],[7.178698314343423,50.32901119308382],[7.178430254367647,50.32835287380788],[7.178685508859029,50.32799273037756],[7.1806816920830725,50.326973794507005],[7.181226668525008,50.326436880908055],[7.177481316322196,50.32847463224994],[7.180279849605309,50.33056320277261],[7.181222249712118,50.33097916328843],[7.183635861184133,50.329241763245115],[7.185224711427384,50.32981994827517],[7.188256794107976,50.33265646038615],[7.188792513410887,50.332960794506626],[7.190103464431055,50.333283989685036],[7.192288991855767,50.332624405002285],[7.194159317515216,50.33243890515955],[7.196903406603903,50.33265583822454],[7.199133593772988,50.33312261428236],[7.202353897760144,50.33093372723416],[7.201816043161797,50.33006791362566],[7.2007284285926385,50.32937684949944],[7.201082908295395,50.32893662940436],[7.199910579899975,50.32872065024067],[7.199819417966616,50.32843215692992],[7.197543130155481,50.327389146435365],[7.197725603142551,50.32695721492428],[7.19793965550509,50.326981787228675],[7.198376371480544,50.325243668091105],[7.197679948064861,50.324601413629765],[7.197029661223846,50.324242581517154],[7.197126748444828,50.323546295559225],[7.197917422201826,50.32357640935812],[7.1981104701563945,50.32316636314759],[7.196781294115744,50.32291745616646],[7.196998171679887,50.322537974694704],[7.1968013211567055,50.32251935232433],[7.197179557705436,50.321386225657285],[7.195799929583462,50.32132324849769],[7.195044750059985,50.32114673867716],[7.193603677172568,50.32062111700374],[7.191463106834569,50.32009660396914],[7.189184263316459,50.319271625861504],[7.189049721738025,50.319373387871586],[7.189087727661061,50.31924865216065],[7.1881950052877785,50.31914162151518],[7.185922511960384,50.319224795704486],[7.18547728804092,50.31954803957189],[7.1855058580602105,50.32000557105426],[7.184875953993006,50.32053509348187],[7.184988809342175,50.32091187684652],[7.186181785514382,50.32154705417285],[7.186954996022235,50.32226505004669],[7.187242791984778,50.322589081934325],[7.18733227766182,50.32311471453713],[7.187110905826329,50.32352528253297],[7.186641308816546,50.32384352754268],[7.184465148125304,50.32411733725054]]]}},{"type":"Feature","properties":{"OBJECTID":49,"we_nr":"2512","lgbez":"StOÜbPl Gerolstein","typ":"9","plz":"54568","ort":"Gerolstein","strasse":"Auf Kleischheide","bl":"RP"},"geometry":{"type":"MultiPolygon","coordinates":[[[[6.626696060554219,50.20956076993353],[6.627154633438821,50.209086869238014],[6.62551920015821,50.207770025212355],[6.624798627332719,50.20738916060775],[6.6218796991402975,50.20501406484659],[6.620227716197191,50.204022824214164],[6.617725982690729,50.20303401817651],[6.616701098376191,50.202449846606584],[6.61322561715277,50.20149635338738],[6.609835472288064,50.200797355921196],[6.609493850171998,50.20084646181157],[6.606869172337432,50.20320941320621],[6.605545277492318,50.20538966571535],[6.607803944849184,50.206118805938104],[6.609172220960904,50.20681862583168],[6.609889186152183,50.20688819215191],[6.609885327888049,50.206978289349145],[6.610726910070496,50.20718957048463],[6.611104115353294,50.207464675476515],[6.611981498094804,50.20769776836663],[6.612506276815864,50.208069741048],[6.612778350464304,50.20805839666373],[6.613415982737906,50.208358483811146],[6.614838975233606,50.209351602882926],[6.615738217579222,50.209781273145964],[6.617146404940689,50.2090967554042],[6.62009651186004,50.210860741557845],[6.622225517287039,50.20958235014343],[6.622731920968969,50.20974565332376],[6.623123674467794,50.20951040821552],[6.624968056781866,50.210105149692595],[6.627183863719879,50.21121545050563],[6.627999546574372,50.211220789464356],[6.629812981926866,50.21084934839654],[6.630433409666154,50.210981006563465],[6.630916277487628,50.21129259946476],[6.63134274099074,50.21185958032602],[6.631564160436943,50.21322734998876],[6.631727247780147,50.21346725611854],[6.632647495432062,50.21399364961803],[6.632643537454917,50.2142819874853],[6.633619698046746,50.214328328856446],[6.63305502065233,50.214106983230096],[6.632726967588624,50.21379648655818],[6.632892506434274,50.213678067036675],[6.6319654944682815,50.21317764173393],[6.631906711411006,50.21256609834255],[6.631658188894374,50.211757883820276],[6.631514972285235,50.211646436558716],[6.631640849612763,50.21164241067371],[6.631087237665995,50.21100013883367],[6.630013120283993,50.21039135405143],[6.626696060554219,50.20956076993353]]],[[[6.622577552673893,50.209144568982055],[6.6212501409244755,50.210131639287845],[6.6199728605577866,50.20963055072026],[6.618809921353732,50.20956295974724],[6.617489577548945,50.20912868651112],[6.611567504106169,50.20618974682386],[6.6114912272570505,50.204789280283975],[6.613027482038737,50.20380674872211],[6.61306291428849,50.203717660369534],[6.61272969950516,50.203499118564615],[6.612718838873351,50.203300840378446],[6.612923634995229,50.20291836752395],[6.613088519867359,50.20286578912588],[6.6129730629971295,50.20281672211191],[6.613067128285475,50.202630522178886],[6.613449327302938,50.20256660582389],[6.613821767023166,50.20281689460784],[6.614693104102776,50.20227236673628],[6.615684359984667,50.202199858919734],[6.617370002801453,50.20282114835699],[6.617839722880438,50.20316691571735],[6.615411506598545,50.20467006910727],[6.620246148728502,50.2070761405264],[6.622734786594743,50.20813399268745],[6.624036346626919,50.20891487169542],[6.623698979830338,50.209372954949146],[6.623252156011342,50.20936982630287],[6.622577552673893,50.209144568982055]]],[[[6.605224084862446,50.19994783844676],[6.602943583054293,50.202355211074284],[6.600562672055258,50.20275725180682],[6.600529053504078,50.20315784019776],[6.601024723216655,50.203192575440134],[6.601672435486055,50.20295962269223],[6.601920308520754,50.20298376686765],[6.6018706253973445,50.2031562572715],[6.602501484373697,50.20317836936095],[6.602552568868944,50.20304021535125],[6.603090984914343,50.20304528555729],[6.603169639604013,50.20297555034009],[6.603022999515335,50.20293117301701],[6.603234032640228,50.20283020496601],[6.604022872935715,50.202623476267554],[6.604845965993,50.20178287732456],[6.604742427969961,50.201640704622044],[6.605143761103002,50.201529455108464],[6.605300258405299,50.20107871531341],[6.605708110612344,50.20096813782521],[6.607054025859977,50.200192615039406],[6.6073080406762985,50.20024334712612],[6.607979432536591,50.19998325052411],[6.608056895161845,50.19984097758291],[6.609273581467678,50.19922128014067],[6.609500915421704,50.19885992953031],[6.609885007189486,50.19867739094459],[6.609770968759106,50.1985098745382],[6.610281328621519,50.1980577675293],[6.6102555065486825,50.197965656362065],[6.610442945422641,50.19793680750425],[6.610782949672868,50.197262718110565],[6.60955943078101,50.19703162835806],[6.608549431550745,50.196100305599224],[6.607601759231505,50.196789071386895],[6.60722563731694,50.19674959529521],[6.60667829561088,50.19794268504065],[6.605399229393427,50.1985795817772],[6.605492497876114,50.19864490253502],[6.605132420770842,50.19986524351538],[6.605224084862446,50.19994783844676]]],[[[6.5988401686674,50.207561111905584],[6.599717368152569,50.20848403344668],[6.604242838907781,50.20614520862946],[6.604681916554104,50.206051245637966],[6.6024697954037155,50.20428261707106],[6.600576324650947,50.20369402886881],[6.600189758024595,50.203229320217304],[6.6003206362733,50.20265755813707],[6.598779763252734,50.2025706186748],[6.5963113114292735,50.20175130585225],[6.596119973866978,50.20264540403256],[6.596872748600458,50.20458798314111],[6.597025280739066,50.2053098974861],[6.596619424588606,50.206942700781056],[6.5988401686674,50.207561111905584]]],[[[6.600533174076298,50.2031712562576],[6.60061373139772,50.20343332146665],[6.6009085369144485,50.203689217470846],[6.6026486212307365,50.204184330663786],[6.604769637041616,50.205765821905636],[6.60493451652383,50.20605131060701],[6.606646935424304,50.2032834592878],[6.609547351135372,50.20072988009031],[6.613272539753331,50.20143056445366],[6.6163807986717,50.20225292622055],[6.6172458834769445,50.2026060282315],[6.620159590660968,50.20112799916648],[6.621482567427848,50.19933780114305],[6.622531901189491,50.19760725372537],[6.622661647560919,50.19700176683652],[6.622601640998265,50.1965026485898],[6.622247936541603,50.19608944602708],[6.621807907579386,50.195895836532685],[6.621492986088519,50.19594126989763],[6.620725336152266,50.19641519301179],[6.617888833777029,50.19719513204863],[6.617322035460234,50.19695147352382],[6.616906128958345,50.196217506471235],[6.616697103568131,50.19617978155904],[6.6165277522724315,50.19647079759507],[6.616191179586552,50.19653380776355],[6.616042260472004,50.1964214140484],[6.61582077544878,50.19664554104446],[6.614884484784199,50.19673034172493],[6.613625059332121,50.19705273923724],[6.612476028743594,50.1971164346784],[6.611461277425484,50.19750692249484],[6.611282863026867,50.1974317138997],[6.610555734296459,50.19772053712307],[6.610469372061658,50.197943584986234],[6.610285475244889,50.19797728319208],[6.609799423794035,50.19853301119762],[6.609916727600498,50.19868172269251],[6.609510432173823,50.19887084770079],[6.609505958563711,50.19902487834032],[6.609373929573124,50.19918236383933],[6.609243776264845,50.19915814068706],[6.6093054797451165,50.19923046393921],[6.6091772479332285,50.1993338046962],[6.608379813455408,50.19968204634587],[6.60799791537354,50.19999447952366],[6.607323207831561,50.20025728727081],[6.607059213630749,50.20021497633437],[6.605724494984806,50.2009776237422],[6.605324343136382,50.201082477011255],[6.605164732273312,50.2015391438895],[6.604769213036819,50.201645655951616],[6.604872241715071,50.20178711621589],[6.604041180601198,50.20263766181229],[6.603238582607127,50.20284484353832],[6.603063605162806,50.20292854821034],[6.603201519915142,50.20297029900651],[6.60309277166347,50.2030666858687],[6.60257634547789,50.20304873890893],[6.6026087090826575,50.203162197413356],[6.602486810393508,50.203197397237844],[6.601859101808877,50.203170591578285],[6.601788687365317,50.2030904384265],[6.60190579803397,50.20300371537171],[6.601670442124462,50.20297477468601],[6.601034575040391,50.203206001839874],[6.600533174076298,50.2031712562576]]]]}},{"type":"Feature","properties":{"OBJECTID":50,"we_nr":"2516","lgbez":"StOÜbPl Daun","typ":"9","plz":"54550","ort":"Daun","strasse":"Unterm Antennenfeld","bl":"RP"},"geometry":{"type":"Polygon","coordinates":[[[6.811547421768921,50.21592339135964],[6.811937996678088,50.22403945004989],[6.812030167419522,50.22424314854573],[6.811972396763577,50.2256155890618],[6.816048129565007,50.22398526613227],[6.816850975494109,50.22354028922113],[6.817080989122645,50.223221687453254],[6.81729582301949,50.22244872870291],[6.817721160035211,50.22188458365069],[6.817899936454891,50.22114164566625],[6.818621491138976,50.220577386294266],[6.820467182298385,50.220043838738555],[6.821542818731546,50.21997421457585],[6.82279234295258,50.21948690581814],[6.822952801825278,50.219243768606525],[6.824335764493579,50.218298352874925],[6.82486031863583,50.21753044451525],[6.825061310392467,50.21706366847336],[6.825120694422632,50.216476181754366],[6.825434542426769,50.21604539280412],[6.826971518555592,50.21485282622687],[6.824188871978282,50.21376101804562],[6.822948529437781,50.21431295225238],[6.821338642447198,50.21478408491861],[6.820336260930555,50.21479357498798],[6.819912888530354,50.21451883990723],[6.8194391727449775,50.214511188139205],[6.819176693103772,50.214680517782],[6.818135019276546,50.21488054507093],[6.817424609091888,50.215258042852916],[6.817036036527485,50.21523983835191],[6.8163120779517,50.215498980945696],[6.815152546057537,50.215417177454015],[6.814759189964255,50.21564842020562],[6.813827637014466,50.21589336001016],[6.811547421768921,50.21592339135964]]]}},{"type":"Feature","properties":{"OBJECTID":51,"we_nr":"3816","lgbez":"StOÜbPl Berlin","typ":"9","plz":"14624","ort":"Dallgow-Döberitz","strasse":"An der B2","bl":"BB"},"geometry":{"type":"MultiPolygon","coordinates":[[[[13.07806207006675,52.46267657391945],[13.07753088456109,52.46415725647496],[13.076484753293432,52.4639621411116],[13.07506949978393,52.463485524247425],[13.073278775638425,52.463158174661295],[13.069006424079193,52.46289273729449],[13.069111783885612,52.465139014037575],[13.068774005660627,52.46556111026642],[13.066910730877831,52.46683338098092],[13.066653373430375,52.467903502844166],[13.06624075476243,52.46857953964036],[13.065574424010453,52.46883675261613],[13.064559086092437,52.4701851655862],[13.0641897240004,52.470491667215235],[13.059883572430243,52.46937086815748],[13.058730259572785,52.46891868256644],[13.058453679974871,52.469450004002674],[13.057060573530377,52.47045395233718],[13.055146810733671,52.4727157136643],[13.053414380063586,52.4743783256656],[13.051958954792878,52.476445431522805],[13.051284492490973,52.478163164546054],[13.050887206268289,52.47862198534832],[13.050953915161289,52.4789105088839],[13.051535541968507,52.479243860291724],[13.057838643923928,52.480060996721186],[13.057613605165454,52.485383787298176],[13.05687287683995,52.487897075712134],[13.055496774605484,52.49041369985505],[13.0554040729597,52.49140899661293],[13.057859110241068,52.49112515123434],[13.060394185617604,52.49049191558442],[13.06224560802853,52.490315096399954],[13.063358404171728,52.490066857507564],[13.063053519557531,52.49029782987401],[13.06288611670767,52.490863100916805],[13.066444163885524,52.49105258520087],[13.066649489115093,52.49172317581204],[13.06787036516339,52.49189649316402],[13.071414378859851,52.492024633786365],[13.072377511185108,52.491212905932606],[13.07298079188223,52.49051991373617],[13.07330499925823,52.488614369298006],[13.073221007677468,52.48806728964936],[13.072809484055853,52.487225959606945],[13.076313911692683,52.48651436145643],[13.08040245985994,52.485986176503076],[13.086266847986762,52.48553901715694],[13.089689988870157,52.48503352399406],[13.08950412294625,52.4837181873112],[13.089136027478753,52.48374320719368],[13.088107999959037,52.47454693287629],[13.08851706489173,52.474528744734194],[13.087234955182078,52.465746579201365],[13.095204507448262,52.46833682902232],[13.08609298894496,52.46528730671629],[13.074408378362287,52.46148065783852],[13.07806207006675,52.46267657391945]]],[[[13.078294762471463,52.46277214312477],[13.079544230098614,52.463201800250516],[13.08683834359418,52.46556250366157],[13.086392670517034,52.4656507449989],[13.08526972790272,52.465579623919965],[13.084082434472984,52.46520279663758],[13.07782853863558,52.46416523126157],[13.078294762471463,52.46277214312477]]],[[[13.095342558744521,52.468438166017755],[13.095854146603935,52.46862128060076],[13.095407556346919,52.468409612577716],[13.095342558744521,52.468438166017755]]]]}},{"type":"Feature","properties":{"OBJECTID":52,"we_nr":"3850","lgbez":"StOÜbPl Prenzlau","typ":"9","plz":"17291","ort":"Nordwestuckermark","strasse":"An der L 15","bl":"BB"},"geometry":{"type":"Polygon","coordinates":[[[13.769179494899227,53.2818188903794],[13.760801434655848,53.2830387676358],[13.76101799601298,53.283467412603116],[13.76269529168417,53.28399917638059],[13.763966817443151,53.284580828701294],[13.762990486171407,53.284943287856024],[13.763398533312856,53.28522238550209],[13.763804304123394,53.28584611013653],[13.761288219131966,53.28663488078647],[13.76158203380693,53.287592024765566],[13.761629115409274,53.287974167074815],[13.761442377221252,53.28826235787173],[13.761629224105427,53.2893294749028],[13.762948489033565,53.29179789904508],[13.76280107280046,53.29186266751599],[13.763489688059703,53.29292039473919],[13.765428756397982,53.294168846705674],[13.768537901953554,53.295538433168474],[13.768685575104794,53.295397095175616],[13.769021307865888,53.295438497641975],[13.769148588361883,53.29567864586689],[13.770666503138692,53.2963710357934],[13.771132179002276,53.2963494598674],[13.771114033931838,53.2966156613398],[13.773313465480525,53.29697143823171],[13.773811097113697,53.296991667851195],[13.773720568492623,53.296749250029826],[13.774065559291005,53.29673933891619],[13.774076640908335,53.29692717291954],[13.774355127629619,53.296991316722796],[13.776120805846684,53.297030124986996],[13.776881400414698,53.29692855166444],[13.779154423748079,53.29711843522639],[13.781025122208392,53.29760657305661],[13.781369599170434,53.29728334934725],[13.781467901811986,53.297317453120385],[13.781243273583588,53.29763480035987],[13.783809918454155,53.29816051383008],[13.785741255891113,53.298713902494086],[13.785925636899817,53.298477160626234],[13.786021839280258,53.29850615078978],[13.785873284881697,53.29874261063933],[13.788035435447773,53.29932191694733],[13.788310876880232,53.29928709483912],[13.790008310983456,53.299782903214805],[13.792083437256368,53.29992322867813],[13.793273247765503,53.297883409315496],[13.793469053547994,53.2978950628835],[13.795870948293764,53.293556835496254],[13.797495710487123,53.29384710415244],[13.797598641249023,53.29366640965838],[13.802277549644682,53.294575955686774],[13.80229351001235,53.29447098423405],[13.801848479230626,53.2943904174422],[13.803131208777845,53.29097779491266],[13.803007090351631,53.29091603213223],[13.802851860572208,53.29107631254049],[13.802087086143164,53.29099820940331],[13.800599692526442,53.290642537943334],[13.801218464670646,53.29011736020614],[13.792261993588793,53.2861555580442],[13.78821358125009,53.28302480867327],[13.787891404066665,53.28296669882373],[13.787985640034925,53.28289123613952],[13.787880425755569,53.28276949972804],[13.786501551320129,53.2816853479127],[13.782993924782566,53.281959454246724],[13.777640372625289,53.28216701359431],[13.769179494899227,53.2818188903794]]]}},{"type":"Feature","properties":{"OBJECTID":53,"we_nr":"3877","lgbez":"StOÜbPl Weißenfels","typ":"9","plz":"06667","ort":"Weißenfels","strasse":"An der L 188","bl":"ST"},"geometry":{"type":"MultiPolygon","coordinates":[[[[12.01485610790268,51.211412727915366],[12.012633739669868,51.211132318015515],[12.012767273338557,51.2110587893765],[12.01261253224262,51.210999237164934],[12.0120063311225,51.21096611180128],[12.00803818145784,51.210924449994835],[12.008308253659846,51.21116866444819],[12.008359224967393,51.21140852249698],[12.008113290497098,51.211761304159666],[12.007240352619625,51.21198108782928],[12.004832037614532,51.21291548563777],[12.004407959138513,51.21319398829055],[12.004422182164392,51.21336265401047],[12.00480241387138,51.213654443177795],[12.003545693246627,51.21437687888873],[12.000227335451248,51.21585905838113],[12.005870074163143,51.22089949752286],[12.006972993329788,51.221175713744266],[12.009129091945782,51.22120435830294],[12.010010220662023,51.221396953000585],[12.011632507996774,51.218621102411326],[12.011809207511499,51.218588631278486],[12.0116702084926,51.218557545394155],[12.012708462433507,51.21673356767573],[12.012860689144969,51.216721001268056],[12.013977741505983,51.214284679545315],[12.013743603711971,51.21430250742209],[12.014841340497727,51.21195956352949],[12.015346772202529,51.21204228928939],[12.015563241931526,51.211598000608866],[12.016077174393828,51.211679352232174],[12.016490484764539,51.21076071353047],[12.015278670022498,51.210478212947194],[12.01485610790268,51.211412727915366]]],[[[12.005003091217697,51.2127508823303],[12.00719093988911,51.21189313914708],[12.007999540425885,51.21170046585923],[12.008208363695188,51.21140093552282],[12.008162674481506,51.21121417299796],[12.00807476983939,51.21112888748076],[12.004463759789024,51.21236564229361],[12.002198592222793,51.2111861744516],[12.00233250048894,51.21108624832083],[11.999451617745429,51.20958964782764],[11.998435581836436,51.21046973046882],[11.998568825349263,51.21277304383526],[11.99819038847621,51.214219130723734],[11.99822565453767,51.21446598876422],[11.998353489294173,51.21463364820276],[11.999281513661495,51.215036264137446],[11.999305454662142,51.215194534503915],[12.000137631483579,51.21578873621007],[12.003454097426971,51.21430767762888],[12.004645447648532,51.21362248005556],[12.004282538155143,51.21340555835642],[12.00426182839459,51.21315994669805],[12.005003091217697,51.2127508823303]]]]}},{"type":"Feature","properties":{"OBJECTID":54,"we_nr":"3887","lgbez":"StOÜbPl Gera","typ":"9","plz":"06722","ort":"Wetterzeube","strasse":"Zeitzer Forst","bl":"ST"},"geometry":{"type":"Polygon","coordinates":[[[12.081006305397771,50.98687732483555],[12.079004822113522,50.98584817106298],[12.078486771773957,50.98545972372236],[12.078181416442513,50.984718089299406],[12.07803026321785,50.98390971801192],[12.077692596383972,50.98336924908501],[12.077127960312056,50.9829601389519],[12.076790080577466,50.98209612409614],[12.075575853858885,50.98114863047908],[12.074394281799234,50.98072219285674],[12.074012415158396,50.980464877952414],[12.073433477008857,50.97901412615948],[12.073452377562424,50.97842866519419],[12.07180657772344,50.97777102817595],[12.070215037924243,50.97652430865635],[12.069553876078396,50.975572091483826],[12.069763246421697,50.974345505736075],[12.067226977184152,50.971768371437776],[12.066153906339435,50.97155511371798],[12.066044072024573,50.97131635201929],[12.06558854981868,50.97121882910696],[12.063560696489297,50.97106704311113],[12.059198078617014,50.97018019342735],[12.056879589750428,50.96944691413501],[12.05565022911428,50.96919397978183],[12.055372434994087,50.968802208724775],[12.055368165301548,50.96862048253877],[12.055584373620789,50.9685141927899],[12.05474971116095,50.968494489613605],[12.054052119935408,50.96831753006216],[12.053596586949716,50.96841885273685],[12.046546196272224,50.97815055764889],[12.04570723088219,50.978708431638815],[12.045234121459655,50.9787810354857],[12.04518070314128,50.97894187729865],[12.045395653819117,50.97900877913003],[12.045382266226438,50.97919125309095],[12.044004901858983,50.97979344827102],[12.043645008010019,50.98019840562049],[12.043742387183459,50.98072336866213],[12.045723083452005,50.9817128874511],[12.046063294314761,50.982070759339976],[12.046126705492384,50.98784782669231],[12.04803822878909,50.99179223093191],[12.049121892567616,50.99369554681029],[12.075790395803276,50.993818389917266],[12.076088799971044,50.99397228682516],[12.07693914611741,50.99207924927812],[12.08160225314722,50.98681338619379],[12.081006305397771,50.98687732483555]]]}},{"type":"Feature","properties":{"OBJECTID":55,"we_nr":"3898","lgbez":"StOÜbPl Bad Frankenhausen","typ":"9","plz":"06567","ort":"Bad Frankenhausen/Kyffhäuser","strasse":"Seehäuser Str.","bl":"TH"},"geometry":{"type":"MultiPolygon","coordinates":[[[[11.103725189216835,51.338189622899804],[11.104204367657426,51.33801036592774],[11.102973621819086,51.336581284239664],[11.105166589090993,51.33584310636181],[11.10414160326685,51.33344146836437],[11.105314170614097,51.33319970400709],[11.10530641006837,51.33257914299457],[11.107356366445307,51.331848764141334],[11.110390848526047,51.333075172317116],[11.111100770027184,51.33379730874043],[11.111245418550896,51.33374807910938],[11.110634338680471,51.33312502174009],[11.107728268973004,51.33198609788529],[11.107308024506597,51.331640782566126],[11.107350511226292,51.33143623788943],[11.109345143958176,51.328855985030906],[11.113205290972823,51.326723470635336],[11.114683137294724,51.32557280988185],[11.119464620719404,51.32482003394722],[11.121032875288133,51.324341139188355],[11.122422332775951,51.3241645293763],[11.124981086845047,51.32315770752569],[11.12507203947095,51.322504425315415],[11.124672748208578,51.32196529891708],[11.124436052910966,51.318694457574765],[11.12293268724848,51.31723947917322],[11.12234646376198,51.317469887552896],[11.118111704002425,51.31531182257044],[11.11737232674309,51.314808043520365],[11.116497328130379,51.31514290451325],[11.115689734605015,51.313414411079975],[11.11476084965164,51.31087248626457],[11.1144599302011,51.310513951743005],[11.115389675740493,51.310415962979214],[11.118744373982393,51.30954793503891],[11.11680788650391,51.3063466521739],[11.117573844912494,51.30594382715264],[11.117894612639272,51.30562024382773],[11.118934645244433,51.30576766541781],[11.120230364430649,51.305529182026625],[11.120527225292737,51.305322371080294],[11.119558253019814,51.3042970848656],[11.1185791369707,51.30375893791811],[11.118179944522977,51.303385481641],[11.117164127802942,51.29976184922892],[11.116155803930663,51.30015872994898],[11.116001427550747,51.30074198865155],[11.116088854289176,51.30267088866335],[11.116529614479996,51.303625219599866],[11.113999348683487,51.30402532428758],[11.114974601976883,51.302569704867146],[11.11509471840849,51.30130522614449],[11.115404117057002,51.300427737137134],[11.115227789444809,51.300481106582026],[11.114922204144676,51.30148373134939],[11.114968785385441,51.30218764584876],[11.11481883141167,51.30265410708559],[11.113876230980543,51.30404055193528],[11.106822590198352,51.30495711347099],[11.10714586871635,51.30577261250314],[11.107994013091963,51.306865836202086],[11.108246928370335,51.30745992442503],[11.108331984454722,51.30781860298532],[11.108184998514663,51.30867278527384],[11.108260215351706,51.30907594292787],[11.107907186428163,51.30920732559222],[11.103889167688825,51.309503872015334],[11.101488922249928,51.30981764753043],[11.101258079476372,51.30834177542808],[11.101704271779742,51.30711903497651],[11.101708155196727,51.30682128539655],[11.097235416447006,51.307639278375675],[11.092562038080246,51.308684862158124],[11.09213088626968,51.308589549813924],[11.094546959125577,51.31308866978709],[11.09498856283447,51.31313580753491],[11.095523161039905,51.31298594347975],[11.096568207142667,51.31250422035521],[11.09707590260199,51.312071181927],[11.098018843494584,51.311777238460934],[11.098682880847672,51.31235811357214],[11.098670059193598,51.31278146158499],[11.099356752956451,51.31288213267163],[11.099407989267007,51.31303754530199],[11.099090534527024,51.31337665630675],[11.098529821397968,51.313511652822335],[11.097122820710965,51.3143443223546],[11.096407432961323,51.314551669851376],[11.094896895149613,51.31545018898562],[11.093028152321683,51.316182871089154],[11.08863368018942,51.3175881896696],[11.085792387997092,51.3178606913272],[11.085081892472473,51.31814940584076],[11.082159359340801,51.31869539348898],[11.082014297592055,51.318943670592965],[11.081645567015643,51.31915849408573],[11.08155732730191,51.31944208358475],[11.082368183508397,51.32033200372873],[11.083269890831149,51.320947562163035],[11.08366294868376,51.32143299564651],[11.081652246888094,51.322070072736366],[11.077567644121588,51.32264861464601],[11.074351256789045,51.32330965138749],[11.07219344328919,51.323525281341496],[11.072955096072587,51.3267106103803],[11.07241014927509,51.32722405171623],[11.072215776305468,51.327615632902464],[11.072846317278213,51.328523683825516],[11.06339273917926,51.32830034745344],[11.06321012695334,51.324192661267695],[11.062932392121958,51.32415311056175],[11.063253210154373,51.328249170316624],[11.06316963898519,51.32829524057577],[11.04982093347441,51.3280056137831],[11.049870072218779,51.32810737578814],[11.046751487166206,51.32803855328587],[11.04682442497738,51.329702647706554],[11.04572124619764,51.32954109081291],[11.045641831533226,51.328014040913864],[11.04563746841589,51.32952654687576],[11.043644912588963,51.329189272852524],[11.043052536541072,51.32864318109948],[11.043490731143482,51.329250411018755],[11.044593427527948,51.329557633546486],[11.043644911690665,51.329381000041174],[11.043774880844305,51.32948909667945],[11.043617078289895,51.329580838941325],[11.045741962246408,51.33170357659861],[11.046699873563234,51.33217594322394],[11.047167807791421,51.332551729056256],[11.050432435553036,51.333984778108395],[11.050452758139707,51.33408855463275],[11.050507853612697,51.33401154294755],[11.053446489944177,51.33513754905612],[11.058661072726993,51.336138134807435],[11.062046601149415,51.33784606147979],[11.064851262739394,51.33846757987146],[11.065721501179421,51.338120280708154],[11.068507734729675,51.33924490359459],[11.069840841798023,51.34008699278658],[11.069709644647382,51.34017487373444],[11.070756824248951,51.340941606840516],[11.070780446347664,51.341212056753406],[11.072556791160395,51.34200901742882],[11.07499645467397,51.34217343040793],[11.075151673673629,51.34206656453572],[11.078691677290648,51.34195368455369],[11.078966310239352,51.34226749457039],[11.07941247918653,51.34330378067849],[11.081019812266733,51.342773672809535],[11.08167680233639,51.34267564184609],[11.081431334990052,51.34181319780633],[11.081583244596171,51.3420652318041],[11.082510418258941,51.341924441254264],[11.081602927582377,51.342136450683974],[11.08174886518849,51.342664413940476],[11.08599400138792,51.342132657314544],[11.085395413489834,51.34125277791668],[11.085684847979481,51.34120129874195],[11.086816392860971,51.341149095611215],[11.088139583426893,51.3412621330161],[11.089176420724579,51.34154689221461],[11.089392990166584,51.34185800026053],[11.089877827993458,51.341816127026235],[11.089757107894,51.341727368212865],[11.090420484985321,51.34185432078206],[11.09126277234529,51.34177107650114],[11.095345472480044,51.34901188809086],[11.095379056895267,51.34925313479652],[11.095455737986248,51.34919347701771],[11.095502343481499,51.34929298085302],[11.095684216393941,51.34919794981092],[11.091567286853614,51.34172415167629],[11.099042100960146,51.34007582934307],[11.103849921192362,51.33832115284228],[11.103725189216835,51.338189622899804]]],[[[11.09062280085868,51.34167601414754],[11.089897527149343,51.340766106413994],[11.089354203607535,51.34033096719347],[11.088477332007441,51.33991011196058],[11.088253209530539,51.33943785195719],[11.088733845038556,51.33925422543272],[11.088240505555818,51.33879041861579],[11.089263704630868,51.33828716736049],[11.089347781551584,51.33841749101537],[11.090893603391027,51.337910232057766],[11.093623318536823,51.33730899043028],[11.094258579258085,51.33736144654956],[11.095031478050545,51.33686899700328],[11.0968839128628,51.33648244703011],[11.096974507959226,51.33664444864324],[11.098163737258371,51.33637229485507],[11.09903337023392,51.33780261545858],[11.099255797589866,51.33782800031783],[11.10048507378439,51.33939507132398],[11.0985803642091,51.340027502089555],[11.09062280085868,51.34167601414754]]],[[[11.045729951771047,51.32972439196089],[11.046825705076676,51.32977650482328],[11.046832065148894,51.329886093023916],[11.046089760280053,51.32977719073262],[11.045729951771047,51.32972439196089]]],[[[11.045245849664362,51.329653367090835],[11.044641851213324,51.32950125508659],[11.04564482921134,51.32971190356766],[11.045245849664362,51.329653367090835]]]]}},{"type":"Feature","properties":{"OBJECTID":56,"we_nr":"5179","lgbez":"StOÜbPl Ohrdruf","typ":"9","plz":"99885","ort":"Ohrdruf","strasse":"Halbmondsweg","nr":"98","bl":"TH"},"geometry":{"type":"MultiPolygon","coordinates":[[[[10.828335561705885,50.85038670861694],[10.83875159480035,50.84730159985565],[10.837791966803005,50.84728444188842],[10.837486062600936,50.84646404592533],[10.840599555104163,50.846080753133684],[10.84438239310549,50.845376146265544],[10.845961272947392,50.8451971485999],[10.849343097615913,50.84516267456043],[10.85168399585556,50.84533726399805],[10.851474473696983,50.843994180254434],[10.862566621993482,50.84369030277606],[10.86829357147506,50.84180589637494],[10.86773348357345,50.840674669157345],[10.86738066485566,50.83931524276241],[10.868379626486053,50.83953144772045],[10.867595181647232,50.83847142719017],[10.866339653086829,50.83748005162796],[10.864164746443736,50.834742775122976],[10.868937012255294,50.83406952964838],[10.868427592928976,50.83349196457998],[10.868698667650811,50.833538940946376],[10.87005180086179,50.83216397121343],[10.86922519718838,50.83173309146095],[10.870363976202864,50.83095324941454],[10.876997423722615,50.828228382553895],[10.87577222677778,50.82642452927639],[10.877704614345276,50.82551135089063],[10.878146350106546,50.82465557161486],[10.874729838789928,50.81837819807878],[10.87482346210717,50.81797178556888],[10.87207879450345,50.81769134857958],[10.871768229841706,50.81640993902986],[10.871577436658486,50.81640737989195],[10.871718994977616,50.81597392097243],[10.87121758592865,50.81347968874121],[10.87038535341166,50.814181455131354],[10.869023296336648,50.81476993988846],[10.869164335429556,50.815099513223316],[10.86882907787726,50.81524432430859],[10.867536011416075,50.81549481664529],[10.865964187840742,50.81531379106083],[10.86410031118669,50.81547349120884],[10.861340997450593,50.814904984504416],[10.860687587167336,50.814408226356],[10.858587829089341,50.81381337431593],[10.857753355275726,50.81373806251311],[10.857329888552398,50.81403677924271],[10.856770400725383,50.81371693890588],[10.855778414513184,50.81363053952947],[10.854735626775057,50.81328832105195],[10.85405961487926,50.81335945321171],[10.852642985150736,50.81246077999946],[10.852577868072393,50.81212995405124],[10.851907630547238,50.81163002347443],[10.85180850145562,50.81148889413166],[10.851883241287274,50.810766508972584],[10.851606772182134,50.81032411646611],[10.85075478211878,50.80961130478885],[10.849897135364104,50.80933883789741],[10.849722920589453,50.80931536620994],[10.849131949506656,50.81001027563665],[10.8487265874296,50.810279876020076],[10.84702741778125,50.80952091521446],[10.844660155784617,50.809913406643616],[10.84431166425158,50.81152828253954],[10.84126940096385,50.81082882627392],[10.840963797697407,50.811920208784514],[10.840868972434318,50.8118934655142],[10.841091954050805,50.81109282286271],[10.839001841184013,50.81060317123309],[10.838294382863385,50.80979990609493],[10.83826962619247,50.80989423569593],[10.838093192579056,50.80985175112673],[10.838304513164854,50.80759032979582],[10.836053905492747,50.80750013896928],[10.835880074298721,50.80578848186145],[10.832931220529188,50.80585115890723],[10.832764813012679,50.8050539443532],[10.826351529094383,50.80482521512197],[10.822847643141639,50.8051842881315],[10.817629589268604,50.804791639454116],[10.813132502581416,50.80607720760349],[10.81060737514834,50.80709741421772],[10.808646854142742,50.80826534622587],[10.80601459632383,50.808431272718465],[10.80574406328608,50.8086276835021],[10.80550037011241,50.80843905418925],[10.798717746559905,50.81075120678006],[10.796600055413885,50.810725881350926],[10.793108657840255,50.81101975731704],[10.788468725548164,50.81113979565921],[10.78825361586851,50.81263910971959],[10.787944648411305,50.813046438772226],[10.78795172354251,50.81351905560443],[10.78829667481502,50.81374189207404],[10.788271293814992,50.81402548247733],[10.785379819934233,50.814283188016844],[10.785029685382538,50.814270019972824],[10.784688123453577,50.81408477868776],[10.782619018588042,50.81469599750312],[10.782400273426433,50.81482433408822],[10.781634142541305,50.81602041380676],[10.780123783494352,50.81399744346581],[10.779115622217148,50.81342558415347],[10.778328477042583,50.813346158332585],[10.777804697248095,50.81474722467936],[10.775542515681883,50.81735973900138],[10.774748085170359,50.818649736536464],[10.77410134218316,50.82047209148237],[10.772195405509201,50.819981860560844],[10.770660369741377,50.82172112280137],[10.769207081562728,50.820792195985824],[10.768664518893994,50.82058996317679],[10.767251182389296,50.82193436635889],[10.766328127502117,50.82201270614569],[10.765294055218867,50.82242764973529],[10.765356891474678,50.82262698721346],[10.76488184348774,50.82358310271618],[10.759972512730098,50.823044081773986],[10.758608615905395,50.824864797777174],[10.762014197419926,50.82721047707043],[10.760315152637409,50.83043023003918],[10.760974829568049,50.83070692746378],[10.759197747238467,50.833245215756975],[10.758701320246105,50.83311695986606],[10.757099338430013,50.83451434331618],[10.752555452211501,50.83316004906898],[10.751277814315335,50.83507861328147],[10.74651831625889,50.83797004152678],[10.745203471940266,50.83716815307894],[10.744174900939807,50.83779407887979],[10.744409133955243,50.83795334758307],[10.74072720640474,50.84020449641147],[10.739224993280802,50.83818968316519],[10.738816385590598,50.83731210887095],[10.738725547949056,50.8364792085898],[10.73888721056423,50.8359124065666],[10.739946643186277,50.835278281964186],[10.738517084005862,50.835617482797964],[10.738417942337852,50.835872166177424],[10.738176713242988,50.83603155603932],[10.73837243727881,50.83692318689964],[10.738207986292977,50.83724243657414],[10.738245885316495,50.838194679353585],[10.73887529261537,50.83975717117649],[10.740217293005019,50.841387250076615],[10.740875772481397,50.842780245040714],[10.741001992067051,50.84407411152971],[10.741188710492139,50.8442685544661],[10.741377903775831,50.845086367943516],[10.741175210610056,50.845915489036486],[10.74031372445582,50.847190600157056],[10.738927270036033,50.84858031035906],[10.73829912037856,50.850143939218356],[10.73797979983774,50.85048119784054],[10.73424706267647,50.85325875940809],[10.73289112762011,50.854482117671466],[10.729552021436634,50.85668643639487],[10.72756679765905,50.85819807310664],[10.727344327183943,50.85860460155097],[10.727265382338476,50.8592902871929],[10.727150227302172,50.85924220323378],[10.72733165554855,50.85987627832109],[10.727335893800056,50.86172120528679],[10.7275893238131,50.86240099816479],[10.728645120953194,50.863068331058045],[10.72955356653891,50.86422945309978],[10.731127677224984,50.86518683804007],[10.734894157803264,50.86620355863554],[10.735594611061327,50.866261016840035],[10.735946816229765,50.86652031350541],[10.73590509217974,50.86671622029347],[10.734190445457363,50.866217526748855],[10.732005131831697,50.86591236643057],[10.729517473129091,50.864384262991564],[10.728723456740928,50.86344767862532],[10.727614678762015,50.86266595908201],[10.727322013032305,50.86223459097092],[10.727173596974298,50.861557371041336],[10.727114776187781,50.85999519082244],[10.726900430076125,50.85937814159214],[10.726296078587193,50.85889902279337],[10.7254804370552,50.85856976430091],[10.723987009454707,50.858329048262554],[10.72270616996285,50.85871722249731],[10.722469771109278,50.86385020374501],[10.722292789523566,50.86528278783901],[10.722397846597731,50.86539709185504],[10.722297407762444,50.86551337656736],[10.725966748119147,50.87483255665703],[10.725442070907725,50.8733531920456],[10.732219956745404,50.87357788398394],[10.733112783323248,50.875493055725514],[10.736720551353757,50.87617933475508],[10.736754495993383,50.87638043735395],[10.737393614978782,50.876527051894],[10.74071297798898,50.875941183879085],[10.739248965722448,50.87408827475959],[10.736621343210395,50.8724094359811],[10.736045493468776,50.871829134633714],[10.73616175972109,50.87013510012014],[10.735922504224916,50.86697147662711],[10.73618912240465,50.86698339272794],[10.736136374229476,50.867314078335106],[10.736301220474,50.86817352190835],[10.736265811580436,50.87010640941298],[10.736387345553565,50.87067661696948],[10.736212240548488,50.87175788917744],[10.736878198499605,50.87254941975179],[10.738881852113577,50.873508032861714],[10.73997890348478,50.87456651587068],[10.740927182166828,50.87590276072247],[10.741834123972735,50.875247223402695],[10.742849770012887,50.87484896134762],[10.743842415588487,50.874645690158346],[10.74389046557474,50.874818718099945],[10.745022534174037,50.87486738515734],[10.745092503951533,50.87391209688241],[10.745257300788747,50.8738862042704],[10.745249045271288,50.87315803081007],[10.745387472063303,50.87287302357799],[10.746066336110154,50.87224291541967],[10.747974796151725,50.87202054184539],[10.74790397117809,50.87183783750379],[10.751471192849934,50.87144342272928],[10.752586745024429,50.871050329457574],[10.764552611834375,50.87058287105503],[10.766223254582558,50.870364378537616],[10.76631602450029,50.87055315225976],[10.769340410415515,50.87000532993068],[10.769569966801592,50.87082651480117],[10.772806954300211,50.869971782417345],[10.774102587248137,50.869419320971105],[10.775992174583921,50.8694135191348],[10.778871452936349,50.8687847276635],[10.782354607568944,50.868410010552736],[10.782009817094849,50.867902912157575],[10.782454445431306,50.86734174742889],[10.7826408934635,50.86743263000202],[10.782743406508816,50.86730116052967],[10.78350021198294,50.86774234195328],[10.786947230086591,50.86378063798034],[10.78886555003674,50.86451914482188],[10.789237517243128,50.86477344649429],[10.789680313016405,50.86484504394401],[10.789492685496256,50.86471786541124],[10.792916901663046,50.86201608143673],[10.79365213319734,50.86241546581297],[10.794379226893463,50.86305263550098],[10.795879073854948,50.86142681887389],[10.796522411328917,50.861846989778755],[10.797933615233138,50.86012652156227],[10.80029608561602,50.86011543837828],[10.800446947786522,50.85986852923685],[10.80185480726295,50.85953985313344],[10.803303093622093,50.858780037749824],[10.803805120711928,50.858377718360906],[10.804820333764114,50.857072252825084],[10.804696782174872,50.85682187467523],[10.804155946966423,50.85668341786749],[10.804079346723816,50.85635022806711],[10.805933897966897,50.85584431809513],[10.805586692821304,50.85522698199811],[10.809265518489127,50.855434828073015],[10.808944271061998,50.855183499761225],[10.809910731645402,50.85514723315378],[10.809157319108083,50.853444533754704],[10.812367859306416,50.85301225177583],[10.81243442357065,50.85325706770627],[10.816150222997246,50.85276599067231],[10.816023543474175,50.85243708643125],[10.816125811279385,50.852273626762596],[10.81854870683987,50.85186658091657],[10.818540200692453,50.851596391471695],[10.823439375097475,50.85092626398781],[10.822943478111133,50.85058385435406],[10.82805426415608,50.84987983614788],[10.828335561705885,50.85038670861694]]],[[[10.727463793235286,50.85760899195302],[10.727399485539028,50.85815390069903],[10.727822371950666,50.8576658732749],[10.727805245569767,50.857826427716816],[10.729042484430995,50.85690664943196],[10.727463793235286,50.85760899195302]]]]}},{"type":"Feature","properties":{"OBJECTID":57,"we_nr":"3930","lgbez":"StOÜbPl Bad Salzungen","typ":"9","plz":"36433","ort":"Bad Salzungen","strasse":"Hersfelder Str.","bl":"TH"},"geometry":{"type":"Polygon","coordinates":[[[10.265057701181233,50.783988095682346],[10.265894665124835,50.78399378149059],[10.265425918819602,50.782659742778016],[10.267166198968624,50.78308503505013],[10.26761048325036,50.782133862842436],[10.268413807981482,50.782346597618016],[10.268611691567262,50.780759695035336],[10.269716684943868,50.78081361820798],[10.270048355523254,50.78065993620679],[10.269963859987591,50.78010036823496],[10.271036554438188,50.779976401912045],[10.271343974996459,50.779615172161975],[10.271820808834159,50.779528269510244],[10.272144264320254,50.77905624547468],[10.272528966044097,50.77876938117252],[10.273108589608224,50.77864978508275],[10.274384439856966,50.77867730114546],[10.274295731222647,50.778560989123626],[10.275519634593463,50.78004358945168],[10.277044432261999,50.78161731182525],[10.27775963226375,50.7833466842542],[10.27803823037611,50.783227582641345],[10.278130669713809,50.78314239287393],[10.278078058082562,50.78241983693568],[10.278337843676239,50.78143214440424],[10.278805060150512,50.78077825598271],[10.280244480137801,50.77959430804259],[10.280464430838517,50.77907085825231],[10.279965832618101,50.77832809894456],[10.27856500066217,50.77784565817732],[10.277577627298967,50.77731707875188],[10.27738253028722,50.776881503575495],[10.277426310580898,50.7766074836505],[10.279337267040674,50.77507875778914],[10.280168924635884,50.77477582969145],[10.281670074154562,50.77388951080419],[10.283216390965706,50.773820336937824],[10.283515643143101,50.7736406853938],[10.283670045574164,50.77334455421352],[10.282848441025271,50.77236929539099],[10.28297072149842,50.772325133195785],[10.28248117110954,50.77187985434276],[10.28224028337447,50.77144989824989],[10.282195473611484,50.770915343257904],[10.282602210110934,50.770411553873515],[10.282558456766699,50.76981358451195],[10.282410648868128,50.76977812136379],[10.282792044791751,50.76922817693543],[10.282792106775483,50.76840501879578],[10.283474841662894,50.76729082642621],[10.283428405050897,50.76682309181315],[10.27832987472135,50.76434680933331],[10.269135206358705,50.75884355112782],[10.264174367100985,50.75728573577781],[10.263433099786292,50.75638074162155],[10.26304747459433,50.755505238488894],[10.263462542968062,50.7552949117107],[10.264891078967349,50.75500634280593],[10.264969235990362,50.75485268057318],[10.264809817366736,50.75475924236833],[10.263906815571666,50.755076830004185],[10.262769800848417,50.755186770612674],[10.261443070920265,50.75558828325331],[10.260073469793493,50.75568236709667],[10.258842523630864,50.75594200667589],[10.257702761859457,50.75595385566101],[10.255024919929763,50.75563472819902],[10.253631543990673,50.755742635259395],[10.251358759609152,50.7560793393549],[10.249295545895217,50.75678661641571],[10.247240641597667,50.75711114777826],[10.24694739375964,50.757049073100475],[10.246882051204192,50.756519427815824],[10.2462554753951,50.755529686267245],[10.244522591974148,50.75482828870391],[10.243354913258639,50.75456624239049],[10.242558573827147,50.7546152542829],[10.240923777452078,50.75439135440524],[10.239904282130928,50.75406661436446],[10.2378293669621,50.75376698570815],[10.236354591081877,50.75400837237844],[10.234134927676358,50.753593426322475],[10.232526141122017,50.75358396541129],[10.228573957214905,50.75439416643051],[10.225398628280772,50.75401597252385],[10.216704036765496,50.757011872694065],[10.216347438835315,50.75715970976788],[10.215171713011507,50.75811915759971],[10.211380597034855,50.75991101247492],[10.211341443064896,50.760210040941054],[10.210948404975186,50.76086592789951],[10.211188952248754,50.761549301688326],[10.210519467511801,50.763297925008615],[10.208949501652466,50.76516774057111],[10.206941380716595,50.76683213074269],[10.206590689209431,50.76741703878003],[10.206111742534157,50.768922670796165],[10.20450099765251,50.772549460831456],[10.204413179248615,50.77414146214784],[10.203704384234838,50.7763240114865],[10.2038286832224,50.77631268344804],[10.203923940575159,50.7760740265677],[10.20432344114499,50.77615647075602],[10.204965894676715,50.77646459833921],[10.206277739520592,50.77677669224579],[10.207710013409805,50.7774612384023],[10.20966682257663,50.77813918542444],[10.21231393403878,50.77866516254333],[10.213074808881156,50.77814409658694],[10.214730043725591,50.77815230173756],[10.21512193556497,50.77914975217703],[10.217547772209686,50.779195167216386],[10.217535530867304,50.77894227917124],[10.217699000892837,50.7791222363923],[10.217612134703165,50.778919626063995],[10.217751924239511,50.77822447235122],[10.21930821863855,50.7782557688756],[10.219364500786037,50.77761869186557],[10.221302636673062,50.777741819207044],[10.221500585835829,50.77790004197448],[10.22376423794419,50.77765954765526],[10.224094879952531,50.77805595403609],[10.224361697558255,50.77791790367612],[10.22459176059413,50.77805399320284],[10.225811321508875,50.777759306068205],[10.225934478737694,50.77826254258196],[10.226894763403514,50.778461142105115],[10.226964157360907,50.77860221784827],[10.226673033140218,50.77900381586337],[10.22678401909526,50.77894118005759],[10.227057492318945,50.77948619015386],[10.227689215474607,50.779120297756386],[10.229379913111494,50.77773413771002],[10.230610469405313,50.77862337266917],[10.23063848516406,50.7788860669999],[10.230400136068026,50.77918525082122],[10.230368004228609,50.78013423428522],[10.23055642765612,50.78029871173687],[10.231034902715852,50.779319396328155],[10.231564802732365,50.77918672709076],[10.232994881139005,50.78105441892647],[10.235076474383657,50.78035077751225],[10.235428774773519,50.78075294781844],[10.236446293801023,50.780316505498305],[10.238028016810803,50.78227597712719],[10.238474929563045,50.78209061181783],[10.2393154364621,50.783206173750806],[10.239231905717084,50.78335842633833],[10.239894851617066,50.783931068310956],[10.239825749612164,50.78531204225434],[10.240236008405834,50.7860305041485],[10.240638582112267,50.786315553675976],[10.240643574948601,50.78660975981298],[10.240903455763704,50.78684734918711],[10.242367220095204,50.78734286250207],[10.246704028471044,50.78806216606059],[10.247499092294822,50.788405112249485],[10.248004509626572,50.788896511112725],[10.248803381408848,50.790436238813285],[10.249505254005058,50.79100681733953],[10.249599560041926,50.79125520792924],[10.250254897211457,50.79159694385868],[10.25046643518952,50.79156462047935],[10.251557481323058,50.7919657812169],[10.253095406971145,50.79320009546145],[10.253913455988126,50.793657802332326],[10.254525700973455,50.794337332160815],[10.254635448151731,50.7942808971686],[10.254883154099803,50.795370399541035],[10.255001482883987,50.79540386727977],[10.254825903568412,50.795470166162985],[10.254968211980785,50.79550783680573],[10.255575069769383,50.79645449145717],[10.256092816478397,50.796803340820986],[10.256759401453621,50.79779405177472],[10.256290478180292,50.79818437343067],[10.25736535463871,50.79978791568352],[10.256993469179024,50.80040673818297],[10.25578115227874,50.80113651721848],[10.256920192702976,50.801190847810126],[10.257994909261276,50.799476757177565],[10.257530648244286,50.799343516046314],[10.256872422092787,50.79825879163782],[10.2568579646066,50.79780771162568],[10.256576823363655,50.796907697879476],[10.257489120026994,50.79563036001632],[10.259687613734512,50.7951497506894],[10.260996359390672,50.7953164358067],[10.262723433406697,50.79639349556964],[10.263284504065265,50.79636089103654],[10.263816756769478,50.79751420280457],[10.263395843058198,50.79901437887385],[10.262553837769254,50.80096883999335],[10.262622433124358,50.80131614545591],[10.260865572770106,50.80449545461404],[10.260477479007754,50.80495410395215],[10.258915860294051,50.80622297823427],[10.26126323898016,50.805543968085026],[10.26399290202366,50.80358672178585],[10.26305715933144,50.80235153445815],[10.263308826849878,50.80230703552355],[10.263619405884677,50.80283032509804],[10.264061639312605,50.80266367359272],[10.263758828908372,50.802157622007186],[10.26504659710601,50.80172590893003],[10.265272250312133,50.80153182469533],[10.266455168048104,50.80138244333254],[10.267856549772995,50.800652940091844],[10.26793286974124,50.8007195420895],[10.268506051486447,50.80026513151362],[10.26787104229347,50.80045906828325],[10.267957409019855,50.79991585434853],[10.268199132188125,50.7997563122164],[10.266657822586337,50.79841602290477],[10.267011261141656,50.7976314170258],[10.267661651288938,50.797629629621696],[10.26910318950365,50.7979620384798],[10.270323429544733,50.798484268407094],[10.270483579396997,50.79834179742597],[10.26972927752755,50.79723461334437],[10.27141207448153,50.796796037203585],[10.270323386425607,50.79439152699662],[10.27009845636328,50.79430824390479],[10.269741210747762,50.79302627689367],[10.269545209132534,50.79256083253468],[10.269371035680383,50.79243539273182],[10.269667990865598,50.79154724099636],[10.270027345725369,50.7912631529673],[10.269390428510759,50.790808893488354],[10.269932375833513,50.79083041474374],[10.270290566476714,50.7896808172749],[10.270439705678518,50.78962104202406],[10.270235475495278,50.78885428799044],[10.26965915413815,50.78855970242326],[10.268596629514859,50.78853056002846],[10.268547118867993,50.788130763450354],[10.26867552405472,50.78780929586981],[10.268496572463572,50.78779908371667],[10.268510609538184,50.787641512898695],[10.268738862468776,50.78765073919163],[10.268736582544577,50.78732545078203],[10.268189818455248,50.78782122424336],[10.266859561741292,50.78820063625388],[10.26625679398221,50.788212631540326],[10.266189985376199,50.78743435073638],[10.267143125740574,50.78678331032926],[10.267083506351767,50.78665978823419],[10.26662802906163,50.78667267612381],[10.266513182147497,50.78641948605762],[10.265730414463322,50.786550498582805],[10.265445072698117,50.785948302836445],[10.264941746644345,50.78412696812731],[10.265057701181233,50.783988095682346]]]}},{"type":"Feature","properties":{"OBJECTID":58,"we_nr":"3982","lgbez":"StOÜbPl Delitzsch Platzteil Bad Düben","typ":"9","plz":"04849","ort":"Bad Düben","strasse":"Schmiedeberger Str.","bl":"SN"},"geometry":{"type":"MultiPolygon","coordinates":[[[[12.641307144578832,51.59338799021838],[12.631376574538722,51.594735918214425],[12.626032468166658,51.59483369984449],[12.621531386671412,51.59448101030335],[12.619679923836284,51.594934903219304],[12.618747406095913,51.59504043012074],[12.619735253769582,51.59774409974197],[12.618964371694938,51.59752084661484],[12.61914135328065,51.59891658082825],[12.618545282462,51.598836052449535],[12.618101211979342,51.599141283466714],[12.619029264194438,51.59935540262956],[12.61999602481514,51.599757072052874],[12.617757376414394,51.601154387464895],[12.617005506284423,51.60087379792119],[12.61668828600475,51.60105581930856],[12.614922692229316,51.600577927495124],[12.612530804715812,51.600593600577014],[12.616135479846811,51.604190253766205],[12.61646063764034,51.6041910588665],[12.617807388321241,51.60562923028146],[12.617692829766273,51.6057748180291],[12.628183225399976,51.61614683760653],[12.632487796833539,51.61638582297219],[12.646689056549649,51.61575405043497],[12.647575098152148,51.61607999780648],[12.655803730834553,51.61144196497896],[12.65521176352011,51.60995265030558],[12.653376664396212,51.610029154628144],[12.651523955597776,51.6097225597298],[12.650892082423468,51.6079277933531],[12.667047254239597,51.60563937210238],[12.666624065994034,51.60502185225856],[12.666198645434983,51.60268806521416],[12.663561012995707,51.60246363008973],[12.663513135485998,51.60130920779185],[12.661868036332915,51.60083868002616],[12.660346605550068,51.59991084031522],[12.659053680124392,51.599443210785694],[12.658479943220348,51.5991020233321],[12.655819189942273,51.599038191712246],[12.655970242555627,51.59754639876437],[12.658313667756177,51.597706850042584],[12.658119285803386,51.59683953398902],[12.658106372521173,51.595748866432025],[12.657624703052296,51.59362013522002],[12.65760290633022,51.59097283801044],[12.657809386793257,51.59022080383472],[12.655204232943076,51.59048463740484],[12.654387168479646,51.59044724222561],[12.652904394000132,51.590672358462385],[12.651091268566404,51.59136712880352],[12.64626786166568,51.59139252591691],[12.645667663088298,51.59151147922829],[12.645360925249657,51.59177794728905],[12.64547122129856,51.592214213963416],[12.647603005214782,51.59341947918217],[12.648077537568719,51.593892562170566],[12.64775595327338,51.594799682218536],[12.647027565104942,51.59476947382209],[12.646892713607741,51.594224364286795],[12.645887219428621,51.59327679396016],[12.644365340386454,51.59300666536542],[12.64279038887726,51.59328632745443],[12.641307144578832,51.59338799021838]]],[[[12.62170099668191,51.60667555711222],[12.624745650386583,51.60356131823335],[12.629639780751303,51.60539219009732],[12.626562578388924,51.6085075859703],[12.62170099668191,51.60667555711222]]]]}},{"type":"Feature","properties":{"OBJECTID":59,"we_nr":"4001","lgbez":"StOÜbPl Frankenberg, Altenhain","typ":"9","plz":"09669","ort":"Frankenberg/Sa.","strasse":"An der B180","bl":"SN"},"geometry":{"type":"Polygon","coordinates":[[[13.072471130010763,50.87810015443833],[13.068815842000058,50.87912264340914],[13.0656771751093,50.87958883949867],[13.064428578847968,50.87997879782731],[13.06202265246319,50.880085184621706],[13.061572257840933,50.880506353806794],[13.061315999931358,50.88056788541479],[13.059407171580508,50.88062866708977],[13.057467632525016,50.88042175515213],[13.05303455619175,50.881157536297074],[13.051586009321182,50.881630990478236],[13.05030830135641,50.88231259232146],[13.050690072775785,50.882618668272],[13.050523115490318,50.882974036700844],[13.050741913652523,50.88306167531217],[13.050315668440039,50.88343589831328],[13.047823673569578,50.885066756911094],[13.045482330663868,50.88613168162092],[13.045211171500371,50.886564172272315],[13.045102405282393,50.88706803181216],[13.045298830902448,50.888379020799825],[13.046348319174324,50.88915956057345],[13.048304788777948,50.88929111176051],[13.049637069396233,50.889048466696416],[13.052663968797637,50.88877934214865],[13.059952424703516,50.88659077189349],[13.061231408276003,50.885926166709524],[13.067527059604464,50.88364416215404],[13.072706959332473,50.88125006221554],[13.072526575826751,50.87876621062114],[13.074485113352193,50.87939901979145],[13.074834926307028,50.87899001889208],[13.075852097686518,50.87930580097159],[13.075965605212579,50.8788877377824],[13.075694104689289,50.87880748867358],[13.075691681034652,50.87757586726612],[13.075527687291277,50.87731688660024],[13.074930164795148,50.877130465383686],[13.07469518078814,50.87691126101654],[13.072471130010763,50.87810015443833]]]}},{"type":"Feature","properties":{"OBJECTID":60,"we_nr":"4003","lgbez":"StOÜbPl Frankenberg, Dittersbach","typ":"9","plz":"09669","ort":"Frankenberg/Sa.","strasse":"An der Landstr.","bl":"SN"},"geometry":{"type":"MultiPolygon","coordinates":[[[[13.102735918112664,50.91176949866623],[13.104696923310197,50.90985993654388],[13.103541777889562,50.90946170355948],[13.10482646845901,50.908848699279766],[13.102744935401496,50.908828057706366],[13.100746195572146,50.908512403797225],[13.098085077578082,50.907885877757394],[13.098258147000736,50.90838078454948],[13.09771851194151,50.90833724879617],[13.097273322158001,50.90810486332165],[13.097351878931287,50.907673180483854],[13.096527059312013,50.907595993356814],[13.08735314382908,50.908367977254755],[13.085184140914013,50.90873859435576],[13.084475208457981,50.9087006009849],[13.084213375603785,50.90923085193592],[13.083625377944584,50.909239968114086],[13.084271892759718,50.910027067522],[13.082574969797879,50.909831804434575],[13.082560306597486,50.90946935263749],[13.081916873003795,50.9086330982993],[13.08179470751504,50.90863764625122],[13.08249621539523,50.90952594807223],[13.082488308424077,50.909821827970916],[13.08140304923761,50.909696932524675],[13.0814746817967,50.91014192054882],[13.080395548222137,50.91060273057051],[13.079449842315077,50.911408079791016],[13.078358204191787,50.912044149827665],[13.078687416082214,50.91223769821341],[13.08028230390246,50.91129264308952],[13.081270837889043,50.911852187127685],[13.082127152442158,50.91145349597339],[13.082714906657914,50.911706458591425],[13.08384432971869,50.91294137125698],[13.084163618818481,50.91353378183407],[13.083975963450555,50.913665273801435],[13.084541249902735,50.91448918772983],[13.087670833927671,50.91400857493216],[13.087872803949645,50.91434115042566],[13.088911140535554,50.91513931692963],[13.089853893680289,50.914988645272274],[13.090089577474904,50.9152627071127],[13.09013086494367,50.91588155266698],[13.090429966204088,50.916775226180064],[13.091172851384586,50.91736684605785],[13.092050406602606,50.917789757735164],[13.091075491075754,50.918335353858],[13.091930287476073,50.918647622523714],[13.093604779505254,50.92008918790799],[13.093540028041229,50.920413530156274],[13.096170419161005,50.91870524712448],[13.098206372599316,50.917855134736314],[13.100589587777074,50.91658494294764],[13.10076352587062,50.91585236341842],[13.101344848148923,50.916036468496586],[13.10199863213134,50.91524582165286],[13.10274644816444,50.91536804315554],[13.103804943843649,50.916020050556874],[13.10467685315011,50.91592795220183],[13.105547881209285,50.916073552551104],[13.104990958072383,50.9153848266265],[13.104543298820152,50.91512141027482],[13.103853335189699,50.91442715551303],[13.103785553708232,50.913925414545695],[13.103522668926834,50.91338500519315],[13.103718037229774,50.912804087606986],[13.104274480666295,50.91231042747109],[13.104338844058105,50.91213210303811],[13.104206819559103,50.91229157497906],[13.102735918112664,50.91176949866623]]],[[[13.10030249339873,50.90842406876129],[13.100659237754304,50.9085103504444],[13.100719392539013,50.908686147137075],[13.100308733096705,50.90858942910187],[13.10030249339873,50.90842406876129]]]]}},{"type":"Feature","properties":{"OBJECTID":61,"we_nr":"4008","lgbez":"StOÜbPl Marienberg, Gelobtland","typ":"9","plz":"09496","ort":"Marienberg","strasse":"F-Weg","bl":"SN"},"geometry":{"type":"Polygon","coordinates":[[[13.14646328486569,50.57018660197207],[13.146604591656535,50.572052468159974],[13.146800974157463,50.57273187548968],[13.146932994164878,50.57289322523917],[13.14755596413642,50.57279199896444],[13.147684791531319,50.57308230770882],[13.148281888226055,50.572982527526385],[13.148329705548626,50.573073759123616],[13.148119885149345,50.57312427813599],[13.14831673657086,50.573982187097506],[13.148074552566847,50.574039207724574],[13.148617082896251,50.57507058581088],[13.148184225184966,50.57518183980555],[13.148016981336925,50.575539068236566],[13.147218076316989,50.57588716456455],[13.145606292084537,50.57620243540214],[13.144275605975865,50.57630853761556],[13.144794229440611,50.57688716125373],[13.144265799067917,50.57742266516754],[13.144123735895617,50.5781365268589],[13.143527650703913,50.578218071328095],[13.143397117408261,50.578714567863344],[13.144644479384416,50.580033929286614],[13.144722248335214,50.579993840020784],[13.14461548895355,50.579706272594365],[13.145525525455621,50.57966184888856],[13.145155093470075,50.579937040513514],[13.145337728153889,50.57999191767007],[13.145174926474928,50.58012219297599],[13.144996966623841,50.580211151851465],[13.144668991713583,50.58007944273206],[13.14470370800605,50.58019889791906],[13.145760542700291,50.580555869258156],[13.145937360792631,50.580796298224584],[13.14459402101491,50.58101333426313],[13.143851304717666,50.58230583379019],[13.143645739637906,50.58290428598684],[13.143695923122964,50.58495054121195],[13.144211905540743,50.58536492776609],[13.14428013528153,50.58558888748647],[13.144033097680065,50.58592976466037],[13.142749881245988,50.586421813279564],[13.142006607993276,50.58732082071697],[13.141960516334365,50.58752303550994],[13.142628084066478,50.589032840796065],[13.142611422114578,50.58930182051237],[13.1420581129001,50.5898904508803],[13.14073433034439,50.58975460384164],[13.140540935640107,50.589975647791825],[13.140737160037547,50.590339027681026],[13.14278664839223,50.59148542917797],[13.14439410005008,50.59162291365648],[13.1449074504041,50.59183380856184],[13.14575450871652,50.59277709438545],[13.147552172347606,50.59405786298007],[13.150261759841165,50.594505673568214],[13.1508488906261,50.5948194728403],[13.150976473854351,50.59526934731456],[13.150194476924687,50.59576844685154],[13.149965118168002,50.596728054727365],[13.149825590041413,50.596879825163164],[13.148625322244031,50.59753393475698],[13.147551475254957,50.600323266172616],[13.143359240842639,50.60377854284352],[13.143201477814097,50.60471016559266],[13.143661090049509,50.605172032764344],[13.144094435545986,50.60620182086658],[13.144313219335137,50.606383937404786],[13.151812839519952,50.61012409112593],[13.152736250139982,50.611165362303836],[13.156479891052157,50.61209142967709],[13.158946945097066,50.61440620513282],[13.159225832466959,50.6147964644427],[13.159915476297213,50.61500229817381],[13.160054259720408,50.61518169934831],[13.159871009690615,50.61561898798459],[13.161473975161929,50.61628858654188],[13.16296096363846,50.610636127402415],[13.164021457170879,50.608743531955355],[13.164965541618846,50.60774967894483],[13.173838968842576,50.600134748642326],[13.174695337294617,50.59956128008728],[13.1775831523372,50.598312376245396],[13.17900536240026,50.597472089442476],[13.179463434923276,50.5968345703015],[13.178566553350233,50.5966627014485],[13.178747257554484,50.59629947130152],[13.179559744203205,50.59572173623926],[13.179837374830024,50.59520632146615],[13.180368073448792,50.594865799999205],[13.182143184874676,50.59006881403987],[13.182632377734045,50.589427999147446],[13.182938590058253,50.589277640175325],[13.183921840154309,50.58688389643791],[13.184435352205071,50.586028766256156],[13.185692163559695,50.58465434520434],[13.187903270512127,50.5825864686853],[13.189848124899143,50.58046745350768],[13.190874978320787,50.5798195726199],[13.19343557842782,50.578637678530214],[13.195365266557905,50.57618317497438],[13.18711085492179,50.57129837252178],[13.195773892214385,50.55069521677219],[13.190882785578927,50.55012920102598],[13.190273095402247,50.549901349398795],[13.189769704669782,50.54948120939932],[13.18940453052358,50.5494719961164],[13.185120296049742,50.55119189493195],[13.181127406782148,50.55157719731376],[13.180301046552186,50.552130326003585],[13.179960963250181,50.55326298413189],[13.179448354006269,50.55374755649513],[13.178981880438728,50.55393879559861],[13.17694277571043,50.554229572658635],[13.173513908067068,50.555415023524496],[13.171980736303489,50.55572275112744],[13.17118247896886,50.555773110678835],[13.170362983664285,50.55543345347305],[13.170467093015812,50.55582864321095],[13.171000295239322,50.55593879720698],[13.17021396842998,50.55755369413551],[13.171081682604063,50.55816412868257],[13.1713402321159,50.55852732317717],[13.17189860603198,50.559981886767055],[13.17205585612248,50.5612798339678],[13.172495106245346,50.56240117381155],[13.172513569319392,50.563174358625645],[13.165804243802498,50.56386198032452],[13.165167330181141,50.56383188779102],[13.162040883073205,50.56591240660389],[13.162094904161131,50.5659793740019],[13.160469280483426,50.56660954634668],[13.159919560936782,50.56712566560388],[13.158899938953207,50.56726212968144],[13.1576473317141,50.56797827531513],[13.157472839360045,50.567779778358144],[13.158655236971464,50.566981226022435],[13.158455757079443,50.566818047254515],[13.1569276392376,50.56641969954837],[13.156853159917405,50.56735448841794],[13.155534206704658,50.56683670611557],[13.154902224834203,50.56771007245636],[13.155879028619784,50.56800989548456],[13.155475614988566,50.568426298008454],[13.154684313309199,50.57003976975427],[13.15388187791017,50.57076906924184],[13.15078372414042,50.570652917549054],[13.147719000275657,50.570135972546076],[13.14646328486569,50.57018660197207]]]}},{"type":"Feature","properties":{"OBJECTID":62,"we_nr":"4009","lgbez":"StOÜbPl Marienberg, Drei-Brüder-Höhe","typ":"9","plz":"09496","ort":"Marienberg","strasse":"Drei-Brüder-Höhe","bl":"SN"},"geometry":{"type":"Polygon","coordinates":[[[13.149721503147747,50.657834242934115],[13.148880663872,50.6576310061986],[13.148243461891441,50.65790900116114],[13.148179322180141,50.65782273758383],[13.14849586782506,50.65719620399163],[13.147955463807952,50.65691487267567],[13.149438282304923,50.65610265401627],[13.149649073782998,50.655779476965016],[13.150472979815621,50.65553857046634],[13.152894324883917,50.65416046465801],[13.153220866083007,50.65286997752987],[13.1523027824726,50.65359048014552],[13.151942758367925,50.653060157545106],[13.152058924008932,50.65333273417329],[13.151378322620328,50.65362258616475],[13.151522051269179,50.653806265297334],[13.148527245977945,50.65458155855797],[13.145857440376753,50.65290467548016],[13.146027827429972,50.65284005179443],[13.145809817090287,50.65288438024082],[13.144673281169057,50.65256762096018],[13.14411066091663,50.6526965745352],[13.143845471058214,50.6526825556431],[13.143775253345718,50.65256313916309],[13.14263084099607,50.65279551656021],[13.140812177448602,50.651592282644536],[13.134343745954988,50.651935705563844],[13.128057635633168,50.652585742361055],[13.126712233323511,50.65252873484912],[13.125252535665338,50.65221419101865],[13.125122295220473,50.653675199506125],[13.125312826095643,50.65513330128552],[13.124605314774385,50.65636355978004],[13.125896076158552,50.65708749754314],[13.125063504078392,50.657824918150595],[13.124319565174066,50.65724301416995],[13.123994293294471,50.65732771612244],[13.12461214915707,50.65870838048834],[13.12477646719223,50.65954475755465],[13.124857958761568,50.661809752154724],[13.125024989708898,50.66250127940974],[13.125276148780879,50.66275480401476],[13.12573660543266,50.66299208043094],[13.127479243659298,50.66260685456357],[13.129664893254882,50.66268675111747],[13.130579662081898,50.662945573222636],[13.13122148858955,50.66404810577826],[13.132703260549233,50.66264154475178],[13.13398203211927,50.66198844744942],[13.136973113893667,50.660870059164765],[13.13867106183323,50.66077113813403],[13.140381719137464,50.660104661561924],[13.141570108511822,50.65948175231844],[13.141786074285946,50.65976554656508],[13.145387878401255,50.660108890938325],[13.145645986840316,50.66059324910922],[13.147939768443297,50.66020787372657],[13.14900197236799,50.6603198649839],[13.1491652232046,50.660581663572394],[13.150778306400955,50.65962874523272],[13.153258880090885,50.657766880528904],[13.152621274766764,50.65746867802924],[13.151423616575284,50.65766535552157],[13.150562734088927,50.658267526690466],[13.149721503147747,50.657834242934115]]]}},{"type":"Feature","properties":{"OBJECTID":63,"we_nr":"4022","lgbez":"PiÜbPl (W) Crossen","typ":"9","plz":"07613","ort":"Crossen an der Elster","strasse":"Elsterstr.","bl":"TH"},"geometry":{"type":"MultiPolygon","coordinates":[[[[11.984033355516507,50.97837428020162],[11.984772837878701,50.97834469466195],[11.984855979653206,50.97742876942586],[11.9845846489115,50.97685316119668],[11.984500324954078,50.97642049629057],[11.984615794400735,50.97647651480432],[11.984458689837302,50.97595031876995],[11.98343003798847,50.97590006952894],[11.984033355516507,50.97837428020162]]],[[[11.985476619394877,50.979209406561104],[11.985640473899368,50.97912982749148],[11.985379409104725,50.97649374794986],[11.986597450069983,50.976354518906064],[11.986259475113966,50.97596745595518],[11.985131363593485,50.97597637296782],[11.985261593258551,50.977035044084566],[11.98525279336205,50.97880592864336],[11.985476619394877,50.979209406561104]]]]}},{"type":"Feature","properties":{"OBJECTID":64,"we_nr":"4100","lgbez":"StOÜbPl Burg","typ":"9","plz":"39288","ort":"Burg","strasse":"An der B246a","bl":"ST"},"geometry":{"type":"MultiPolygon","coordinates":[[[[11.86879081703231,52.23019237386833],[11.868803982741106,52.23007587672382],[11.86089737991847,52.22918227207816],[11.855014367020859,52.2291606709004],[11.852540984344763,52.228980420962515],[11.855011178001597,52.22918490434099],[11.857276381500442,52.22919634015657],[11.856245727306847,52.233898029265305],[11.850484847558661,52.233238099111695],[11.856238296442823,52.23393194354547],[11.856153130763957,52.23432042481383],[11.851599570588133,52.23421003042268],[11.856148209792856,52.23434278434982],[11.854705404055238,52.24092243046741],[11.858484951527666,52.24082894758988],[11.858631800025506,52.24035759770026],[11.85925255295491,52.24039249279411],[11.859180803614828,52.24081690308415],[11.863817482208965,52.24085056344278],[11.86363746880918,52.241878741649806],[11.863352649863455,52.24189412751003],[11.863240011906584,52.24219786170355],[11.865225686638444,52.2425756985478],[11.865019410092982,52.24295797989111],[11.865923638986754,52.24298644999417],[11.865979836692615,52.24375781897543],[11.875838869395093,52.24689268637837],[11.876537570938348,52.24617340741932],[11.878169494501133,52.24645117614629],[11.881781396578582,52.24482563803276],[11.88305924917209,52.24394256378644],[11.88704770076219,52.239628293531446],[11.887125926955445,52.23972953357808],[11.887229400299793,52.23961861189875],[11.88714807132553,52.23951336471359],[11.89104561610378,52.23536122171174],[11.891266112980196,52.23480280941525],[11.891004104954499,52.23474648421453],[11.891123873738099,52.23439314580472],[11.887096869150962,52.23390868868631],[11.887270359883487,52.23223343146899],[11.874663489422666,52.230747767980816],[11.86879081703231,52.23019237386833]]],[[[11.858443778144931,52.23033216211524],[11.858433457400642,52.230319246532474],[11.858450098691275,52.230324125227334],[11.858443778144931,52.23033216211524]]]]}},{"type":"Feature","properties":{"OBJECTID":65,"we_nr":"4109","lgbez":"PiÜbPl (L/W) Nitzow","typ":"9","plz":"19339","ort":"Plattenburg","strasse":"An der L 10","bl":"BB"},"geometry":{"type":"MultiPolygon","coordinates":[[[[12.048621742058383,52.88623425187895],[12.047439614839856,52.885149303847165],[12.045806375245158,52.88651025500017],[12.04432901760681,52.88719479957347],[12.042453366734334,52.887652022051164],[12.04054936413316,52.88772448048189],[12.03926427650836,52.88756279862392],[12.037490969797913,52.88702733116245],[12.036223812546151,52.88643825852671],[12.034026274646077,52.88490634687381],[12.032466214509405,52.88430484888581],[12.032590005050508,52.8861469644258],[12.035774096151933,52.88636930332801],[12.036270992963212,52.88655505780458],[12.035741919396761,52.8864058374444],[12.0325911737587,52.88618924710278],[12.032730095522448,52.88813722200351],[12.028586570459783,52.88809846218696],[12.02816731503855,52.88824436878577],[12.027254413809032,52.88888752793121],[12.024578761073663,52.88994012765735],[12.02268676804952,52.89040526460036],[12.021377292063052,52.89032172312202],[12.0211935964689,52.890146948785855],[12.020682374223806,52.891276809230234],[12.020567479698926,52.89184185279139],[12.02052077449066,52.89356358487323],[12.022073136963703,52.89305522927472],[12.022433739583413,52.893299522023995],[12.023551916635157,52.89307235080203],[12.024152673964666,52.89432050287002],[12.0271774596302,52.89400886560453],[12.030116164233625,52.893938694396375],[12.035137498737555,52.8944856609978],[12.036532613814991,52.89431366789729],[12.04371808416178,52.889978110772596],[12.046820555234781,52.888946272009],[12.049581117629144,52.88697043661408],[12.04957677696967,52.8866264692249],[12.048621742058383,52.88623425187895]]],[[[12.042733948326852,52.88653726265826],[12.043700455622638,52.88609688168368],[12.045145437079825,52.88513295162131],[12.045622820686516,52.88440191241449],[12.039819349115742,52.88446222371854],[12.036597141598504,52.884289479109654],[12.036448787524265,52.88430013669538],[12.036779302870148,52.884607901337304],[12.036773031731144,52.88474589853728],[12.036198743261513,52.88478661006121],[12.03730160313935,52.885724743567486],[12.039362951950745,52.88652841007169],[12.041305328784233,52.88676405022042],[12.042733948326852,52.88653726265826]]]]}},{"type":"Feature","properties":{"OBJECTID":66,"we_nr":"4112","lgbez":"PiÜbPl (W) Storkau","typ":"9","plz":"39590","ort":"Storkau (Elbe)","strasse":"An der Elbe","bl":"ST"},"geometry":{"type":"MultiPolygon","coordinates":[[[[12.006021028860115,52.61058996193675],[12.005312481781369,52.610510999369886],[12.005372586260407,52.61094269715613],[12.006306592509203,52.611196076732035],[12.00646875818095,52.61175673472117],[12.006559316446427,52.61229561342763],[12.006496254713477,52.613443749188214],[12.007301350024047,52.615970863977374],[12.007263696240603,52.61674785897942],[12.008240441635676,52.6191067123721],[12.008603358315574,52.62342114454522],[12.009784617761536,52.627906334131595],[12.009001737787925,52.62775957408656],[12.009908782001801,52.62962785053132],[12.010346256155337,52.62979912720148],[12.010531466309065,52.62979095508708],[12.010617205113045,52.62964829070503],[12.010700354972391,52.62917877824798],[12.01052816949195,52.62881858853225],[12.010580729919262,52.628432205347515],[12.010443076576681,52.62803978702252],[12.012105275161183,52.62965620221867],[12.011985563869764,52.62988406192208],[12.012115754907288,52.631043515001636],[12.012314511655514,52.631574473601894],[12.012191561937493,52.63171075644771],[12.012225702409886,52.632145943940884],[12.012459657845886,52.63243174991495],[12.012427105594925,52.63259253287873],[12.013228182741212,52.633300212205846],[12.014330275457791,52.63487119239349],[12.014598413586981,52.63498928979407],[12.014025628897127,52.63373036591783],[12.016422061885976,52.629004778334036],[12.01698015103608,52.625294741836925],[12.015896019235301,52.621441175597695],[12.017368808940441,52.621177621794935],[12.01666646472872,52.620031514181754],[12.016147795449923,52.61871716148902],[12.01537597283915,52.61752247262453],[12.012390201904728,52.61762226047763],[12.009772395283761,52.61563481112889],[12.012178716927261,52.6152299001758],[12.011609933333679,52.61460047323255],[12.010516327001579,52.613985104706266],[12.009911735662456,52.61330974397715],[12.00907798409431,52.61200735880459],[12.00795668539695,52.610873651499304],[12.013255418762313,52.61014768310491],[12.0119087129972,52.6089731213007],[12.00931716862358,52.60936302727261],[12.00829125843299,52.60811271951429],[12.00820852898522,52.60812540707589],[12.009233514809361,52.609374759304536],[12.007289385362771,52.60965395258988],[12.007681889853203,52.61025532369243],[12.007721019568644,52.61086812906392],[12.007630121739998,52.61026283559683],[12.007244876535376,52.60965681043678],[12.007377908045822,52.60896560644755],[12.007264700557092,52.60812054272915],[12.006621399015742,52.60705023856631],[12.005514814722739,52.60717857583021],[12.006564697354976,52.608767595930196],[12.006259196496504,52.608735768383255],[12.005965430330551,52.608913319377194],[12.005777533315806,52.60937897000518],[12.00579778942716,52.61028414995709],[12.006021028860115,52.61058996193675]]],[[[12.010288591500617,52.610623616048514],[12.008118561811166,52.61092083491001],[12.009116473310986,52.61200180214783],[12.01119772339918,52.61170450389396],[12.010288591500617,52.610623616048514]]],[[[12.002321086494954,52.61970003161435],[12.000376680367253,52.62001116495532],[12.000530450384328,52.62054149282279],[12.004162878067728,52.62023433622042],[12.004172235818025,52.61990014362372],[12.002321086494954,52.61970003161435]]],[[[12.00408173324807,52.629508464415814],[12.00292580539483,52.629736283449944],[12.00486491415731,52.62939338434998],[12.00548598419199,52.6294804730415],[12.005764744899423,52.62970474649362],[12.0069953353292,52.63164631576387],[12.005423316819465,52.631939675713745],[12.005268348449762,52.63349381180371],[12.005278787771667,52.63584270755482],[12.005481270731686,52.63621226152036],[12.005670760459452,52.637282997117175],[12.00554497565839,52.63839090229128],[12.003590172429618,52.63833221774014],[12.006662655043478,52.63858491547041],[12.006697913020062,52.63786391328053],[12.010179441701975,52.63717201959585],[12.010890258823485,52.637638967506724],[12.011395999548725,52.63774424817132],[12.01054634061354,52.635568869669434],[12.009429776037717,52.6338982365219],[12.008528810723401,52.633427128618244],[12.008392424903658,52.632983612246036],[12.008485254110198,52.63285620168119],[12.008325212055786,52.63278289108355],[12.007756097882174,52.63172639117216],[12.006720737414817,52.630415082026985],[12.006710801149453,52.63009896989963],[12.006349250807109,52.62966506409368],[12.006153593246637,52.62901239280082],[12.005154161797362,52.62790977258738],[12.004243025757374,52.627933538602],[12.00445468500801,52.62863192465408],[12.004452850648205,52.62907453748739],[12.004126355263198,52.629269137233244],[12.00408173324807,52.629508464415814]]],[[[12.020428892108464,52.619098513173626],[12.016728878776364,52.62005573385551],[12.01740876241102,52.621170469513515],[12.018143472922464,52.62099061392828],[12.018841082114315,52.6224278837114],[12.018194784691477,52.62097801898695],[12.019181978391627,52.6207358256585],[12.019966498688937,52.620192078752495],[12.020509311987663,52.6196032780323],[12.020545815927553,52.61933204356713],[12.020428892108464,52.619098513173626]]],[[[12.010452647227693,52.61060114161124],[12.01125880524526,52.61169577365845],[12.014131920256503,52.6112853278943],[12.013672593685369,52.61077698750597],[12.012915411817128,52.61031807486519],[12.012665563387113,52.610297895679324],[12.010452647227693,52.61060114161124]]],[[[12.016189308395829,52.61871466473085],[12.016705120133727,52.62002184103338],[12.020147635881157,52.61916803124567],[12.020191108951032,52.61881044622707],[12.019849836279603,52.618894607111386],[12.020052374036846,52.61841509744052],[12.019491264750734,52.61796977473828],[12.01880754890306,52.61799605549398],[12.016979299433197,52.618442377074714],[12.016795163664565,52.618297080744604],[12.016560455440333,52.61775047022411],[12.016618626744885,52.61726183929682],[12.015416342229718,52.617516255101386],[12.016189308395829,52.61871466473085]]]]}},{"type":"Feature","properties":{"OBJECTID":67,"we_nr":"4120","lgbez":"StOÜbPl Havelberg","typ":"9","plz":"19339","ort":"Plattenburg","strasse":"An der Straße nach Roddan","bl":"BB"},"geometry":{"type":"Polygon","coordinates":[[[12.02492058890393,52.90073566448802],[12.025596153438705,52.9020834877955],[12.024952192533954,52.90821782797489],[12.025270394672255,52.908625903728606],[12.02847519014435,52.91106355392924],[12.032419988103193,52.91023056867159],[12.037279912418498,52.91015101959619],[12.039750583979053,52.90984796260388],[12.040550526553137,52.90951983176222],[12.041357313391407,52.90860736838437],[12.041713331908223,52.90838479248142],[12.047548038799743,52.90595197931186],[12.05218877688063,52.90496249531699],[12.055292132794207,52.90462382171327],[12.064314642625892,52.902827428497176],[12.064479659550328,52.90277748043752],[12.063092092117873,52.89982797151732],[12.066111668453104,52.8995586640817],[12.069241071018325,52.8991013629005],[12.070778132487106,52.8987394859589],[12.064615147054775,52.89163995221577],[12.061445820663344,52.888237970805406],[12.061012046670486,52.88751828142512],[12.060887242829722,52.88811402194577],[12.057060260717021,52.8884091598151],[12.055773958569947,52.8891054413821],[12.053185581656027,52.88866426697192],[12.052897211670006,52.888523283819985],[12.052863515863676,52.8882359713009],[12.049970658577418,52.88681660333313],[12.049153762098946,52.88758484066671],[12.04695201918506,52.889041800478225],[12.043961175464194,52.8900151188041],[12.030964762258472,52.897814657537516],[12.025868670854914,52.90006519207639],[12.025140686030037,52.900429280679866],[12.02492058890393,52.90073566448802]]]}},{"type":"Feature","properties":{"OBJECTID":68,"we_nr":"4436","lgbez":"ÜbPl Westertimke","typ":"9","plz":"27412","ort":"Westertimke","strasse":"Am Falkenlager","bl":"NI"},"geometry":{"type":"Polygon","coordinates":[[[9.12280716794953,53.22262668953756],[9.123191350447119,53.22479180266733],[9.121201659347633,53.225750542794415],[9.121895929501605,53.22786236981094],[9.128062702231167,53.22749562141254],[9.128466185032664,53.22762240996631],[9.12851094089676,53.228561712544916],[9.130767393906446,53.22851439398256],[9.131098035016457,53.23193004539068],[9.131458361853388,53.231926196992084],[9.133039445262703,53.23243170756033],[9.134443696206588,53.226100490164384],[9.131561200088822,53.22206255055608],[9.12280716794953,53.22262668953756]]]}},{"type":"Feature","properties":{"OBJECTID":69,"we_nr":"0211","lgbez":"StOÜbPl Boostedt","typ":"9","plz":"24598","ort":"Boostedt","strasse":"Neumünsterstr.","bl":"SH"},"geometry":{"type":"MultiPolygon","coordinates":[[[[10.055806755661715,54.01916381444519],[10.056123823227816,54.01125285842442],[10.052384273243424,54.01111262853124],[10.052533631634187,54.01073305421863],[10.05234980398766,54.01062415183696],[10.048673678655613,54.01032223354981],[10.044918883362545,54.01051740451685],[10.04468173261907,54.01050131780532],[10.04449813314464,54.010255023636724],[10.043313816731787,54.010322546058035],[10.039823697460793,54.011056691637215],[10.039329576443746,54.01102475986451],[10.03740095820717,54.011336857302986],[10.035998786863132,54.011129202235324],[10.035041510655223,54.01072146724386],[10.034903612072567,54.011825633376944],[10.035083378435683,54.01185310881741],[10.035163231477915,54.01244057426231],[10.03554812364461,54.01249756184468],[10.035558553085046,54.01298453328329],[10.035500174269664,54.01326887919477],[10.03539723811788,54.01327630021131],[10.034920382720616,54.01303392803849],[10.034749159335865,54.01316153532733],[10.034074653914798,54.01282651000073],[10.033985892279853,54.01260727486181],[10.031141452390795,54.011544458019515],[10.030434655230195,54.012165088136186],[10.032051321806208,54.012559597247325],[10.034974077720095,54.014950392085],[10.03793468325016,54.01560123019347],[10.039731501566543,54.01622177182622],[10.03982898224962,54.016383399814295],[10.038552769081482,54.020732372183055],[10.037651050080635,54.0210897468246],[10.032509211971215,54.020653614930765],[10.031061573297412,54.02070099458881],[10.02904132780015,54.020421026554004],[10.0288533598185,54.02014069406308],[10.024890364686952,54.01967214839781],[10.02184015220727,54.018994056850396],[10.019641904638123,54.01862181827585],[10.019122998204091,54.01863541336493],[10.01937934953843,54.01946027424529],[10.019580920708426,54.02136575279572],[10.019114414801555,54.02414043067525],[10.018422263773337,54.02631549139372],[10.017217536738896,54.02819411732021],[10.016740383100961,54.029287671565754],[10.016508995948366,54.03065220171872],[10.016380038297722,54.03269827591215],[10.01608501179544,54.03427071115395],[10.014839756368646,54.036552085862816],[10.013586149304636,54.03830239776592],[10.018578720651464,54.03916266348324],[10.018754597309378,54.039307089659815],[10.018222818915635,54.03952058082906],[10.016009279325395,54.03919688524844],[10.015104238354615,54.039558892120326],[10.014637750414053,54.03960865148551],[10.012974004032287,54.03919481737326],[10.01228456501794,54.039939676773216],[10.014514656067266,54.04040208027517],[10.014626822408594,54.0405964586689],[10.019052713117945,54.03953682143211],[10.019522178973686,54.03931630486674],[10.019963379339018,54.03931804620249],[10.025392962207013,54.03798206628299],[10.025700894804993,54.03800963206612],[10.039776952726658,54.030800531291156],[10.040040249834789,54.03064353754501],[10.039897892913372,54.0303393727754],[10.042826954102221,54.02911314525662],[10.047086174088646,54.02614880614322],[10.049034301038256,54.02519360294101],[10.0500485367234,54.02453135921238],[10.051574769001467,54.02335977211196],[10.051051546162446,54.023003159482464],[10.051848859367727,54.02240668544149],[10.054117652534444,54.02161148828604],[10.05505738464487,54.02103243061223],[10.0542974575251,54.02049335986723],[10.05552664568474,54.01959144167445],[10.053589042498693,54.0192817737369],[10.053731565608441,54.01898132901397],[10.055806755661715,54.01916381444519]]],[[[10.015953826322896,54.03467394832103],[10.019011758924133,54.03223671160935],[10.022532485593468,54.03380479482693],[10.018604895762225,54.03678517330619],[10.018349207384546,54.036673357398165],[10.018497199437721,54.036559641472365],[10.018329952894756,54.036474734426385],[10.018029397261872,54.03653340046832],[10.017143352964414,54.036193521494745],[10.01732617809108,54.036078604587885],[10.017225850646868,54.03603113377004],[10.016882185761835,54.03609517625978],[10.015569721080425,54.035552875788014],[10.015953826322896,54.03467394832103]]],[[[10.02236705454567,54.0189957789819],[10.024451969760221,54.01949538146472],[10.024728858378605,54.01913738037986],[10.022672482640644,54.01859417155407],[10.02236705454567,54.0189957789819]]]]}},{"type":"Feature","properties":{"OBJECTID":70,"we_nr":"0309","lgbez":"StOÜbPl Hohn","typ":"9","plz":"24806","ort":"Hohn","strasse":"N.N.","bl":"SH"},"geometry":{"type":"Polygon","coordinates":[[[9.558392329732175,54.31888984768916],[9.538817162034421,54.31679712427215],[9.53877390635688,54.31693153799317],[9.538580626636959,54.31691057006847],[9.538478270796832,54.31723643051132],[9.53751416469779,54.31713104556456],[9.537597416066774,54.31685800978084],[9.537855936832537,54.31688595936193],[9.537914789060054,54.31669891740632],[9.53195829666715,54.31605205652634],[9.531968715327825,54.31638974562774],[9.530803958831939,54.31678255524882],[9.530437695927622,54.317929413572166],[9.530014410664005,54.317995189758726],[9.52636478383621,54.31761132452192],[9.526845352868877,54.31596448771786],[9.524894652245981,54.3157535664138],[9.525041698373181,54.315297661550574],[9.521278882921226,54.31485928255415],[9.51978081821725,54.31524885582909],[9.518469265325827,54.31654166153738],[9.518348315257645,54.31949784723962],[9.51930449552093,54.31965714728042],[9.519599230969051,54.31985010848831],[9.520957073148747,54.31988189345284],[9.521569933480087,54.32227939894513],[9.526098547440476,54.32168786878542],[9.526601270724663,54.322684867235466],[9.527202802401938,54.32257793078184],[9.527938310617339,54.32476212355779],[9.528071697860636,54.32472389066938],[9.527943362742482,54.324784381485436],[9.528215616952306,54.326048870902994],[9.533786447322333,54.32686229191091],[9.534058771600765,54.32679385086664],[9.536216169180662,54.32732411131237],[9.538844712465874,54.328307467429816],[9.545054177629364,54.3263692924636],[9.545398110212366,54.3266884678746],[9.550293740763571,54.32505372890699],[9.550110581463652,54.32485197508008],[9.552334263931753,54.32414507395811],[9.55223144096767,54.32403208556432],[9.554424255525971,54.32327668168644],[9.55665016042609,54.32276995096255],[9.55619523290491,54.32228251417501],[9.55820749866749,54.32162185644738],[9.55798501741262,54.321388139069036],[9.559906495839297,54.320600114245686],[9.558392329732175,54.31888984768916]]]}},{"type":"Feature","properties":{"OBJECTID":71,"we_nr":"0336","lgbez":"StOÜbPl Neuberend/Langsee","typ":"9","plz":"24879","ort":"Neuberend","strasse":"N.N.","bl":"SH"},"geometry":{"type":"MultiPolygon","coordinates":[[[[9.546743914967221,54.567022845639],[9.547976098110018,54.565586186222994],[9.54947649753542,54.564186572649994],[9.550795053692783,54.56383609833155],[9.551250653153824,54.563392257580546],[9.54940763358405,54.56055193687567],[9.54882445089479,54.55942292228139],[9.547535393614718,54.55826297655623],[9.546622117787743,54.558452449458],[9.547945838359654,54.558175057205275],[9.548124142265493,54.5564184984508],[9.548310818469785,54.55640426132337],[9.547385621998957,54.553679526418655],[9.544327521412797,54.55391326679838],[9.544395942494731,54.55422109504066],[9.543974437691997,54.55442710843047],[9.543826082719425,54.55382758187529],[9.540061398771707,54.55398956948426],[9.537599271986144,54.553814876528975],[9.537483180007,54.5537075008781],[9.53727357969501,54.55463096037195],[9.537306762563299,54.55391347153801],[9.537003358372651,54.55337463289692],[9.534556089721882,54.55314878221333],[9.531326153998247,54.555637233294746],[9.529099017507907,54.5548049001783],[9.52835522592727,54.55541150662227],[9.528748338577136,54.55543871045594],[9.531008642664414,54.55587257320479],[9.528739855785878,54.55546426183028],[9.528537009008202,54.55562730462312],[9.529276760864992,54.55719961840996],[9.528521390000332,54.5556378787443],[9.526812831160619,54.5568256287033],[9.528816215279996,54.557552717384574],[9.526017266975224,54.55966275492201],[9.526367886617185,54.5597363272769],[9.526415460496342,54.56009339792892],[9.526831918563783,54.56047671375427],[9.526456967154036,54.56133478092154],[9.52653140694839,54.561760297620125],[9.525794331172822,54.56249533878185],[9.52659639736424,54.562591375200654],[9.526007592119615,54.563700224178056],[9.527036385902257,54.56401761507731],[9.525823353943016,54.563667970048506],[9.525206247275364,54.5632382757533],[9.524671273574143,54.56328076954142],[9.524262600306917,54.563900374526106],[9.524540456410875,54.564253400378085],[9.524840861126746,54.564326736846354],[9.524538722662378,54.56491237594288],[9.522987524405938,54.56474880986007],[9.522573466636944,54.56559141314053],[9.522515755269806,54.56596215904611],[9.522988949134001,54.56715361376467],[9.524799201755446,54.568650241786905],[9.525385180900203,54.56897226236667],[9.526183004348532,54.569846017347345],[9.526280872205492,54.57026404422364],[9.526032420655762,54.5710446276687],[9.524933182785158,54.57221972085884],[9.527471538809095,54.57240491047869],[9.527383588352892,54.57178704746564],[9.527467251150247,54.57134568139981],[9.527151668499314,54.57046254696839],[9.529402055185871,54.57045851112042],[9.529262217140515,54.57072907973296],[9.529389407804999,54.57140193361115],[9.529505298561496,54.571621612429965],[9.530009481608031,54.57185423193787],[9.530913143664867,54.571794738759706],[9.534416280422633,54.57230139500363],[9.538955355264491,54.57245279571569],[9.538545184505704,54.573748309093276],[9.541457941272165,54.57367949322356],[9.54267061570193,54.57319067678696],[9.54452229862428,54.57317402833337],[9.549418364858443,54.57407156878066],[9.549060384421031,54.57334758547225],[9.549947070115618,54.57341692209846],[9.550902288283211,54.573672173033195],[9.551548665656124,54.57281342351357],[9.551699958119636,54.57277257005108],[9.551925081319773,54.57283918114373],[9.552807461389204,54.572672072077445],[9.554069272766673,54.57299881924558],[9.555748227626202,54.5728227726005],[9.554134173351015,54.5721110991219],[9.553449446000341,54.571960147056004],[9.552783613813356,54.571994582233245],[9.552233198072393,54.57183033792406],[9.55159392367843,54.57106027351278],[9.551274498933047,54.5709247640045],[9.549229704275698,54.570674403429706],[9.548389415667238,54.570394766541156],[9.547131417638148,54.57033863740059],[9.548827208722713,54.56738835236182],[9.546654042116298,54.567107605505754],[9.545480889067477,54.568024506949975],[9.545009660717131,54.56909669061066],[9.54517077985156,54.5698902175552],[9.545166626940013,54.569984727391585],[9.545085021284644,54.57023300656871],[9.545155301879236,54.569890610730376],[9.54499392313168,54.569096177129445],[9.54546663819382,54.56802060782725],[9.546743914967221,54.567022845639]]],[[[9.528312101403735,54.555446187599905],[9.52836338891826,54.55544488523395],[9.52834131551508,54.555422702288794],[9.528312101403735,54.555446187599905]]],[[[9.535196810403438,54.574384509709],[9.53578976496636,54.57692286795618],[9.53774354321741,54.57642719663816],[9.5409058861058,54.57631954833021],[9.545540928867824,54.575470000000884],[9.550287481302695,54.5760576539187],[9.54942188176278,54.574079991759604],[9.54452042563693,54.57318437243312],[9.542676321800592,54.57320098651498],[9.541464569042319,54.57368934928663],[9.537399501938292,54.573891229343516],[9.536163429090331,54.57425265827811],[9.535196810403438,54.574384509709]]],[[[9.546719272382342,54.56706649998701],[9.549045054670728,54.567349950569465],[9.54929995253093,54.566917542651574],[9.547358511741983,54.56634107512931],[9.546719272382342,54.56706649998701]]],[[[9.549263705509208,54.56440065234788],[9.550066665524342,54.564357362332245],[9.55101894709929,54.564111166128654],[9.551996773167673,54.5641402412498],[9.552257701418391,54.56385693293605],[9.55079831457728,54.563845115619706],[9.54948712460525,54.56419362423073],[9.549263705509208,54.56440065234788]]]]}},{"type":"Feature","properties":{"OBJECTID":72,"we_nr":"0475","lgbez":"StOÜbPl Karow","typ":"9","plz":"19399","ort":"Dobbertin","strasse":"An der Krakower Landstr.","nr":"1","bl":"MV"},"geometry":{"type":"MultiPolygon","coordinates":[[[[12.148473365725865,53.57499908971314],[12.149666596121317,53.574554370139005],[12.15001881296785,53.574023032735646],[12.148061479184888,53.57287500366552],[12.142896109706632,53.572295732789534],[12.133916199782375,53.57579546685946],[12.13557146606784,53.57713625599359],[12.133803965169067,53.577548437964566],[12.135127091954596,53.57890278670039],[12.136694219137635,53.57852719230219],[12.137363969775896,53.579428058474754],[12.137468671117242,53.57942525098957],[12.137746041232603,53.579976960377095],[12.136043687056544,53.58017762154449],[12.136109567702887,53.580248167364005],[12.134012354552068,53.58081876951801],[12.135359165420075,53.5817945026874],[12.13682437424254,53.58350432759496],[12.1389139094926,53.58640706194514],[12.139258045993175,53.58705849336186],[12.139690822856089,53.58731100707422],[12.139760070388085,53.58798410351654],[12.140518038282222,53.59005427180998],[12.141841108473866,53.594611777085525],[12.142958526449199,53.59654215277254],[12.142256938618969,53.5962938019403],[12.143630521079043,53.59903147197239],[12.143560905237804,53.601370578250794],[12.14235191210408,53.60417843156392],[12.140064955002284,53.606797493214955],[12.137706946551416,53.608468360705075],[12.129960579819297,53.610955062802354],[12.126628157999823,53.611829954643035],[12.126697604059512,53.61192350204803],[12.12607704606451,53.61202972008285],[12.125622386241266,53.61227954732632],[12.126604043624337,53.611959209192726],[12.126544121503276,53.612125619372904],[12.12568644061261,53.61241502074908],[12.126581845355325,53.613607593278594],[12.127187012514554,53.61376376361657],[12.127176496835828,53.61411889277742],[12.127360133141206,53.61423402066742],[12.129271507317565,53.61426581865594],[12.129108993099507,53.615177196806606],[12.12888842795111,53.615475079931834],[12.128304611051268,53.61586638772016],[12.128473884193554,53.615964911235274],[12.144476947875871,53.618102715774036],[12.144417478505712,53.615509954909385],[12.148070209012849,53.6152649885698],[12.150540395483139,53.61572926438847],[12.150557916224429,53.61675173813244],[12.14820535964905,53.61855023977147],[12.16178974895441,53.61876110498719],[12.168470964389394,53.6189988673265],[12.169775059467312,53.618801111163584],[12.197011028468046,53.616703978939405],[12.197731788143098,53.61647202473977],[12.202647356802052,53.61349567284611],[12.209179176117061,53.611150787926256],[12.218962152057678,53.61126033715085],[12.219202527753032,53.60833213432144],[12.219909742630215,53.60709221141921],[12.218927176152084,53.60610413970593],[12.218696246241974,53.60502727045221],[12.217255365594037,53.602635455690674],[12.214253594766078,53.60021191762445],[12.217233750331676,53.598808356910794],[12.217938120244352,53.59859899345621],[12.226589466861851,53.597313923512765],[12.226441152313447,53.59695997141016],[12.226341293789819,53.59697621437374],[12.225681178481295,53.596135916965196],[12.220437333078124,53.592102433657374],[12.212025289567512,53.595826557732025],[12.211054226914946,53.596002717885305],[12.209496691044183,53.59591119735356],[12.209838634757142,53.596155370195945],[12.209729543349013,53.596426379014886],[12.209301853645563,53.5966391577392],[12.20854123122977,53.59671101367933],[12.208225186844764,53.597000577208],[12.208137703512486,53.59728686971243],[12.20823182090313,53.59747963759079],[12.209658897140102,53.598048023986],[12.210071319975313,53.59840949110891],[12.210779531982473,53.598745802215504],[12.212325269380289,53.59865073188734],[12.212605829413244,53.59970721985255],[12.211927364218406,53.600773882176306],[12.211147248360929,53.601050015031],[12.209654768483075,53.60001811098581],[12.208542808671407,53.599670202695116],[12.207204077251063,53.59943615371645],[12.20624946275132,53.59862265860002],[12.206218482552117,53.59795180218415],[12.205622855501229,53.59684412735983],[12.205153374374104,53.59658758264486],[12.205212232889837,53.59633836042285],[12.204978982631326,53.596184491115],[12.204646715570634,53.596119374594736],[12.202882269842158,53.59637687964173],[12.201746504675436,53.59669681885684],[12.201231556218548,53.59706154527382],[12.200644373331315,53.59689285476603],[12.200336663515513,53.59655780519899],[12.20014544003928,53.5959954193665],[12.200639011287373,53.594928789926755],[12.19984713109294,53.59486746530997],[12.196669533912734,53.596308704886674],[12.195742706101345,53.60667905861319],[12.19557639650122,53.606659476447085],[12.196576301362633,53.59629072048333],[12.19809440119241,53.57820753578589],[12.193486169548361,53.580463277654054],[12.191926435500136,53.57905550239014],[12.191969091103084,53.57894543868849],[12.190456821339504,53.576918830488985],[12.189264746177518,53.57716854594338],[12.187580745481059,53.57683222202535],[12.186482464316231,53.574405805111915],[12.186096454645313,53.57324516370794],[12.18572659847987,53.57280059104612],[12.185769988904712,53.57168226457117],[12.184303653594885,53.57095562925571],[12.182900175202136,53.57034096533491],[12.180486494559846,53.57015205054361],[12.179118758335614,53.569487992372736],[12.178451584963891,53.56930910877254],[12.177522806011742,53.569236746387084],[12.180483004604953,53.570391904585016],[12.18195904800808,53.57050167528631],[12.18181720671963,53.57060670921709],[12.180414739829882,53.57050241304683],[12.17753642357311,53.569379210215544],[12.176788656947348,53.56929933783595],[12.175587839381045,53.569857468298736],[12.17135870487178,53.56957301763113],[12.16897745161462,53.56856533110953],[12.165481378309932,53.56848896158908],[12.164872325937122,53.56868489950543],[12.16307051747933,53.56875171473178],[12.15947505277497,53.56958761205897],[12.158776765355045,53.57000498879691],[12.157683014394213,53.57004718992337],[12.154453973392586,53.57155374505698],[12.15406337063564,53.57250998045768],[12.152200326719864,53.57356979926209],[12.151804998824518,53.57412958985528],[12.151527744591817,53.57528564650581],[12.150789322241666,53.575739607256814],[12.150626359764258,53.575701104427786],[12.151341138456134,53.5751981780719],[12.151655485923557,53.57405606276177],[12.150345798833005,53.5739226655279],[12.149894336113865,53.574714945130005],[12.148473365725865,53.57499908971314]]],[[[12.129671937643723,53.61427245375859],[12.129657989502322,53.61454209031744],[12.129356405298463,53.61453662229463],[12.129369409310511,53.614267341676126],[12.129671937643723,53.61427245375859]]],[[[12.170139787150825,53.56889846715666],[12.171438897477215,53.569448212609096],[12.175524043724499,53.56972298183165],[12.176729161526076,53.56916283095731],[12.175129164986803,53.56953973977767],[12.1745053685652,53.56943520465188],[12.173583238044467,53.56890107048855],[12.172892344657685,53.5687591710625],[12.171325756463803,53.568996277639755],[12.171073558041014,53.568798784497915],[12.170139787150825,53.56889846715666]]]]}},{"type":"Feature","properties":{"OBJECTID":73,"we_nr":"0651","lgbez":"StOÜbPl Celle","typ":"9","plz":"29229","ort":"Celle","strasse":"Reiherberg","nr":"220","bl":"NI"},"geometry":{"type":"MultiPolygon","coordinates":[[[[10.133315021642058,52.70212449805579],[10.133132181244042,52.70209699134983],[10.134880416873226,52.70064708056614],[10.128699794816912,52.695292950196524],[10.115299426295854,52.69272491595108],[10.113561891398328,52.68940399692376],[10.106832421161222,52.685084461113924],[10.102721911880185,52.6843767260196],[10.105314844150922,52.686330902777364],[10.101891253211578,52.6877215153467],[10.10178534633116,52.68839552572021],[10.100776943407135,52.68802889135617],[10.099641948994961,52.68891457291745],[10.100059324242304,52.68934413337743],[10.098121541393205,52.690019672144054],[10.098422035042322,52.69040134217576],[10.098276384897078,52.69044263560802],[10.102195580870308,52.69668236873688],[10.102367756469281,52.69669943163235],[10.11325264815835,52.713986483637854],[10.115163948672878,52.714518001937954],[10.137408614747951,52.71017591469237],[10.133315021642058,52.70212449805579]]],[[[10.103321125005719,52.69761123558266],[10.102974199236188,52.69750320829015],[10.101229592800777,52.69472554650696],[10.101185332806715,52.69360061943314],[10.101923316779015,52.69360289631649],[10.103387022720003,52.69422902493479],[10.105246986312666,52.69719778587879],[10.103321125005719,52.69761123558266]]]]}},{"type":"Feature","properties":{"OBJECTID":74,"we_nr":"0800","lgbez":"StOÜbPl Große Höhe","typ":"9","plz":"27777","ort":"Ganderkesee","strasse":"Wiggersloher Str.","bl":"NI"},"geometry":{"type":"MultiPolygon","coordinates":[[[[8.578246279497263,52.991183735648924],[8.582706792175951,52.99323569514234],[8.583902430954655,52.99658572434201],[8.583762109615694,52.99676801639004],[8.582514160141338,52.99326741717227],[8.578210316343156,52.99128773358767],[8.577654174740562,52.99294020678568],[8.581113858191426,52.9930344380338],[8.582940876071035,52.995510842785585],[8.582455838818138,52.99599764835013],[8.582961592119801,52.997240747531656],[8.582812295712806,52.99740293375014],[8.581462845594528,52.99692653980355],[8.577971227035311,52.9965379881524],[8.577743345108956,52.9962834594902],[8.577500561030348,52.99677281258556],[8.577899843309584,52.99671205965523],[8.581837240947102,52.99718041697052],[8.582684469939439,52.99754179570688],[8.58260285799589,52.99763045092999],[8.588213886178242,52.999558097316644],[8.588190565015125,52.999681972745876],[8.588352523176045,52.999752364045804],[8.588595693530237,52.99968928089532],[8.591294449138095,53.0006179156142],[8.591257178935248,53.00073803995105],[8.591413625931906,53.00081234516368],[8.59168916168746,53.00075414959715],[8.595928838824895,53.00221069809119],[8.5958910772436,53.0023320451367],[8.596100337094121,53.002425167684756],[8.596325245596885,53.002347282215936],[8.59913040934511,53.00331079842764],[8.599094131780653,53.00343212454194],[8.599251347735196,53.0035062061847],[8.599528418711591,53.00344709851277],[8.601745689903472,53.00420985274143],[8.605742024210203,53.00063139955399],[8.605575921222542,53.00035668737132],[8.601288793275186,52.99867203547334],[8.601247688164431,52.99847734705095],[8.602420242935251,52.99482776266227],[8.602415182725267,52.994580642152314],[8.60212886538968,52.99404268773161],[8.597681482487168,52.99392492923511],[8.595163727527606,52.99631152816523],[8.586680749448913,52.993042968764875],[8.587121974068769,52.992480158589906],[8.58351938841915,52.9902858592588],[8.583281960994569,52.98995512117057],[8.583805542261365,52.98997893451004],[8.58616364952691,52.98684927722676],[8.585996102048284,52.98680330567097],[8.586605842530636,52.98599336837695],[8.586158579435425,52.9858663457196],[8.586876293821685,52.98501152929354],[8.57658828233332,52.98120631839823],[8.577543451991904,52.987993208495475],[8.578402689662974,52.989952493147825],[8.578438630359184,52.99053005299603],[8.578246279497263,52.991183735648924]]],[[[8.576071656721785,52.97974983967398],[8.572056753339815,52.97983770334792],[8.576368929012276,52.98113200270369],[8.576071656721785,52.97974983967398]]],[[[8.571187053888982,52.98793499997732],[8.57801158834104,52.991075703063174],[8.578166901663796,52.9901579753835],[8.577315690439793,52.987818074379824],[8.576367468351629,52.98136044825661],[8.576509324013099,52.981180695929226],[8.567446319925049,52.978463469999156],[8.56559803173613,52.97887661979761],[8.56410768356042,52.981156500762864],[8.571762476930811,52.98698708831111],[8.57134039990126,52.987522844219626],[8.57148391924262,52.98756303195844],[8.571187053888982,52.98793499997732]]],[[[8.57638108411637,52.99044610493054],[8.574963353951636,52.99323325061801],[8.57523942689972,52.99326792975962],[8.57531660655569,52.993477058391775],[8.577535218034008,52.993643222072116],[8.577482360264357,52.99262931423086],[8.57802883868944,52.991204250940996],[8.57638108411637,52.99044610493054]]],[[[8.601512250100473,52.99874870952114],[8.605827469265066,53.00047416018426],[8.605784709457556,53.00069425156832],[8.60328644344809,53.002896647066635],[8.606155236664529,53.00049994907174],[8.601512250100473,52.99874870952114]]],[[[8.576544841602809,52.98118737549104],[8.585980469565724,52.98467575642407],[8.583080462588104,52.979775781024756],[8.575832590770132,52.978140946263295],[8.576544841602809,52.98118737549104]]]]}},{"type":"Feature","properties":{"OBJECTID":75,"we_nr":"1014","lgbez":"StOÜbPl Hellwege","typ":"9","plz":"27367","ort":"Hellwege","strasse":"Verdener Str.","bl":"NI"},"geometry":{"type":"Polygon","coordinates":[[[9.264650971668662,53.04160181585602],[9.259388886871953,53.04120450455041],[9.257752827465566,53.04061752951514],[9.255022911097154,53.04050077952347],[9.253629857653257,53.041416818734504],[9.248809521194213,53.04130780733283],[9.24831668656464,53.043099712185274],[9.247807612191373,53.04368485930381],[9.245918733626334,53.04481966140062],[9.242920274886838,53.04558704225483],[9.242360851738514,53.04971852475238],[9.239370117612161,53.05098082673681],[9.23188931623421,53.0504092108695],[9.239379041476194,53.0510027337631],[9.24235712642505,53.04974576110647],[9.242289268586797,53.050246589867974],[9.24745575916253,53.0524227837095],[9.24997901989644,53.05072725520227],[9.252618085148622,53.05149146814577],[9.253606751187512,53.05082709979308],[9.260800161743079,53.05291038913645],[9.264497500790553,53.0529215997199],[9.264495859568555,53.053089731663945],[9.270433221439168,53.05310741625472],[9.270467130146177,53.052025269756456],[9.275340834617959,53.05289312617133],[9.275124523890783,53.04443895752973],[9.270537226586132,53.044507836033496],[9.270269701107962,53.04338656814077],[9.269877272076052,53.04248240734463],[9.268468653523211,53.04009878389484],[9.264650971668662,53.04160181585602]]]}},{"type":"Feature","properties":{"OBJECTID":76,"we_nr":"1248","lgbez":"StOÜbPl Diepholz","typ":"9","plz":"49406","ort":"Barnstorf","strasse":"Rechtener Str.","bl":"NI"},"geometry":{"type":"Polygon","coordinates":[[[8.508549757838807,52.68344527620676],[8.509205545064317,52.68349947882075],[8.509577203250236,52.68299256042125],[8.512403612154918,52.6832822355669],[8.512615334287618,52.681607415334206],[8.511053280789321,52.68010726659577],[8.510580484878805,52.67917324984612],[8.51129122025358,52.678457529888846],[8.498194886540464,52.67999681383063],[8.497235300763949,52.67971034432253],[8.49390340535724,52.68141575671653],[8.500779506699889,52.68410060641581],[8.507906091581468,52.68631898281473],[8.508549757838807,52.68344527620676]]]}},{"type":"Feature","properties":{"OBJECTID":77,"we_nr":"1992","lgbez":"StOÜbPl Fritzlar Hellenwarte","typ":"9","plz":"34560","ort":"Fritzlar","strasse":"Hellenweg","bl":"HE"},"geometry":{"type":"MultiPolygon","coordinates":[[[[9.251757733566585,51.142950571521844],[9.248797132528104,51.1451397858991],[9.249669066089089,51.147893139245944],[9.247976426294542,51.14986029618911],[9.247575213535779,51.149817263347984],[9.246908993276577,51.15139115268737],[9.246238072133497,51.15094837523325],[9.246164933997969,51.15103337096019],[9.243215516086494,51.15056972116819],[9.24317957628858,51.151095556658035],[9.243061297810065,51.15112130454056],[9.240198515221172,51.151061556516],[9.241001091655713,51.151419219130105],[9.24094838390471,51.152788042815104],[9.241319315353577,51.153228079983506],[9.24138264747942,51.15361805231916],[9.241410508727968,51.15401149727938],[9.24121423222823,51.15475205615306],[9.241331018605099,51.155219485702325],[9.242101689575657,51.157030934083195],[9.24248899551552,51.15744888409429],[9.242907916763468,51.158496873905925],[9.244644315292163,51.158728240959874],[9.24533734577101,51.157775056476176],[9.246313702195572,51.15542993261923],[9.250313447405418,51.1534801618785],[9.250953532079727,51.1529373471344],[9.249190094260994,51.15246414821573],[9.25019413316935,51.15095894511988],[9.251123549027076,51.15049460599237],[9.25186296671058,51.149694771084505],[9.252063587463015,51.14907566054666],[9.2528673263175,51.147916564378974],[9.25280112766755,51.14779280251954],[9.253569905887824,51.14701828719008],[9.254152174990434,51.14668064851716],[9.254468484378451,51.14565937148139],[9.257171869004955,51.14419161768546],[9.258627682347877,51.14371238280522],[9.257993815811941,51.143103124598994],[9.255169858409673,51.14374533560376],[9.25295651195721,51.14264687789813],[9.25284050801298,51.14280408945694],[9.251757733566585,51.142950571521844]]],[[[9.243549733389651,51.16071402237825],[9.243965374888527,51.16015128336466],[9.244169998533865,51.1593788160211],[9.244572821073625,51.15882677528627],[9.24278767726269,51.15852858738584],[9.242399021154958,51.157473187799546],[9.242001769068263,51.15705363960772],[9.241113917360444,51.15474758750635],[9.24130894430362,51.15400293002853],[9.241222026011648,51.15325219095532],[9.240844204484576,51.15280414719026],[9.240898313607385,51.15145398815986],[9.240029497200464,51.15105506910643],[9.238952418971296,51.15122031322503],[9.238591943014013,51.15135028617167],[9.23803698449266,51.152199892601644],[9.238171514393002,51.15230251757906],[9.237664547467391,51.1529120741375],[9.23637701552669,51.1533986207056],[9.234832105477237,51.15349537800572],[9.23459382105989,51.15381955103691],[9.234646217993799,51.15397869943413],[9.23444268130995,51.15447892418876],[9.237390920631803,51.155327858873854],[9.239312294853917,51.156109533345315],[9.23857654499173,51.15670477841388],[9.238817493812201,51.15688352875766],[9.238500772995813,51.15801151803887],[9.238259698411182,51.158224178206986],[9.238261320768608,51.15853925018642],[9.238997586263762,51.15940420435001],[9.238963475435805,51.16005981716193],[9.241579489019466,51.16018658890753],[9.241924207628326,51.16054655483435],[9.242413262147146,51.16076941209186],[9.243320954944657,51.16083592653257],[9.243549733389651,51.16071402237825]]],[[[9.244744574464397,51.1586921506221],[9.249388772855772,51.159726703193655],[9.251814554703262,51.15714481823332],[9.25281646280777,51.156785277622944],[9.25367119093611,51.156105948842246],[9.254041436072095,51.156032047280355],[9.25676082508372,51.156220882678035],[9.256666538809789,51.15573181973534],[9.252991188723838,51.15492645642999],[9.253805445053674,51.15388755004912],[9.250917957896167,51.1530454118181],[9.250374201366391,51.15351450845413],[9.246369589982669,51.15545825747448],[9.245402855413117,51.15779441445539],[9.244744574464397,51.1586921506221]]],[[[9.256347971955499,51.156287216057315],[9.253730931597456,51.156155132909994],[9.252890720244114,51.15683238027464],[9.252111171223607,51.15712912666342],[9.254746434805472,51.157691998883685],[9.255555098224377,51.15654245216019],[9.255853777276592,51.15659806379835],[9.256347971955499,51.156287216057315]]],[[[9.257348515519082,51.15021932895589],[9.257523022246192,51.1512661232929],[9.255841696732656,51.151243618337844],[9.254477544786411,51.15308350178795],[9.253150857977387,51.15361604360444],[9.255761384651274,51.154422278329506],[9.256496108637442,51.15446056831235],[9.258101691799466,51.15427448434347],[9.25925509179351,51.15375836688451],[9.259753365722139,51.15348830212687],[9.258639989267246,51.15260848211688],[9.257946073049531,51.151795979141795],[9.257771078537198,51.15134125637137],[9.257570190985158,51.15032091249194],[9.257953796764342,51.14986010234504],[9.258405640369153,51.14946680794501],[9.260366295223719,51.14839860024881],[9.261078753567228,51.14747908795598],[9.263007927860972,51.147905470281636],[9.265085693384192,51.14817405522283],[9.265046256444878,51.14769625867296],[9.26329524591979,51.14744267380581],[9.263102194371934,51.14519115924092],[9.262315130944073,51.145500724132425],[9.260256608232579,51.14674098942049],[9.260649979597213,51.14691219880215],[9.2605589371398,51.1470336452047],[9.260224821346249,51.1467601328127],[9.259579442001645,51.14728290383249],[9.259878768739163,51.14844124671274],[9.25759571032574,51.1494860212082],[9.2575475839827,51.15005586979508],[9.257348515519082,51.15021932895589]]],[[[9.271794006499723,51.13886459691056],[9.271711031811845,51.13875290753304],[9.271687460917102,51.13885756106097],[9.271794006499723,51.13886459691056]]]]}},{"type":"Feature","properties":{"OBJECTID":78,"we_nr":"2008","lgbez":"StOÜbPl Schwarzenborn","typ":"9","plz":"34639","ort":"Schwarzenborn","strasse":"Neukirchener Str.","nr":"1","bl":"HE"},"geometry":{"type":"MultiPolygon","coordinates":[[[[9.467116324703666,50.88324994080707],[9.465918975532658,50.88238241211093],[9.464457145274007,50.8827706717316],[9.464087586450903,50.88228568817386],[9.463800900806007,50.88233529845774],[9.462398678258035,50.881210230467794],[9.46205089549574,50.88075190730361],[9.462993852558016,50.88043480138207],[9.462272654505114,50.88028422540305],[9.46063217448924,50.880797469015725],[9.460494837353638,50.88067419888302],[9.45998185710549,50.88115832241394],[9.460241338170317,50.88082071943155],[9.460094229161053,50.880578369182516],[9.456609827666822,50.878708610258954],[9.453610595477858,50.8779285194393],[9.452694443245344,50.87791949518914],[9.452575377842606,50.878134262913036],[9.452371282406665,50.87817732868105],[9.452045758100487,50.87805609044194],[9.451954880034744,50.87784949243257],[9.451530421571386,50.87779797003725],[9.451533482131564,50.877679325700655],[9.450460041180945,50.877588968707414],[9.450251997649325,50.877695732790066],[9.450178203743683,50.87766373312214],[9.450296067200536,50.87756068049516],[9.449643321670601,50.87758126281123],[9.44969757272725,50.87699022159532],[9.450957140113172,50.87570778985171],[9.45058293610174,50.8756759072886],[9.45055332134176,50.875570311943314],[9.450847805261594,50.87506055412965],[9.450618892069302,50.87424282800344],[9.4497589114915,50.873225251606605],[9.450029397816836,50.87207036657043],[9.452017234793578,50.87151941525466],[9.454961002301946,50.872737909122215],[9.451987420607606,50.87143740005653],[9.44853826271697,50.87193830134114],[9.448413517266685,50.87264578182346],[9.448643122161773,50.873143592571616],[9.449227884987627,50.8736686427263],[9.449416007479511,50.87400288955251],[9.449269307203693,50.87423987353401],[9.448909397185082,50.874321590735164],[9.44870549937847,50.8743083370241],[9.447752486574883,50.87361175768461],[9.446897997398437,50.872793499917236],[9.446890201818391,50.87263815277223],[9.448016403520576,50.87139404064492],[9.448402364682451,50.87112353122317],[9.45050658828572,50.870597553855184],[9.451726576798517,50.86951456248392],[9.452205669899186,50.86934828385892],[9.452712645807932,50.86893146417683],[9.453185953758158,50.86878939459347],[9.448311284495762,50.86788227964527],[9.446903059405049,50.86693200119049],[9.446139707907408,50.866758096946434],[9.44498372615524,50.8668933988211],[9.44345138982486,50.866412371770025],[9.44262287184157,50.86653813283407],[9.440639933378069,50.866168820610646],[9.439684134898783,50.86578310155456],[9.438421442273995,50.86487484291989],[9.437714084564673,50.8646081017767],[9.435119596411864,50.86451578888303],[9.433504696822009,50.86425245550671],[9.432803390164437,50.863861759473984],[9.431661643116245,50.863631312828545],[9.430971992099515,50.863680758134535],[9.429509202440098,50.86347923616324],[9.428665037601196,50.864351615764924],[9.428063355006941,50.864349246358174],[9.42606997362828,50.86386053535271],[9.425529152792851,50.863553094484985],[9.425405694628408,50.8635806938034],[9.425500272854794,50.86434398705712],[9.42499513489911,50.86494829761454],[9.423335096762829,50.86445805581106],[9.422512299251288,50.86593734216212],[9.422038965249913,50.866544672066794],[9.42168509011337,50.86739165652725],[9.421993631769084,50.86890234016582],[9.421880468297811,50.86989750057655],[9.422045310050779,50.87010859371471],[9.421731182670614,50.870669941692945],[9.41807340363159,50.87079484375424],[9.418103607686403,50.87024881285932],[9.41851347211968,50.869479129618384],[9.418167956705158,50.86876033625707],[9.416407371935742,50.86856571421441],[9.415833174195951,50.8693376036785],[9.414834127225635,50.87022299644555],[9.413940602656812,50.87059732652693],[9.413240548250727,50.87073274651212],[9.412244248328534,50.87130681432982],[9.412013980476786,50.87237013861532],[9.411487017052952,50.87306262214478],[9.410364634089028,50.87350374620576],[9.409751394668682,50.873574398317785],[9.406584000553442,50.87351541178178],[9.406756437562139,50.873607939837015],[9.406223329661756,50.874635795717985],[9.406202625291083,50.8749812609414],[9.403630052437968,50.87584482805392],[9.405671954520095,50.87809887400971],[9.406840310565281,50.87872286936356],[9.40797410482827,50.87875985674746],[9.409005080618726,50.879286136495914],[9.409693882727533,50.88071269348736],[9.409837208931153,50.88278986149626],[9.410849311117488,50.88439683837576],[9.411310079484663,50.885635195755334],[9.412535485736957,50.88560470278321],[9.414350701550363,50.88499127442819],[9.4132583735209,50.88547790278724],[9.41325597951067,50.88592719643418],[9.415018156993074,50.88607535923894],[9.415455246667655,50.885818492066534],[9.415558775707556,50.88590693573286],[9.41512744872549,50.88614041072265],[9.416289819295983,50.88696049978435],[9.416740809501285,50.88693730796943],[9.416339162856222,50.886995296552364],[9.417006592247784,50.88746611123531],[9.417207417816124,50.887355978975556],[9.417300959386662,50.88743969969118],[9.417068384661269,50.88750975717741],[9.417646930247043,50.88817783511064],[9.418064506717002,50.88812121542336],[9.417680388898106,50.88821654622432],[9.4186972494605,50.88895188920163],[9.418944553861637,50.88890676727425],[9.419571330893344,50.889466048281626],[9.419899195310828,50.88990982944789],[9.420458528627611,50.89116503421513],[9.420930975991817,50.89175301140544],[9.420100896736537,50.89215380296874],[9.421190167799079,50.89246336424912],[9.421481163560683,50.89240676620337],[9.422122759201311,50.89411393618522],[9.422456874994863,50.89402736887548],[9.423021562270746,50.894140197191284],[9.424342773848096,50.894827373335026],[9.42497985725107,50.895004919251015],[9.426867965061566,50.89510879453669],[9.42744281587658,50.89531803797763],[9.431019253364916,50.89785675051509],[9.430976599558594,50.89805773292683],[9.429246502711637,50.89879964787934],[9.429213598321084,50.89893741078379],[9.428431309438961,50.89951901019584],[9.428120448333143,50.89962154515256],[9.430543164230574,50.900783484573566],[9.431271117614417,50.9012926352236],[9.433064021072816,50.89997782972392],[9.435645132412711,50.89899267118164],[9.437961813868936,50.902143339647786],[9.442638538460118,50.90130595434172],[9.445159432133275,50.90116875421216],[9.44923648635647,50.90240985068405],[9.451095889400412,50.9039394181264],[9.452984572132683,50.906401151301566],[9.453878206295986,50.90773305219299],[9.45377343219114,50.907763036167054],[9.453827345481214,50.90791304977813],[9.455154339514046,50.90938063650983],[9.457943013786915,50.91077922058222],[9.458947165883005,50.9109723890678],[9.45948933329305,50.911018880158196],[9.461465205608516,50.910758851744006],[9.462090318061968,50.910384881666175],[9.462486253218449,50.90925373244084],[9.464616491134066,50.909405632562],[9.466437345672489,50.908939439167646],[9.46694167604275,50.91051842106745],[9.468028123700346,50.910149084657604],[9.468611327050873,50.91072540720367],[9.46962695781964,50.91010571368789],[9.473507067196557,50.9124085044852],[9.473439766313804,50.91229452533654],[9.475934533385207,50.91160741211267],[9.48054160081265,50.91115793570653],[9.480260978795927,50.90969898979014],[9.48027784736036,50.9094321160484],[9.480622172507125,50.908863025628655],[9.481039708552917,50.90844556414335],[9.482732703182016,50.90749334454369],[9.483685168013272,50.907127391948],[9.486382602199331,50.90685870664422],[9.487854586115677,50.907208937613646],[9.489614747778562,50.90823818608468],[9.490051400871952,50.908171723856775],[9.490906717396792,50.90641394044397],[9.490952866547884,50.9054508697272],[9.491583364401503,50.904172384658644],[9.492005542940694,50.903838954734525],[9.493128001363074,50.903460050332335],[9.493743566521706,50.90304753360069],[9.493924994768085,50.90233529819979],[9.493685017924742,50.90178222673313],[9.493748814479618,50.90142187923023],[9.491034252115998,50.89931037994574],[9.487532010978569,50.897166147634586],[9.48702272280626,50.896166546660936],[9.487038519680556,50.89578746423409],[9.487524746302876,50.89497091831626],[9.48844037751254,50.894117178936106],[9.491136713059017,50.89344208636973],[9.492342388714391,50.89250050448353],[9.494050307953604,50.89168978839557],[9.495375313116396,50.89052588184365],[9.495516311785103,50.8895396614268],[9.49501656012788,50.88793487766677],[9.494685354875825,50.88734520658262],[9.494313750588832,50.8870614501225],[9.491493890402557,50.88607251829592],[9.490948570804198,50.88555824241794],[9.49084384431003,50.88566432064515],[9.488607271017614,50.88584143621598],[9.488484656371211,50.885629531383806],[9.490661513256804,50.88545940496466],[9.490734927175104,50.88534040099689],[9.490514673742135,50.88437100089511],[9.489905165923465,50.88431428023564],[9.489468488575586,50.88354044265771],[9.488998164828716,50.883820550339955],[9.487471501359341,50.884108165631254],[9.484901933370816,50.88509140557919],[9.483259486942798,50.88503586969108],[9.480045015716765,50.88426749214292],[9.479069798355988,50.88384164562656],[9.478058059987308,50.883787645822366],[9.478086407224419,50.88273759984635],[9.477730913323741,50.882337970167264],[9.47803805001436,50.8819002855461],[9.476927394556478,50.881784199840354],[9.474798321755829,50.88122831453211],[9.4747071921618,50.88129430512592],[9.474952790662213,50.88142625486068],[9.473822473777691,50.88151274527227],[9.474335064156996,50.881251681488315],[9.474186695709705,50.8811375818472],[9.474126653214434,50.88133946106516],[9.473761829411165,50.881473180698265],[9.471969037343905,50.88322517894823],[9.47026515513355,50.88385955127929],[9.46917445125814,50.88253099935597],[9.467116324703666,50.88324994080707]]],[[[9.470593607049269,50.88412999698131],[9.471419814565623,50.88360954480811],[9.47157940476746,50.8847886312114],[9.470684173399585,50.88501008413713],[9.470593607049269,50.88412999698131]]],[[[9.43382486447416,50.87077554757432],[9.43318692318009,50.87040439359645],[9.434299269267344,50.869672854389954],[9.434900116428363,50.869101601056414],[9.436383392167823,50.86869492488677],[9.437195871630031,50.86925671054388],[9.43799739344238,50.86902628773069],[9.43812981948835,50.868847977224036],[9.438553574570847,50.868683319899276],[9.438128335471479,50.86794833846246],[9.439436859243754,50.86742746856287],[9.441083008527409,50.86716362607463],[9.442028123343015,50.86691734501623],[9.442675378369923,50.86660545105543],[9.443396420115999,50.86649588066042],[9.44489546667857,50.86693842074196],[9.44327434895034,50.8677183162436],[9.440204287296156,50.86874035268753],[9.438688596747962,50.86891668730947],[9.438565925507708,50.868704640305715],[9.438094931617638,50.86901786439545],[9.436991179712717,50.869336676199474],[9.43382486447416,50.87077554757432]]],[[[9.423833979749224,50.89957192268306],[9.42393372328849,50.89944041129716],[9.422472737446178,50.89890346484356],[9.423315323945115,50.898566207444674],[9.422913013445063,50.89849828723666],[9.422293556784638,50.89881495010454],[9.421065822099134,50.898327105845006],[9.420644943422143,50.898123121782646],[9.421001030210942,50.8976989022125],[9.419387060377382,50.89696766850288],[9.417874606459197,50.89820136993324],[9.417526702424327,50.90034564805537],[9.416970977640053,50.900880163873104],[9.416040959911104,50.900520221829474],[9.415393492881778,50.900441341350664],[9.414861851031928,50.900552349133974],[9.414407544246608,50.902129609475814],[9.415171017915121,50.90222239059796],[9.41440041252155,50.90554923367146],[9.41453692141046,50.905744888597724],[9.414587488476148,50.906860072951176],[9.415035774752418,50.90847848636251],[9.422138361141169,50.908536322376776],[9.423508192236666,50.906656519963136],[9.430424999838092,50.90362130700709],[9.430029395261641,50.90302113485725],[9.429960137848177,50.90269401047522],[9.431063790040087,50.901470035820324],[9.430484725228089,50.90087386060416],[9.427703011102032,50.89954159916804],[9.425395107084482,50.89900438986526],[9.424540018731706,50.899792511596274],[9.423833979749224,50.89957192268306]]],[[[9.419481919776462,50.90212573221409],[9.419991730768283,50.90228274122693],[9.420208139411809,50.902480757521666],[9.420182214032705,50.90345928668543],[9.41958160402692,50.903830623799436],[9.418812559905337,50.90392173262873],[9.418458678480583,50.903688504251875],[9.418470777889157,50.90252367275303],[9.418796969643576,50.902166257627606],[9.419481919776462,50.90212573221409]]],[[[9.414061700947014,50.886817894648146],[9.416484118603742,50.88777354003138],[9.416982868639465,50.8874825539809],[9.415104692602714,50.88615532947511],[9.414061700947014,50.886817894648146]]],[[[9.417042501502962,50.88752467832478],[9.41618907593178,50.88802434699344],[9.417864719601173,50.889103944533275],[9.418661367154803,50.88895849272478],[9.417649326053903,50.888223132284345],[9.417042501502962,50.88752467832478]]],[[[9.489099802016598,50.880686268479174],[9.488048843202638,50.8807314941549],[9.488063763321199,50.88136770504231],[9.48917815666897,50.881309587031495],[9.489099802016598,50.880686268479174]]],[[[9.486269074012037,50.88261654463287],[9.485576498080723,50.882959892814505],[9.485023719770563,50.88323450934924],[9.485644024440615,50.883472900091995],[9.48677770282091,50.88290576276846],[9.486269074012037,50.88261654463287]]],[[[9.49072929473827,50.88435089933658],[9.490592253148378,50.88436720376471],[9.490912968772859,50.88531033627546],[9.49072929473827,50.88435089933658]]],[[[9.49092778738178,50.884282807644254],[9.491065888085384,50.885346302860924],[9.491189977765488,50.88537971009497],[9.49105629138319,50.884820258178486],[9.49092778738178,50.884282807644254]]],[[[9.490652086336194,50.88424656593687],[9.4904148277949,50.884328344934445],[9.49066826948604,50.88430662362423],[9.490652086336194,50.88424656593687]]]]}},{"type":"Feature","properties":{"OBJECTID":79,"we_nr":"2156","lgbez":"PiÜbPl (W) Speyer Reffenthal","typ":"10","plz":"67346","ort":"Speyer","strasse":"Franz-Kirrmeier-Str.","bl":"RP"},"geometry":{"type":"Polygon","coordinates":[[[8.46489551664488,49.35306177558274],[8.464387202246325,49.352958594974],[8.464113798192948,49.35262104531157],[8.463746941502215,49.35141350253782],[8.463200682266091,49.35135870521259],[8.46235232858299,49.35586341482854],[8.462438987261832,49.35587086113723],[8.462247404459495,49.356941468383546],[8.4623428127292,49.35741726814267],[8.46242023762521,49.35766065808525],[8.464990625775586,49.36084240726537],[8.465853455809482,49.361596427496785],[8.465933649313214,49.36153292356373],[8.467423616603218,49.36303851741323],[8.467016191095963,49.36356576811966],[8.467371406518907,49.36403044616917],[8.467314408414133,49.36372512352603],[8.467798273365585,49.363131129791206],[8.468359459906779,49.36317695121029],[8.469672442017817,49.36373143192719],[8.470599560883333,49.36278954937133],[8.471477039744565,49.36310244940603],[8.472168453255902,49.36241261157067],[8.47169089807103,49.362116262345054],[8.472889145557305,49.36132581134864],[8.473726864984066,49.36036011884342],[8.474386788951445,49.35992208213478],[8.47455877949745,49.359093222351824],[8.475854471734184,49.35898199772632],[8.476159161413976,49.35874624742541],[8.478506204130174,49.35952225559406],[8.479699410271103,49.35970470083381],[8.48990898086884,49.35957313431052],[8.490443458700028,49.35975446185987],[8.490900904198973,49.360479590435496],[8.492500289883854,49.360238587502046],[8.490635707154016,49.3577600601817],[8.488777578819455,49.35558166079974],[8.487627915817008,49.3554842624674],[8.486965383142056,49.35560498871794],[8.48529613278254,49.35505854506866],[8.484380807000091,49.35416891495597],[8.4831725567731,49.35379646413227],[8.482610611155458,49.35627668032929],[8.470723213982215,49.355140125141524],[8.470613119155926,49.35496405616877],[8.470747921245785,49.354576968215284],[8.470061581419158,49.35439150216874],[8.472045561928393,49.35001955341588],[8.471716625820772,49.350112148762804],[8.472262237371588,49.34923806351443],[8.46897796255642,49.348574880163135],[8.46814734700694,49.35049324322956],[8.466686182399874,49.352557429140255],[8.466521483479044,49.35298336070385],[8.466535664284093,49.35339728295566],[8.465437796344295,49.35325956887327],[8.465371076671497,49.353174583574855],[8.46489551664488,49.35306177558274]],[[8.463994298005616,49.352979144626396],[8.46489551664488,49.35306177558274],[8.465360895166093,49.35321488512142],[8.464043057660941,49.3530753220116],[8.463994298005616,49.352979144626396]]]}},{"type":"Feature","properties":{"OBJECTID":80,"we_nr":"2158","lgbez":"StOÜbPl Speyer - Zufahrtstraße","typ":"13","plz":"67346","ort":"Speyer","strasse":"Iggelheimer Str.","bl":"RP"},"geometry":{"type":"Polygon","coordinates":[[[8.398587216558077,49.33734297615651],[8.398683670466806,49.33765927092872],[8.400019968351012,49.33921219382371],[8.399951578710109,49.33943375123463],[8.400480004591252,49.339237960938284],[8.400166126044414,49.33916793279381],[8.398834335007948,49.3376251624415],[8.398752954829716,49.33728160961819],[8.398927602592337,49.33701977866325],[8.398656550328363,49.33711943846439],[8.398587216558077,49.33734297615651]]]}},{"type":"Feature","properties":{"OBJECTID":81,"we_nr":"3826","lgbez":"StOÜbPl Beelitz","typ":"9","plz":"14547","ort":"Beelitz","strasse":"Husarenallee","nr":"6","bl":"BB"},"geometry":{"type":"MultiPolygon","coordinates":[[[[12.955333133700417,52.25289705068561],[12.951143362468608,52.25495997046206],[12.951600614829742,52.255354231312815],[12.946425031506687,52.257862681787465],[12.94309316215113,52.25532269246536],[12.941692039141035,52.25599831088679],[12.9404028884362,52.25685542899707],[12.94819917814192,52.263739831932504],[12.95050867038094,52.26285392604917],[12.95284495756822,52.26369320004781],[12.95539814837079,52.264112951219104],[12.95812604802142,52.26410287248296],[12.960727022908904,52.26364608924267],[12.960963932903857,52.26337952365602],[12.962235426323476,52.26045423541926],[12.962615419078602,52.26080809321584],[12.962276836861447,52.260357756398975],[12.964401957074866,52.25540980339589],[12.955018434991697,52.24925669763],[12.954121741166547,52.2485325137549],[12.952341990840587,52.24760204883845],[12.948524773415034,52.24513067441994],[12.942227329049235,52.24823187699412],[12.935631417633637,52.25259434166143],[12.940053735743097,52.25653683612141],[12.942072993991852,52.25554184778383],[12.942825819929267,52.255117901671994],[12.93835880793951,52.25162323144936],[12.940931740118767,52.250365053885545],[12.940074482334568,52.24969976330146],[12.942315141164917,52.24860415824553],[12.942088870816153,52.248430020579086],[12.942366370288932,52.24829458361031],[12.942797010958115,52.248626685479756],[12.947064466699064,52.24659411917976],[12.955333133700417,52.25289705068561]]],[[[12.953706202973937,52.25156524641422],[12.95368645530904,52.25157599068319],[12.953685149158625,52.25156752098556],[12.953706202973937,52.25156524641422]]]]}},{"type":"Feature","properties":{"OBJECTID":82,"we_nr":"3863","lgbez":"StOÜbPl Storkow","typ":"9","plz":"15859","ort":"Storkow (Mark)","strasse":"Bugker Chaussee","bl":"BB"},"geometry":{"type":"MultiPolygon","coordinates":[[[[13.94300314397274,52.15691436421809],[13.938143750561753,52.15664979677586],[13.936272949693505,52.15706577133739],[13.936677824883702,52.158115716116605],[13.937233334970639,52.160559620566275],[13.933496610187818,52.16051470815516],[13.933574751939444,52.165255698680895],[13.934874845921092,52.16542695628943],[13.937184194429642,52.164500161566245],[13.937875351921138,52.16446748255708],[13.937914295685346,52.164638447851495],[13.937358308592986,52.16461208641232],[13.936864345679428,52.164746305819264],[13.93559676262624,52.16527558918349],[13.934447074470937,52.1663047141272],[13.933605600984638,52.166612849412495],[13.93345207980086,52.16681443517401],[13.933199896649421,52.16684158323054],[13.932780220816612,52.16712852203976],[13.932558783404101,52.16734747482046],[13.93260408364727,52.16786003470242],[13.93236988117457,52.16821327052126],[13.932329816312885,52.16854131634415],[13.932026161492313,52.16889229439286],[13.931774755383598,52.16886874486661],[13.930617110849838,52.169672021743935],[13.930583814793815,52.16979214671205],[13.93074686889939,52.1699251907315],[13.930587755702982,52.17017174022879],[13.930048057761658,52.17023659068201],[13.929749589813529,52.17056639123327],[13.929882887225283,52.170653725825474],[13.929433852652364,52.170663938182656],[13.929947565027444,52.17018075216982],[13.930537474301572,52.17005685586462],[13.930623779942488,52.16993234655107],[13.930409862327249,52.169757517890936],[13.930561767441814,52.169607206280205],[13.925968120844711,52.16897247354365],[13.925708095400841,52.1712602887271],[13.92469742962063,52.17122983442029],[13.924176164210653,52.171729239005586],[13.92486802687964,52.172896411953595],[13.925425170103765,52.173321192538126],[13.925457240857742,52.17346498202017],[13.926048520960975,52.17346083585293],[13.925992038489166,52.17424375109427],[13.924861253582389,52.178359502037665],[13.9236877196479,52.178369606311605],[13.924229093845506,52.18040436905002],[13.924743934504608,52.18039687119904],[13.924827589217124,52.1808010813408],[13.92525008845488,52.18115685062467],[13.925344433119289,52.18317526942806],[13.925260852966932,52.1833039524721],[13.92580508021389,52.18486082129429],[13.926333304872381,52.18485916512495],[13.92663692915025,52.188043891779984],[13.926281022922836,52.19004746649195],[13.925392469630784,52.19003794751936],[13.925325111255848,52.189906567866686],[13.924821698963788,52.189956035808585],[13.92461541433352,52.190179121631665],[13.924564743063268,52.190523853634964],[13.924053765159918,52.19069732526385],[13.9248067357261,52.19069454203095],[13.924814083046828,52.19015288932141],[13.92626687086386,52.190131458601705],[13.926049794772057,52.191404243705975],[13.92824738297777,52.19030630576786],[13.937536311563198,52.186537805684075],[13.937611346042265,52.187535994025936],[13.939405954503021,52.189559041164465],[13.940569842328012,52.190314550354536],[13.940342343982282,52.19107130669478],[13.940316592876348,52.19337733191915],[13.939292218804894,52.19585144422254],[13.941292498346636,52.196712669476774],[13.942361653435004,52.19706350289628],[13.94250840581312,52.19693528475209],[13.946708847233854,52.198771978868585],[13.954266732148021,52.20285057395171],[13.9406280738197,52.21307121689687],[13.943613224916593,52.214504952900064],[13.948151329577952,52.21974180266817],[13.947243603542779,52.228110688248485],[13.947332913150023,52.23586324708537],[13.949719733266999,52.23729432027483],[13.956636118660256,52.2344314642647],[13.964877820033404,52.23077550259369],[13.966319252246924,52.22979873232508],[13.96755446091558,52.22788288688269],[13.977225207632802,52.22165461605322],[13.982408158039489,52.21851300818205],[13.986803093702424,52.21540049201129],[13.989296872627051,52.21404903436367],[13.994160842954383,52.211730144511456],[14.009241887507075,52.205837078962674],[14.01512155867182,52.20296337733396],[14.015796890542948,52.20265522681696],[14.01632445044812,52.202587544793076],[14.016228887668182,52.202386447615446],[14.01600940588805,52.202361241034374],[14.011971458922437,52.20311300586355],[14.010824184540303,52.202840273188826],[14.010801386196697,52.202573355971936],[14.011748613849875,52.20212984622047],[14.012235562717695,52.20149941224755],[14.012745087146907,52.201378234333845],[14.013255936591172,52.20133843274816],[14.013561847979751,52.20184276815433],[14.014002998039446,52.20205783325571],[14.014470742723113,52.20162789911383],[14.014637289478475,52.201237130471455],[14.016104568917683,52.202151043225385],[14.016012823977707,52.20197731018038],[14.015094469974407,52.201404169871786],[14.012995262563665,52.20046028866968],[14.01481408960454,52.2001509854959],[14.013987207453363,52.199257325922254],[14.01375502259681,52.19869362856362],[14.013311424627958,52.198315733137335],[14.01165352448207,52.19809016581174],[14.00915669757372,52.197410266698085],[14.006282707603372,52.19697832022526],[14.006191481889621,52.19697766058105],[14.006308715627474,52.197672734590824],[14.005142749100933,52.19774821580627],[14.00500189595929,52.19690210812799],[14.003275346559407,52.19704103979087],[14.003265648347574,52.19724695098197],[14.003027908309305,52.197266295835696],[14.00300089686701,52.19706367083542],[14.001801085413822,52.19715998080279],[14.00169971233062,52.196709636636946],[14.002076352573113,52.19650056290771],[14.00189119182669,52.196189723998266],[14.001956795791926,52.19613239556783],[14.000759503214768,52.196115428950435],[14.00015085598215,52.196367469524596],[13.999306042559576,52.19648120010064],[13.997455328021095,52.19603500138027],[13.996792757616902,52.19710989867669],[13.995785385958813,52.1964184010052],[13.995683442445424,52.19645640974846],[13.995788812133311,52.19651047089112],[13.994450494836329,52.19690916104655],[13.993798799436966,52.196514547182645],[13.99347221332212,52.19569275418793],[13.993874182462372,52.195770591634265],[13.993911513750623,52.19556870152583],[13.993380030004293,52.1956043410488],[13.992898367721926,52.19545927847471],[13.992834528946222,52.194980466311435],[13.99348428308629,52.19457157016162],[13.993228376417981,52.19426474525213],[13.993266262865104,52.19343871404452],[13.99386821585225,52.19259218456477],[13.993917126424524,52.19223501111916],[13.993207989152618,52.19119567093417],[13.99275684713204,52.19117617640336],[13.991865366230481,52.19026833747426],[13.992015148626008,52.19000144222681],[13.993217096272959,52.19038523587872],[13.993380652536784,52.19031456852774],[13.992107605930013,52.189891426676155],[13.992636095591516,52.18954192830191],[13.994497827068669,52.18998249953231],[13.994888402876166,52.189646092851675],[13.99318920448171,52.18926853023701],[13.99282030681867,52.18830275924233],[13.991711238683894,52.18799261751091],[13.992313302163815,52.186864803799935],[13.992757510987028,52.18647451999653],[13.993411409055476,52.185334528910225],[13.99339460337314,52.18505072793681],[13.9930031023009,52.18436555341124],[13.992233776108328,52.18376607108671],[13.990658227219498,52.18327293138447],[13.989628706699776,52.182780194905064],[13.990367825244277,52.18254380098419],[13.992616839305102,52.183159113038045],[13.9949075298052,52.18299788535007],[13.995258599503106,52.182816290275255],[13.995574202815272,52.183008976144336],[13.99581589274588,52.182882524622194],[13.995821324858396,52.18272447238228],[13.99524546074376,52.18103177584033],[13.994369432661705,52.17971916534762],[13.993863329017108,52.17926593766221],[13.991713460217584,52.178300944797236],[13.990253916171314,52.177361360546215],[13.989063015107401,52.176867488227195],[13.98888626438871,52.176628709546904],[13.988706859148364,52.17574089791118],[13.988189701734147,52.174935003131075],[13.98776187279181,52.174521359514074],[13.988597897097613,52.17270064338565],[13.988530044649275,52.172129382178895],[13.988612844165656,52.17201774895157],[13.988348608318056,52.171921454483325],[13.987523939615762,52.170566685439695],[13.987948523843281,52.16964071842281],[13.989696858287147,52.16873745804041],[13.989247387132972,52.16838132053889],[13.992065382416703,52.16756227925577],[13.992016691931685,52.16708157979331],[13.991743560067833,52.166983275088484],[13.991988190184342,52.166793811984824],[13.991626170023114,52.166625947167354],[13.991698249943193,52.16631888973054],[13.991248552413584,52.16602617172387],[13.991021690973396,52.166487674772476],[13.990753337248536,52.16668185185253],[13.990806296527795,52.16708441133847],[13.99070568880922,52.16724452641308],[13.990409581633665,52.16732671523319],[13.989909211935473,52.16719642225097],[13.989874372573805,52.16697673370258],[13.990486755001422,52.166736960829596],[13.989894444530519,52.166335106236176],[13.989547789153916,52.165832810027936],[13.98935335330223,52.16527802466469],[13.98937037727516,52.16426462706789],[13.987706011055863,52.16383329640941],[13.98711904466263,52.163198246010346],[13.987050332526536,52.16282273795413],[13.986341019184833,52.16260074206942],[13.985830891087737,52.16094737921292],[13.985880350530671,52.16010032592709],[13.986355237719161,52.159617982429324],[13.986646630536116,52.15885957208699],[13.987196756121245,52.15875771725346],[13.986916417972177,52.15822687831401],[13.985714709277085,52.15778095204679],[13.98468794209373,52.15760064942396],[13.984657226897504,52.15715036418106],[13.984877692332887,52.156274958196335],[13.984803026163096,52.15583662183664],[13.981558661699347,52.155018454689404],[13.981658054895679,52.154054750217774],[13.981253011720524,52.153658891234016],[13.982249254150535,52.15309520160937],[13.982735148396198,52.15266319113381],[13.982159012990335,52.152470765690154],[13.978795388189475,52.1520743331763],[13.975523894604146,52.15224385625351],[13.971968209995525,52.15403519421023],[13.966718671070051,52.15576372095989],[13.964108912455748,52.15724141481053],[13.96009629977778,52.15750104850552],[13.960687206181849,52.159198187321664],[13.958765144748556,52.15987384774878],[13.958233219031088,52.15967871238581],[13.957781035863073,52.157681843120066],[13.948204976068421,52.15813308796652],[13.945038531472415,52.15757559380243],[13.94300314397274,52.15691436421809]]],[[[13.961885106918444,52.167539956071025],[13.961884877848052,52.16752465960016],[13.961897412939516,52.16753206209651],[13.961885106918444,52.167539956071025]]],[[[13.987880682174676,52.167155154728476],[13.987957396503347,52.16726423530223],[13.988290246570655,52.1678249310837],[13.987633324772975,52.16789161917496],[13.987259262695357,52.16754410499405],[13.987880682174676,52.167155154728476]]],[[[13.979221944219058,52.17223487999586],[13.979219859229259,52.17222053879516],[13.979232568593929,52.17222718408647],[13.979221944219058,52.17223487999586]]],[[[13.986420605427424,52.18157096957895],[13.987110710093425,52.1813486491606],[13.987971289847525,52.18139315938123],[13.988978173720389,52.181762269498584],[13.989334362018791,52.182093628209614],[13.988790061109974,52.18229368971004],[13.988081131348897,52.18222638207078],[13.987290170130995,52.18207644968184],[13.986420605427424,52.18157096957895]]],[[[13.959053896518578,52.18734539304961],[13.959050165815198,52.1873280518791],[13.959066169301991,52.18733573746555],[13.959053896518578,52.18734539304961]]],[[[13.97936300037991,52.206430501028905],[13.979359947006275,52.20640092903949],[13.979385571449752,52.206415174441446],[13.97936300037991,52.206430501028905]]],[[[13.979940336833323,52.21947899347351],[13.979940115847771,52.219463697803825],[13.979952660820707,52.21947110706584],[13.979940336833323,52.21947899347351]]],[[[13.947815147659242,52.23388901098049],[13.947963680498205,52.23358603526771],[13.94832392019855,52.23363579184736],[13.948214622177922,52.23394423309184],[13.947815147659242,52.23388901098049]]],[[[13.954952361407244,52.23451430849713],[13.954949897328406,52.23450001819027],[13.954962790847683,52.234506507833174],[13.954952361407244,52.23451430849713]]],[[[13.925597005241238,52.168024400550365],[13.93181123956055,52.16873862444597],[13.932211398595486,52.16846037662266],[13.932490904904615,52.16731104897562],[13.933101290377316,52.1667901974571],[13.934254798169174,52.16621374926049],[13.934819432444462,52.16559284474948],[13.928722928631366,52.16478945014542],[13.9270581294241,52.16432584330089],[13.92810755750884,52.1653002007616],[13.928192344996928,52.16668820704502],[13.926226549982335,52.166453283615155],[13.926244022214584,52.16676796039123],[13.9268988994467,52.16680475033732],[13.92689260944309,52.167542654799504],[13.925605577863974,52.16743482399609],[13.925597005241238,52.168024400550365]]],[[[13.933020912718943,52.20895546390227],[13.935608069720706,52.2105886432615],[13.936432300045151,52.20998221321338],[13.936564745854023,52.21005120837934],[13.936910606221629,52.20988122954167],[13.939712008723737,52.20787904749784],[13.938661782036714,52.20728831026725],[13.937420352534724,52.20825382350031],[13.935283660223796,52.20720035398366],[13.933020912718943,52.20895546390227]]],[[[13.970019730906321,52.226474780580034],[13.97042426383839,52.22703180316522],[13.97066907900787,52.22765864055624],[13.970653864241894,52.22813734879914],[13.970590081161774,52.22861037406517],[13.969732225997937,52.22976109653427],[13.970860994186863,52.22872709294551],[13.971037989247334,52.228061263871105],[13.970926454421631,52.22731387852772],[13.97015116161894,52.226374330181876],[13.970019730906321,52.226474780580034]]],[[[13.994491097788877,52.21187850503835],[13.999523530079783,52.21230867026376],[14.001704275772244,52.212032153646675],[13.999542487227231,52.21217170128441],[13.99467138697147,52.21179877147231],[13.994491097788877,52.21187850503835]]],[[[13.980903021797593,52.15218143065668],[13.981826928287653,52.15226730820134],[13.981962330452108,52.152100353147056],[13.980903021797593,52.15218143065668]]]]}},{"type":"Feature","properties":{"OBJECTID":83,"we_nr":"3900","lgbez":"StOÜbPl Sondershausen","typ":"9","plz":"99706","ort":"Sondershausen","strasse":"Berkaer Dickkopf","bl":"TH"},"geometry":{"type":"MultiPolygon","coordinates":[[[[10.905645097887449,51.374262646047825],[10.904639624369596,51.37417574114001],[10.90444779992044,51.37450392184597],[10.89779485267079,51.37523539240236],[10.897075824049312,51.37581199786864],[10.896804734954388,51.375665718759095],[10.896285943504685,51.37583840296189],[10.89676728508852,51.3769200398357],[10.897208940001384,51.377469185984694],[10.897227516263133,51.377836051297386],[10.89710228302769,51.37803380281812],[10.897204979329283,51.378033641894426],[10.89683163410728,51.37828913584199],[10.896733612638382,51.37873883487462],[10.897593657894909,51.37956712749821],[10.899122510558612,51.380263994830415],[10.901834465112957,51.38086859033757],[10.90200755968843,51.38170554649925],[10.901737899813156,51.382798869437295],[10.901786858894472,51.38317589748683],[10.905722465291312,51.38343075891832],[10.906036542365841,51.38365759643002],[10.906036747181714,51.384399192055376],[10.906377013740025,51.38456228289442],[10.911126602480554,51.385506958884974],[10.912797978254037,51.386647287392464],[10.914636836827388,51.387263530745315],[10.91674928001553,51.387578814246325],[10.916928996971306,51.387143750710706],[10.922756838937408,51.38779498727434],[10.92579362160358,51.38846838726953],[10.926992920118725,51.38885635536359],[10.930172911309196,51.38929237072371],[10.931668484086591,51.38913920039766],[10.932026498659958,51.38927562924477],[10.932446375715418,51.38969712305264],[10.933535076347736,51.38961955343336],[10.936215498238964,51.39110284774218],[10.935794298863408,51.391244640783036],[10.935420289786384,51.39156258185892],[10.93531565581872,51.39346257621253],[10.935444820980193,51.393532539228985],[10.935505615365368,51.39253040457428],[10.938629495986529,51.39279161963383],[10.940434329970214,51.39265280724433],[10.941024158395935,51.39184751219099],[10.942401342202006,51.39042297788057],[10.94306879674642,51.3889415478696],[10.944925529098988,51.3891833517173],[10.94535889705336,51.389512468609254],[10.946944372326085,51.38979788258364],[10.947795799145757,51.39012807301521],[10.948570394855802,51.39083340309375],[10.949294245633734,51.39115126182396],[10.95024400114611,51.39124339860896],[10.952185169745535,51.39109111767996],[10.953698459096955,51.39191879158203],[10.953926429956525,51.39163828213644],[10.956002090727011,51.39061256546282],[10.957001633567392,51.38996758116465],[10.958149080426036,51.39007288009359],[10.959576592345936,51.38929414269102],[10.96130137745462,51.38869941760818],[10.964225351484005,51.389032893088],[10.965873621690042,51.38935970655508],[10.971139420122151,51.38660090914621],[10.973066303711896,51.38612998640608],[10.97327201431872,51.386550095343544],[10.977287173720526,51.38475787833589],[10.976357015854399,51.38484225547306],[10.975652084494671,51.38470913288564],[10.972515785563,51.383804680868096],[10.9713419345232,51.383292203497156],[10.970514722690321,51.383207197260155],[10.968082834095528,51.384048877744966],[10.967741167962005,51.38343883442772],[10.968011296757863,51.382665981986676],[10.965563012112508,51.382474797250374],[10.965437064716408,51.38215760261798],[10.965151475016203,51.38214952463986],[10.964701036376486,51.380546798220124],[10.965478815715878,51.38050044014327],[10.965439751577426,51.380104231473915],[10.965031450212733,51.37987545375419],[10.964519784199872,51.37999028009183],[10.964392422855505,51.37926385999526],[10.963517033475656,51.37821104056529],[10.96297312423227,51.3780183064818],[10.962275725246206,51.37648890155961],[10.961892896509712,51.375936286717284],[10.961478532415171,51.37601545799904],[10.95513105458303,51.374362981427325],[10.951422487492767,51.374607247746184],[10.94950385223397,51.373929913045394],[10.949125917519163,51.373595248035635],[10.948654120535254,51.37228652153595],[10.947451253911735,51.37119848195926],[10.94715345700514,51.37040599044761],[10.950000020511537,51.36808052760611],[10.952089560253182,51.36694072413688],[10.948522110409273,51.36631765973679],[10.947055131007394,51.36458758676545],[10.961545653634905,51.35957564978303],[10.960836489413555,51.35876894525398],[10.960097176832912,51.35883872403386],[10.959684984864756,51.35841373682948],[10.95451187909526,51.356629616907576],[10.952379459171828,51.35607258419207],[10.950782277952625,51.35598285500653],[10.950233014750173,51.356157664380575],[10.949976590652305,51.356399873119685],[10.949926407167245,51.35663868389452],[10.950076947740921,51.35683275726237],[10.95152452353266,51.35734025444786],[10.951640036098441,51.35748522279993],[10.951592842206656,51.35763774064771],[10.951363001054666,51.35772915395461],[10.948100293891146,51.35771290074379],[10.947502777683198,51.35745183156272],[10.947340359584866,51.35716683404879],[10.947374116476599,51.35688107521003],[10.945548879956199,51.358037937499596],[10.943958148640759,51.35945462773255],[10.941385091595674,51.36066583116885],[10.940551857457153,51.36129381259766],[10.9404298051561,51.36119948291104],[10.938618709016616,51.362458089607124],[10.936477085853085,51.363500318307736],[10.932494141834024,51.365158107998916],[10.933129242655136,51.36755171475149],[10.928360922244295,51.36701479495044],[10.922859590934554,51.36615982528065],[10.922929620899156,51.366235467188325],[10.922768493679884,51.3663758588749],[10.921153173678487,51.36652294332359],[10.919884878261268,51.36742656804967],[10.920562602346001,51.368176790323815],[10.92139933632088,51.36876435120391],[10.92362531398453,51.36961109391318],[10.923601280457415,51.36969514229812],[10.921428729196979,51.368866902102866],[10.92071966109535,51.37000336344127],[10.921377798313635,51.37015478585156],[10.921867134005144,51.3714355775108],[10.905645097887449,51.374262646047825]]],[[[10.906033847419982,51.374209395516615],[10.907420615351821,51.37433499976151],[10.907130456820079,51.37534285941853],[10.906407021962101,51.375048783158256],[10.906166769335949,51.374779655566954],[10.905801268203003,51.374696356145414],[10.905717758119222,51.37455976214929],[10.905809902809505,51.37430126977528],[10.906033847419982,51.374209395516615]]],[[[10.901732468598937,51.36951919734374],[10.903095143714854,51.373123427137266],[10.90468500276618,51.374073688308556],[10.905645097887449,51.374262646047825],[10.904141558850126,51.37366953743699],[10.90335775540843,51.37320481888142],[10.902006669458006,51.369814554122485],[10.901513045209287,51.36919103418337],[10.900096873621582,51.36823273368531],[10.898261621784076,51.36782827158616],[10.897277653035776,51.36731354526808],[10.896862837088664,51.36703143464753],[10.895485774555167,51.36518772178781],[10.895574847905474,51.36495477292548],[10.895968337847755,51.364780369541606],[10.895926887783913,51.364699932570865],[10.895345636472479,51.36501904127796],[10.89531255780879,51.365156953733816],[10.89561416536884,51.36563857701958],[10.896781093092741,51.36718582869563],[10.898343693665073,51.367979562102974],[10.900007460708071,51.36828114560443],[10.901732468598937,51.36951919734374]]]]}},{"type":"Feature","properties":{"OBJECTID":84,"we_nr":"3905","lgbez":"StOÜbPl Erfurt","typ":"9","plz":"99097","ort":"Erfurt","strasse":"Drosselbergstr.","bl":"TH"},"geometry":{"type":"MultiPolygon","coordinates":[[[[11.076420351773146,50.92346274754552],[11.076273028964842,50.92419991168058],[11.076172589231223,50.924143229332735],[11.07625997554545,50.923666783102895],[11.076092310387535,50.92343547644669],[11.072073514605476,50.92307482485386],[11.066151446552583,50.9215512318812],[11.065280363696152,50.92290558438519],[11.06451070063537,50.92337764195843],[11.063433827222074,50.9231058963655],[11.062130931395046,50.92512568244286],[11.061872479799561,50.92500397523475],[11.056574030301812,50.93319778403691],[11.055318827829892,50.93451413373296],[11.054161409671565,50.93634587312731],[11.050935037564647,50.93869605246123],[11.04983296910259,50.938240906878555],[11.048478809117261,50.94048750644988],[11.048608940865943,50.9406493322166],[11.048264418089817,50.941777422478154],[11.04809124356427,50.94311206028622],[11.048560272838788,50.944249069933086],[11.048803424328376,50.944244550931735],[11.048537463715418,50.944642731904175],[11.048630976539881,50.94484046440962],[11.048730095750031,50.94492028052304],[11.048931745971773,50.9443808118743],[11.049241536285754,50.94405354121752],[11.050841285788323,50.943344242652664],[11.055776796148313,50.9453265499893],[11.05638449925158,50.94595511551347],[11.056350253676294,50.946414599102184],[11.056443388310045,50.94590848896559],[11.056669922763456,50.946062716758696],[11.056537397902838,50.94645498521],[11.057013046862702,50.947214709639674],[11.057637814363101,50.94759591787724],[11.05833871767711,50.94681060115775],[11.059188702700741,50.94725813431417],[11.05837726977585,50.9480363661307],[11.058648681365963,50.94833264692585],[11.059061894718585,50.94835916768387],[11.060591890937694,50.94598655944244],[11.062282443945815,50.946889146670514],[11.063836263486252,50.94527281901214],[11.06453244256019,50.945560542089886],[11.06482716992347,50.945862611172494],[11.064567617891774,50.94551549086731],[11.064484343166598,50.94390695923243],[11.064306953745735,50.943113390435535],[11.070219511334722,50.94258933469007],[11.069867595423815,50.94107544382079],[11.069637703966153,50.94096208791773],[11.07152654210699,50.9393729546399],[11.076388044762263,50.93869890151543],[11.077486639439146,50.939846517819454],[11.078041617723432,50.94094005396018],[11.07843588201348,50.94123039690077],[11.078867716543638,50.94126446593907],[11.078931938001642,50.941601246446915],[11.079388916376628,50.94198656880885],[11.080170868390537,50.94315373073352],[11.08094616119323,50.94344318422207],[11.081968639819442,50.9419420456299],[11.082221785964835,50.94185378027424],[11.083601419476691,50.938708067962594],[11.084202690642542,50.93778561305495],[11.08418128917919,50.93740413586231],[11.085212741975104,50.93587109339162],[11.085321585448202,50.93471979258135],[11.0866331563059,50.93211465008072],[11.088489257142845,50.92710983551653],[11.089407118869369,50.92505026997882],[11.08941974828393,50.924512814823366],[11.078224116761616,50.92410080232282],[11.076645177630908,50.923640629917],[11.076420351773146,50.92346274754552]]],[[[11.054921461657166,50.93525581415534],[11.055927996983689,50.93566016913478],[11.055163242317581,50.93689043194574],[11.054205338187266,50.93635726878678],[11.054921461657166,50.93525581415534]]],[[[11.05706345312994,50.93852034535352],[11.056217993818686,50.93911620257286],[11.052644496516287,50.93757276768642],[11.054101234225623,50.936438326773775],[11.056111844393119,50.937570080464546],[11.05706345312994,50.93852034535352]]],[[[11.050955794935948,50.93877150507113],[11.052610266212383,50.937629373665175],[11.05616933657133,50.93915127227247],[11.054606221264327,50.94034615092565],[11.050955794935948,50.93877150507113]]]]}},{"type":"Feature","properties":{"OBJECTID":85,"we_nr":"3976","lgbez":"StOÜbPl Delitzsch Platzteil Delitzsch","typ":"9","plz":"04509","ort":"Delitzsch","strasse":"Tagebau Goitzsche","bl":"SN"},"geometry":{"type":"MultiPolygon","coordinates":[[[[12.389203606340226,51.57150367815984],[12.389516282042882,51.5704597548123],[12.390148029453064,51.56959526141778],[12.385241410709261,51.56721060277448],[12.380532758196235,51.56363348191575],[12.356611101877151,51.56037770384226],[12.347514099250551,51.56521925342787],[12.342870217964453,51.5634084617879],[12.343055205336,51.563801230494505],[12.344373459659403,51.56454223866551],[12.347941238286715,51.56587650395306],[12.34885982046211,51.56694425977051],[12.348906554416448,51.567174514615346],[12.348752668516681,51.56745255111618],[12.349459728883629,51.56841864643311],[12.349785544243966,51.569112057408525],[12.351458645681106,51.57136815514455],[12.351561583629518,51.57176222301105],[12.35227163718303,51.572686888599534],[12.352353294042365,51.57312615363379],[12.35301343540204,51.573979194904375],[12.353855570048403,51.57472586749637],[12.356154834967866,51.575716678733734],[12.359401304184315,51.5784989195473],[12.360179130236123,51.579452940987984],[12.361438272718916,51.58039168548996],[12.362625452960883,51.581835182908584],[12.363246704455277,51.5816788615922],[12.36363226047696,51.58207891001193],[12.372189464550962,51.57744098030146],[12.381434793404061,51.575102347962115],[12.38843284014824,51.5728108906483],[12.389061303317733,51.57269670390069],[12.389203606340226,51.57150367815984]]],[[[12.33368904050075,51.56256160184519],[12.335344110953482,51.5627299798359],[12.33620498355837,51.56264118821124],[12.341528159184293,51.56363619645983],[12.342919682797268,51.563789004758284],[12.34275837771157,51.56342193684746],[12.34057550121526,51.56279976578309],[12.340161621312657,51.56285858827565],[12.336624491406221,51.56223265559928],[12.334476310541111,51.5622892310651],[12.333755169082092,51.5620209381535],[12.333596016359808,51.56116898487223],[12.331998808191159,51.56139047599914],[12.330651554453716,51.56130106074926],[12.329397934813281,51.5605955352563],[12.329477812110067,51.560434835620676],[12.328589284869166,51.56012583282248],[12.328712262434928,51.56026318205487],[12.314321983708298,51.55663579751004],[12.312818739318356,51.556462827133245],[12.311012519234218,51.55605120901138],[12.30901572695241,51.55642969954537],[12.30744942082955,51.55693541303575],[12.298529486925215,51.559259799767034],[12.297475732554087,51.559634822790386],[12.295922933499822,51.560495521442014],[12.29379538514018,51.56144054142566],[12.294223516814771,51.56129994661772],[12.298383255569982,51.56658962547188],[12.300038867706862,51.566193453380876],[12.301068708026824,51.56542976154101],[12.302169883563499,51.56562765534371],[12.30449026248541,51.566586055639945],[12.30744338594745,51.56744024651243],[12.307612801023543,51.56677826441995],[12.308598690369905,51.56564836504553],[12.308736446120422,51.56562910497288],[12.3097742041913,51.56363242312624],[12.316196107444778,51.565266472874214],[12.334365227568016,51.564290847503315],[12.3334011331471,51.56309241883985],[12.33368904050075,51.56256160184519]]],[[[12.327658455063206,51.559861485092156],[12.327702403341846,51.559926981856705],[12.32772287235391,51.55987959211407],[12.327658455063206,51.559861485092156]]]]}},{"type":"Feature","properties":{"OBJECTID":86,"we_nr":"4032","lgbez":"StOÜbPl Holzdorf","typ":"9","plz":"06925","ort":"Annaburg","strasse":"Annaburger Heide","bl":"ST"},"geometry":{"type":"MultiPolygon","coordinates":[[[[13.06718409360874,51.63761780659888],[13.061007203154102,51.637276140539335],[13.06089182084403,51.63739213919401],[13.060278817680588,51.637352855825846],[13.057718844597627,51.63702138502321],[13.055680387554638,51.63714660308897],[13.05420915283324,51.63739105313145],[13.051673202497598,51.637348333720375],[13.050077062425832,51.63697324660946],[13.045771709457961,51.63662670728642],[13.045576766956447,51.6351109769048],[13.044731861007438,51.63403352693505],[13.044549500309772,51.63352302068722],[13.044382356174742,51.631276632707696],[13.044378831185563,51.62762951091986],[13.044952691158812,51.62587154100589],[13.04488738363765,51.62556240751799],[13.044184788795976,51.62595017722932],[13.032488033888972,51.63060987390952],[13.030089265280369,51.63022979617681],[13.02968016531342,51.631679116525184],[13.029143801918458,51.63264172318026],[13.028819557711545,51.63293672559037],[13.029586820473915,51.63311289822135],[13.028190200718338,51.63457353528087],[13.02528981824493,51.63569479793475],[13.024037435584663,51.6369836774769],[13.023857996208324,51.637405240518646],[13.022789412448478,51.63868406691648],[13.021582145876744,51.64127186705425],[13.021278291630152,51.641651608646114],[13.018830067171937,51.64277402250896],[13.016227510351232,51.64495990301256],[13.017151954932153,51.64606965790977],[13.02070748592887,51.65318092469757],[13.020695078398157,51.653421828957086],[13.018777474405297,51.65717737853868],[13.020020070818846,51.65440001764476],[13.016081782950872,51.65291680890136],[13.015500287297694,51.65402720556725],[13.015426797022606,51.65556663389894],[13.015101430819918,51.656326404999156],[13.014694707795192,51.65673465904493],[13.018387882253052,51.6579787738609],[13.017971089113962,51.659322266555606],[13.017421168344736,51.659216164076184],[13.017523693068116,51.659449315478945],[13.014779765676206,51.66191561006116],[13.013930118419117,51.662524660072116],[13.011700739733786,51.66467149144574],[13.016593363623773,51.66664582718437],[13.01909036121207,51.667473833152506],[13.019702962828578,51.669562408720886],[13.019577015432443,51.6709326944768],[13.017773695110035,51.6751749103278],[13.017352140899993,51.675930372525116],[13.016486420985835,51.676745280936125],[13.015847549935437,51.67775277735948],[13.01460327546894,51.68006845729298],[13.014134100667325,51.68071557112281],[13.01386164882814,51.68155142737362],[13.013840258144585,51.68211454299264],[13.014039781155768,51.683171656318464],[13.013820537429169,51.68665523973423],[13.013341021222,51.69021523663213],[13.012863973585256,51.69246300794008],[13.01430812499916,51.69234831290336],[13.014214697514653,51.694745141022636],[13.015067822150206,51.694972082575504],[13.015114570477598,51.69672709419805],[13.014381092454737,51.69787837757209],[13.016287063264684,51.69825732032363],[13.01625178822009,51.70094164985795],[13.020601994070109,51.70171639953281],[13.022090364155543,51.7021036611114],[13.022694924053633,51.70239534495237],[13.024482875998164,51.70275435426951],[13.025315093243767,51.70324400182238],[13.024568528563888,51.7044625806041],[13.024324348503326,51.704455645765954],[13.023762778381471,51.70726463642445],[13.022873503742249,51.70860969510225],[13.024554853510306,51.71033382091583],[13.025953641798974,51.71216979538407],[13.026412977353246,51.71167725764786],[13.031890756632887,51.71377544681234],[13.033674982365621,51.71286356646001],[13.033734809265223,51.71292906471975],[13.031998511347869,51.713816627587015],[13.035025761092207,51.714959911210045],[13.03493180539834,51.71509180265179],[13.036850675117448,51.71571878752453],[13.036921651008026,51.717647678772174],[13.037076251966784,51.717706126545366],[13.037039945656254,51.71578067567922],[13.038844093327022,51.71637016477565],[13.038315937838805,51.71696226586079],[13.037899670214184,51.718017382761445],[13.038040408371465,51.71807058471843],[13.038492595132734,51.71700656540983],[13.038979433507743,51.716414374742804],[13.041735268967079,51.717352668856634],[13.042166502524347,51.71686241264695],[13.042585005157381,51.7169919287595],[13.044822927719371,51.715598667593454],[13.043995218219836,51.71505541456437],[13.041081741004536,51.71418165866161],[13.041306065602384,51.71326116319254],[13.045841138449672,51.71463645549266],[13.047789338162813,51.715488336233975],[13.048403933140914,51.71605165694039],[13.04850269122833,51.71615475111315],[13.046509645819585,51.71801102378911],[13.045933189715159,51.71886524236921],[13.0475355587051,51.719444267682306],[13.072488259984949,51.70419068872435],[13.072395698476345,51.703995948298214],[13.07265269300444,51.70409037976177],[13.090856392876253,51.69309404679119],[13.090702911218346,51.69276425316348],[13.090961696088822,51.69301023977353],[13.09854561238328,51.68835035682165],[13.098355342917868,51.68826508583739],[13.09866038563555,51.68829389433527],[13.108848099324108,51.682157441899015],[13.108743672867272,51.682117160227556],[13.108921605768877,51.682115757202496],[13.11645186389477,51.67758512362962],[13.11634788839221,51.67751885896749],[13.116966430567691,51.67709397072463],[13.117321002796917,51.67705759942042],[13.11920377820791,51.675913289932026],[13.117537220099294,51.67573461696351],[13.117404196673688,51.67563290018753],[13.114747484916087,51.675517595422455],[13.111315622289602,51.6749822493379],[13.110348221170105,51.674811385002464],[13.108086979241657,51.67412706331846],[13.1090589267348,51.67335860043892],[13.11012406725217,51.67221024709928],[13.109012755125846,51.673322233933995],[13.10801936394852,51.67410699412055],[13.107131371205224,51.673925827788],[13.106219638683896,51.67345964825176],[13.105704367731784,51.67331276961315],[13.104133194536718,51.67297811722116],[13.102280062631783,51.67276265569939],[13.100410134027682,51.67220178031031],[13.09798372156286,51.67168600068544],[13.100378020154574,51.672242515923934],[13.101734690931156,51.67269691099085],[13.105664980199844,51.67334201156717],[13.107112870401933,51.67397684883825],[13.10797648736002,51.67414881933064],[13.107265388167521,51.67468051811235],[13.1049088098346,51.674445022937334],[13.100810973087286,51.67458452564519],[13.095594225364666,51.674116351874005],[13.093268155615407,51.67648422139608],[13.093120513905198,51.67640127824427],[13.113740782502903,51.65519389717991],[13.112919265090628,51.654847546700985],[13.111765673755437,51.65397817231118],[13.110064608661812,51.65227606291558],[13.10883012852687,51.65159649387144],[13.105124598640597,51.65086369334929],[13.101929423226883,51.650879965511095],[13.098948293887533,51.650401640661876],[13.09626976564492,51.649356664638596],[13.0952264496974,51.64913815391892],[13.092812960396257,51.648814237127006],[13.090033771434477,51.64878975726039],[13.090048812825613,51.64850173337731],[13.090274153418012,51.64820403799327],[13.089471684781358,51.647124148282465],[13.090045571704051,51.645984666285],[13.089575678250226,51.644422524031064],[13.089747820611507,51.64419953778646],[13.089494851434207,51.6444255793626],[13.089999747743105,51.645980980057544],[13.089412201038181,51.64711869293656],[13.089519104150247,51.64740037343182],[13.090221204020223,51.64819993055628],[13.089995019011452,51.64846506766493],[13.089977277284573,51.64880181465121],[13.08984481530602,51.64883187116192],[13.085160083132376,51.64751839074155],[13.083363282782303,51.64748266735959],[13.082362794914273,51.64708620109013],[13.081381481585959,51.64618879742326],[13.081234953786685,51.64579994260725],[13.080212117630996,51.646001778559594],[13.081229322248179,51.6457765152015],[13.081168275436386,51.64535254719017],[13.083658283233433,51.64399228937376],[13.08503757897875,51.642643488411025],[13.087880112642798,51.6406101627464],[13.089275660708237,51.64010545654153],[13.089731817124747,51.640171161577555],[13.090100441699935,51.6405207879476],[13.089817111262665,51.640145194112215],[13.085900463809867,51.63976496380176],[13.079222109509073,51.639463833704326],[13.077363762883921,51.639207660477965],[13.07234108090708,51.63896711832086],[13.069331745366126,51.63748332375527],[13.069201880417049,51.637616174167995],[13.069084636797724,51.63765143087139],[13.067246061193657,51.63761987835882],[13.069078909139463,51.63763044622842],[13.069304828246928,51.63747054972095],[13.067984591341663,51.63684394078548],[13.06718409360874,51.63761780659888]]],[[[13.066770859594817,51.63768523575656],[13.067131517910076,51.6376704474465],[13.067022065379215,51.63778001909205],[13.066770859594817,51.63768523575656]]],[[[13.10736603271704,51.67469108180027],[13.108036502007515,51.67416437787559],[13.111123839162946,51.67499130275329],[13.109452131012839,51.674951543918716],[13.10736603271704,51.67469108180027]]],[[[13.058266639952922,51.729662255483625],[13.058363665190138,51.72971941971108],[13.05643536226221,51.730657914002556],[13.056623832402103,51.730787093495096],[13.056835886911497,51.73067840546143],[13.058004438789418,51.73162766948252],[13.057849111093642,51.73170847848638],[13.058270741660504,51.732278910478165],[13.05792750706848,51.73291469832061],[13.059811996465035,51.73238654870941],[13.059867470128767,51.732986747502935],[13.057929069238767,51.73357383643178],[13.057936135386804,51.73413828373226],[13.057634772168496,51.73444585573036],[13.06004831087698,51.735440070924334],[13.059174813349083,51.73630315658973],[13.06177839514751,51.73671272920678],[13.064034029791975,51.73830926728096],[13.066358742186818,51.7391470933273],[13.06924910125828,51.742314762476184],[13.0706435506841,51.74455360601045],[13.071219487562303,51.74659552349509],[13.07179890092064,51.7470866452938],[13.07168975561362,51.747137413140834],[13.071825430865923,51.74712856659175],[13.072231700241451,51.74748402397516],[13.072200847603,51.74757354096832],[13.072296408586313,51.747541561099624],[13.074268495401176,51.749061258366396],[13.075738500328947,51.75050308065886],[13.07700283148081,51.75222892090957],[13.078646966741571,51.75505102732825],[13.078868206524719,51.754807328226185],[13.07995749465524,51.75461211842681],[13.081746693461406,51.75407301160173],[13.082149073131733,51.75446902980416],[13.083365520485673,51.75380791593339],[13.084474145751013,51.75344103543319],[13.084654220236265,51.7533039829121],[13.084737385366962,51.75296715802905],[13.084658795355985,51.75278064836092],[13.08664389426774,51.751762823139366],[13.085744627667635,51.74985077143436],[13.086644329052335,51.74936520781281],[13.08747189122818,51.74833524024426],[13.088222655532057,51.74814258418542],[13.08926848047417,51.74739210135362],[13.092325433911704,51.747944222701726],[13.093895336888973,51.74434128232868],[13.096689306730465,51.742869797111766],[13.09721259604477,51.742761513590615],[13.098596164177582,51.74569484379048],[13.10014131767045,51.74530932367071],[13.102128836643587,51.745327709947524],[13.101424165795251,51.744249703169565],[13.100736288052891,51.743728516393226],[13.098977563694428,51.74276222612211],[13.099796706859408,51.74311013872236],[13.101519395300235,51.74423178144768],[13.102244178529455,51.74532713205669],[13.103655458790463,51.74618857834339],[13.104805554780881,51.748378337221276],[13.106975069735661,51.751443925094726],[13.107324484736814,51.75232975040291],[13.107588500497156,51.75391388687771],[13.108439740467267,51.75407937050651],[13.10919882856055,51.75440550855125],[13.1096910397593,51.75474218591063],[13.1102942243367,51.75493854679101],[13.110421006267707,51.755262109556604],[13.111706742476143,51.75540227349221],[13.112703981137802,51.75526398131095],[13.113827137551194,51.75528824626911],[13.114329201471978,51.75618159314421],[13.115612559839862,51.755800408118795],[13.116181858168115,51.755364447584014],[13.115835780408213,51.754662999042246],[13.116137289153583,51.754200425865434],[13.117935877151082,51.754055982967465],[13.11825276235917,51.75324218782835],[13.117550380418207,51.752952209923635],[13.11720003027084,51.75248395857049],[13.117295669407568,51.75224059596775],[13.117850809388631,51.75193867178701],[13.116870160813637,51.751261814210636],[13.11686227450375,51.75111617180061],[13.117226857558496,51.75079567253594],[13.117456394181605,51.750657480255754],[13.119598225754263,51.75033174448294],[13.119659306702014,51.75042908678823],[13.120648843208425,51.75058047572647],[13.122250370476953,51.75009801042127],[13.12349307828161,51.74988060962989],[13.123838842529459,51.74960135322463],[13.124720394352199,51.74930732875431],[13.12484249606056,51.74902042947926],[13.124346261307677,51.74899545261337],[13.12344297295,51.749710603616464],[13.123422672821222,51.74953174143021],[13.124373830603734,51.74883563593859],[13.124990909423643,51.74875170470625],[13.127606747835804,51.74780678420455],[13.128421279050118,51.74692293695228],[13.128825203822718,51.7467405564459],[13.130401882792196,51.746666550293604],[13.132079309617396,51.74693643208828],[13.133090089483671,51.74715977922926],[13.133933938115595,51.74769492633274],[13.1339765559893,51.74848182541443],[13.133620010161417,51.74905185604082],[13.132784496098697,51.74955627363809],[13.136893634550596,51.749607658812806],[13.167824430010954,51.71700571055256],[13.168114629865196,51.716076434403895],[13.16932055525223,51.71470141019299],[13.16957715721656,51.71404573322684],[13.171165296892408,51.712598900226645],[13.171423605655756,51.7115832260845],[13.171167117777493,51.710794524928644],[13.170807347896028,51.71048063012249],[13.170658830328415,51.71011497580678],[13.170666691485449,51.709295182279476],[13.171032783709887,51.708806864922586],[13.169880420371662,51.707853972107024],[13.168908890595137,51.70816724108924],[13.165364071109845,51.709750420119846],[13.164693249679777,51.710489496092606],[13.163633164880837,51.71120814320695],[13.162498374386201,51.71241346623882],[13.161660895707962,51.71304538183887],[13.15826341340403,51.711703783046204],[13.15737525716733,51.71206478574304],[13.156712552015838,51.712044069882495],[13.155033903481852,51.71095897589495],[13.15444082764636,51.71030397330183],[13.154534532710267,51.70915977486777],[13.156344335275765,51.70669301703092],[13.158254853357688,51.70263251525794],[13.159038268727203,51.70190628057957],[13.160990764184033,51.69904268231851],[13.160894445920933,51.69865934874691],[13.161197848314918,51.696617185628895],[13.160129358878166,51.69674583877346],[13.157632317272444,51.695801325787095],[13.15668318249593,51.69592160742894],[13.154356059022875,51.69590529297632],[13.151038583373111,51.695631416983026],[13.154382294320744,51.695848330434174],[13.156690142642775,51.695857042252186],[13.15749567812782,51.69575128202638],[13.156989234920019,51.69529081680676],[13.156042710647736,51.695211281294014],[13.152249852837747,51.69441871708458],[13.155894969224516,51.69512180590237],[13.155891557423072,51.69466553995952],[13.155110728303269,51.69352003555656],[13.155378410088298,51.69267123806853],[13.154854060761952,51.691786024537784],[13.1528939996938,51.69105174000505],[13.1511182639388,51.69068998824332],[13.148040845980752,51.69214413462705],[13.14789023084695,51.69231151393905],[13.144256287705682,51.693436185337475],[13.143796874896294,51.69328737132165],[13.142055436818845,51.6936354865905],[13.141070483517025,51.693354552851794],[13.14161924725619,51.693791364007225],[13.143381249567096,51.694186117050116],[13.14461406512385,51.69487377053446],[13.151001181117925,51.695554089827255],[13.144566555025087,51.69493520667602],[13.143291910315448,51.6942387918828],[13.141651048515541,51.693880309140695],[13.141765209116826,51.694220516231894],[13.142309850487145,51.694712268488864],[13.142934865024246,51.69582302572805],[13.143282639701699,51.69833876524068],[13.143191147188308,51.69840787240091],[13.142852590124008,51.695842188840864],[13.14222167724873,51.69473149610653],[13.141694005952447,51.69424483903295],[13.141462035793234,51.69375613314645],[13.140666930646923,51.693141361626544],[13.139747372901178,51.69333471435367],[13.137823733127885,51.69403378299118],[13.139449962270135,51.6933961531413],[13.140635005420037,51.69311328511944],[13.140357935341973,51.69282213893897],[13.139116830131803,51.692234573691884],[13.137643755660685,51.69084479492035],[13.135610081248275,51.689813338126235],[13.134850393080363,51.68686658803575],[13.13615526340438,51.686330857058884],[13.136780475570843,51.6858865366534],[13.138144437074269,51.6842634229479],[13.141459180048928,51.681755064143985],[13.138054004572918,51.68423124678746],[13.13667028731979,51.68586264989301],[13.13609934417625,51.68626262643675],[13.134837427695889,51.686792398069244],[13.134732946441797,51.68633252727741],[13.133822233508308,51.684993662813746],[13.128361699187218,51.68101403716522],[13.127889669539627,51.68015820139601],[13.125164623836678,51.68013068052127],[13.127891410474637,51.6801174110745],[13.127662116396676,51.6791872629083],[13.128016823373164,51.67812981091048],[13.128017336311208,51.677111528583325],[13.127811505330106,51.676917307204576],[13.126920625401471,51.67658612565535],[13.124517538591352,51.6762537841361],[13.12457963283873,51.67618538346759],[13.122407883773834,51.67644407895279],[13.119881895754704,51.67592277432041],[13.109412703056696,51.682295498893644],[13.109517402601382,51.68243277403405],[13.10932491789046,51.68234793135601],[13.099317304738305,51.688371564137185],[13.099695586202825,51.688459807090744],[13.099224918401202,51.68841850855893],[13.091189657066922,51.693340944267796],[13.091325806629728,51.69361437417577],[13.091064283694264,51.69343656231661],[13.08538256348895,51.69683241338828],[13.073100172593616,51.70432907100398],[13.073362765422555,51.704515153846664],[13.073268940882699,51.70457300343778],[13.072942816501927,51.704424978704054],[13.057661156586716,51.71375835456464],[13.06007150897086,51.714600956449395],[13.063198910089648,51.71535981151528],[13.068145135554317,51.716044773969074],[13.068233877426294,51.71596790579635],[13.069749143071364,51.716342348678104],[13.072423480673148,51.71792644146919],[13.074639098964939,51.71899869014731],[13.075148311678756,51.719534127949444],[13.075187978586762,51.71965614850013],[13.074654261628613,51.71997105592044],[13.07228397680108,51.72076074845748],[13.070356406898451,51.72181961538673],[13.070505071789787,51.721944594175795],[13.072653086466534,51.720822545124],[13.074821079675232,51.7200248916704],[13.07560334430283,51.71952875700749],[13.075648315762596,51.719637764020305],[13.0747058096546,51.720178546755726],[13.072269228260765,51.72108057986668],[13.068768525039102,51.722930662675026],[13.065387334581164,51.72442283688581],[13.068617083455205,51.72566388350101],[13.067625480823635,51.72593136174413],[13.067292689146806,51.72623627141158],[13.065658244013001,51.72709537023876],[13.063762102568893,51.72776776078477],[13.06311937594932,51.72822258011404],[13.060986832956717,51.72909662001044],[13.058266639952922,51.729662255483625]]],[[[13.143233645586099,51.698721756885675],[13.143295923089816,51.698433320980286],[13.143335288163895,51.698719911740895],[13.143233645586099,51.698721756885675]]],[[[13.076821320589396,51.71467593291621],[13.07691317692048,51.714633524002195],[13.077930191094813,51.715711183196106],[13.078984596744535,51.716473513124214],[13.077859079558605,51.71572181523015],[13.076821320589396,51.71467593291621]]],[[[13.152167418037392,51.69439784781137],[13.148843531111408,51.69366929093429],[13.15223195300738,51.694335418675195],[13.152167418037392,51.69439784781137]]],[[[13.14324275360477,51.698801057395734],[13.143346688683161,51.698799257352675],[13.143887008258641,51.702675647474685],[13.143773938212133,51.702788954039356],[13.14324275360477,51.698801057395734]]],[[[13.12913702432924,51.680412146945535],[13.128012266219722,51.680183161721565],[13.128449852662666,51.68098322332342],[13.133905673523484,51.68495762199469],[13.13408786713449,51.685225841702795],[13.133905952899546,51.68470196426882],[13.134384901371451,51.6842876157608],[13.134339615501334,51.68380665990245],[13.133443830771247,51.681510193276615],[13.132998124456439,51.68082410243136],[13.12913702432924,51.680412146945535]]],[[[13.096099327387732,51.74323877423423],[13.09396662539331,51.74441538406497],[13.09241400420547,51.7479851815922],[13.094915492471857,51.74737326930933],[13.096255332413254,51.74633302304283],[13.096810204696348,51.7462818933262],[13.097320207029318,51.74601823195034],[13.096099327387732,51.74323877423423]]],[[[13.089298747411044,51.747441185321556],[13.08825951969635,51.748179679781266],[13.087533016193388,51.74837263378449],[13.086685338043402,51.749401007689904],[13.085818792577477,51.749869655279376],[13.08669842919204,51.751704181931295],[13.086896737680913,51.751487742622054],[13.086743825554931,51.75129497877366],[13.087623600510012,51.7498493449265],[13.088054457673165,51.75074399118193],[13.089045020055627,51.749841628992186],[13.092320220988114,51.748027218851114],[13.089298747411044,51.747441185321556]]],[[[13.129337367502272,51.678165139715674],[13.128128797475046,51.67783865525329],[13.127781943570753,51.67917517293903],[13.12800268658554,51.68013105594023],[13.12897857229289,51.68032339313312],[13.129640971118873,51.67843692839932],[13.129337367502272,51.678165139715674]]],[[[13.062938504658407,51.63625874850129],[13.06234156876215,51.63632137201121],[13.06262384008571,51.637311385241475],[13.066543333401311,51.637619160825174],[13.062938504658407,51.63625874850129]]],[[[13.015633370012111,51.65275829721897],[13.015232481545166,51.653284348838554],[13.01496857537927,51.654394400437575],[13.01486718432976,51.65598824821632],[13.014632075456953,51.656721388316136],[13.015053064626722,51.65630930163747],[13.0153797127253,51.65557115195836],[13.015460003247084,51.65401374622793],[13.016040576330475,51.65290201218261],[13.015633370012111,51.65275829721897]]],[[[13.155987298069439,51.73006617474875],[13.159924007597448,51.73211971676461],[13.162351099188609,51.734588932681106],[13.16267351801885,51.736068118819354],[13.163923457261546,51.73766273041525],[13.164035687383269,51.73762210261759],[13.162772080273534,51.73603047866077],[13.162440091690577,51.73454022418163],[13.160029935139134,51.732098731909744],[13.156052018990694,51.729997574966276],[13.155987298069439,51.73006617474875]]],[[[13.062314785491953,51.6363241814559],[13.061912164174807,51.6363664178873],[13.061023449186012,51.63725981777719],[13.06259596266748,51.637310349354514],[13.062314785491953,51.6363241814559]]],[[[13.017502433538604,51.659197360493735],[13.017953403082672,51.659279343231226],[13.01833095601348,51.65809075567628],[13.017843010914012,51.65790678349426],[13.017502433538604,51.659197360493735]]],[[[13.15596719467169,51.694506636427995],[13.15580862585432,51.6943813590797],[13.155982362725252,51.694648233352616],[13.155985976647642,51.69513682715201],[13.156910317922296,51.69521501418762],[13.15653730597525,51.694552804399656],[13.15596719467169,51.694506636427995]]],[[[13.15119424164892,51.690656277456284],[13.155367048196576,51.689128770895444],[13.155347194530489,51.689051668751546],[13.15119424164892,51.690656277456284]]],[[[13.123992494867249,51.74979323447055],[13.124877711816348,51.74965484169155],[13.125441328300425,51.74958550916518],[13.124780497932909,51.749598466268225],[13.124765691900413,51.74943189841561],[13.123992494867249,51.74979323447055]]],[[[13.110201525385873,51.67213429775056],[13.110641934335428,51.67168693216546],[13.111040598573762,51.67093072841949],[13.111251902989844,51.67036087406013],[13.110769480732765,51.67134412727772],[13.110201525385873,51.67213429775056]]],[[[13.164726280732788,51.720798962286146],[13.166683351309334,51.72043177418333],[13.167239040161025,51.72026705881535],[13.167949138630291,51.71993170666477],[13.166667947897169,51.72040009453755],[13.164726280732788,51.720798962286146]]],[[[13.168949403716141,51.7178825401886],[13.168004235899941,51.719877233597174],[13.169020843137421,51.71789638459892],[13.168949403716141,51.7178825401886]]],[[[13.124966310856188,51.74949352741919],[13.12547942764826,51.74958082307318],[13.125920747489506,51.749526529773334],[13.125644501166581,51.749455604797554],[13.124966310856188,51.74949352741919]]],[[[13.124432591203115,51.74893365997687],[13.124880228895782,51.748943745841],[13.124953746120317,51.748816204959816],[13.124717022974927,51.74879570059083],[13.124432591203115,51.74893365997687]]],[[[13.05766702258553,51.72987526128753],[13.058266639952922,51.729662255483625],[13.057579509608848,51.72987407729104],[13.05766702258553,51.72987526128753]]],[[[13.128265385415704,51.67677511281042],[13.127967788833393,51.67692629116006],[13.128346463759975,51.67680573622218],[13.128265385415704,51.67677511281042]]],[[[13.086668352697982,51.75181482698901],[13.086981332929556,51.751594384688474],[13.086931896842815,51.75153208619898],[13.086668352697982,51.75181482698901]]]]}},{"type":"Feature","properties":{"OBJECTID":87,"we_nr":"1113","lgbez":"ÜbPl Ostenholzer Moor","typ":"9","plz":"29664","ort":"Ostenholz","strasse":"N.N.","bl":"NI"},"geometry":{"type":"MultiPolygon","coordinates":[[[[9.79162497765927,52.723181738781896],[9.792560923370798,52.721833384529546],[9.793456047839152,52.72122313926214],[9.792878704199229,52.72077507827095],[9.793381280159723,52.720447381651184],[9.79037974379204,52.71873180020295],[9.78937638760331,52.71792268736296],[9.787085577627263,52.71723734484706],[9.783523685660032,52.71724837483983],[9.778378853465787,52.716282471553704],[9.773928271662545,52.71454839643502],[9.771998733551143,52.71364166668853],[9.771111345373994,52.71294758061825],[9.770534425738898,52.71366198814379],[9.770206931427285,52.71382012968775],[9.768641772453053,52.71337369817578],[9.767141447587813,52.71312012169736],[9.765807746733048,52.71268122577996],[9.764651485604817,52.71259622491961],[9.764022069322836,52.71265869927014],[9.76286152502731,52.713412420295754],[9.760039084879573,52.71340612823931],[9.758852504712168,52.71405510701521],[9.756475067498343,52.71306239402592],[9.75525541765042,52.71314476819046],[9.75413670250781,52.712680107427424],[9.752658509436229,52.71298363704789],[9.751446753982997,52.71264877395334],[9.75055169868492,52.71224493605098],[9.749626727691233,52.71231432896675],[9.747650605644138,52.71216012971452],[9.744305823006338,52.71155780145228],[9.7442452945225,52.710714894620494],[9.739121291564757,52.71140946900757],[9.739136347328913,52.711800200540736],[9.738188085714876,52.71211089818699],[9.73747737459459,52.712078685936284],[9.73727626875189,52.712504025048936],[9.73745318745554,52.71263178858441],[9.737156713767332,52.71267057231451],[9.735139505474056,52.71697617371882],[9.735317281170502,52.71700538568354],[9.735309492776999,52.71711626342117],[9.735069907599124,52.71712222572867],[9.733345362340597,52.72073137047688],[9.733563643073206,52.72077449444146],[9.733493584362497,52.72092114204574],[9.733270443744221,52.72088837750128],[9.731486834255762,52.72462042767799],[9.708687445916242,52.73005239571564],[9.7105614205324,52.73600887547431],[9.714913222688663,52.73501512714459],[9.70758029029472,52.73673712529983],[9.713986604184765,52.73835576265491],[9.713935915846504,52.73852330007968],[9.694460900421529,52.733668652044145],[9.693136857354395,52.74355896444336],[9.693128989010816,52.74430665408278],[9.693622260221609,52.74527521150802],[9.706914273054796,52.759290434390586],[9.708059591804515,52.75981856176022],[9.715495459451946,52.762198786622406],[9.716206433778583,52.76267077680939],[9.721724991182235,52.7673925583983],[9.72235802677652,52.76776202308267],[9.728116300512061,52.77003987170167],[9.728524616249775,52.76984599801221],[9.73011857880531,52.76836350229077],[9.730966134784422,52.76736816432236],[9.730273923569097,52.76698969267631],[9.728949266054315,52.76652358092594],[9.728868208371274,52.76644640000678],[9.729342137057364,52.766016019991206],[9.729123880579273,52.765960122337546],[9.72932532149356,52.76588600276107],[9.730828622477318,52.76441105168896],[9.734560684105505,52.761481498883086],[9.735048841207387,52.76002565200692],[9.735385260281332,52.75950458287367],[9.739555450934873,52.756356390577324],[9.736748959476673,52.75617333584121],[9.736422622195155,52.75630493043185],[9.73625611227071,52.756659786407205],[9.734701197683945,52.75736452450337],[9.733873506150717,52.75740707402245],[9.73155805358982,52.75599709632704],[9.730166045784912,52.75566824106757],[9.728867472651052,52.75483502590408],[9.728715089632763,52.75462209733091],[9.728620052367258,52.75393109755448],[9.728271330865498,52.753533102270815],[9.729072187026226,52.7530125997571],[9.732037039790969,52.75449575675776],[9.731897112812401,52.75477328722357],[9.732231144164325,52.75622928737622],[9.734122947643915,52.75729593339066],[9.734500758391222,52.757293594592014],[9.735682533470152,52.756743079652665],[9.736370653757662,52.756145783836075],[9.736804012728864,52.75602847531674],[9.744005353611742,52.75649666475134],[9.759433834177015,52.756962721276544],[9.75963831678684,52.75686933215898],[9.760643230654301,52.755457555971695],[9.76063429421384,52.754944553183044],[9.760883080835187,52.754452204006476],[9.761352820677109,52.75398074456255],[9.762592196630367,52.7533704952104],[9.766744033804374,52.753551602772184],[9.769442671732913,52.75399399713004],[9.771845683084575,52.753913675363435],[9.774565145758062,52.75301543029688],[9.774709434955636,52.7532720250894],[9.775651053528168,52.75377657622157],[9.785295588303683,52.75239700734934],[9.7883789998213,52.75213117669923],[9.78873853973404,52.75168264653118],[9.79306561576209,52.75107381294331],[9.797413850708343,52.74961701189669],[9.800715080326198,52.74921555372093],[9.802436521905419,52.748869314952756],[9.804917493548995,52.74784868865282],[9.808649512058054,52.74742736143554],[9.809788259631503,52.74685633208371],[9.810884880709699,52.74606468349434],[9.812410567710362,52.74554459095972],[9.814397780357954,52.745664804951375],[9.816464347482855,52.7460967395923],[9.817793770560208,52.74642218631117],[9.81879576490297,52.74692833664855],[9.820533312376918,52.747451698709824],[9.824171267394226,52.74738186250707],[9.8301572748341,52.74820138080569],[9.83909530799476,52.744553136851195],[9.83656647860441,52.74508705716041],[9.831778880347555,52.74280248502875],[9.828509562481862,52.742301408117214],[9.828244185773851,52.741984284624],[9.828540229169047,52.741047213518286],[9.828084620724868,52.74095906515687],[9.82722327650447,52.741058509961576],[9.826459957346191,52.74133554682499],[9.822594128487335,52.74319070511194],[9.819106579296372,52.74411133999213],[9.817230192703704,52.74423264937806],[9.80929500548869,52.74406821354583],[9.808553004250433,52.74171231348051],[9.807591970389664,52.74138070889596],[9.808132708580093,52.73987737539639],[9.807140945150076,52.739881242864065],[9.807118903187959,52.73842911107515],[9.805923895924881,52.73778661705542],[9.80589961176781,52.736323064509094],[9.805109130250292,52.73607328582245],[9.80686144962075,52.7345794181607],[9.809207972212391,52.73534388592164],[9.809183478747862,52.7350297240969],[9.808876489380934,52.73507415295566],[9.807003335824954,52.734476029160994],[9.798066534254547,52.73098136232644],[9.797331114972359,52.72867828771943],[9.79257696997672,52.72919218567736],[9.791644139622624,52.727961697071],[9.794086578032099,52.72408193619081],[9.792682817568329,52.723681011544784],[9.79162497765927,52.723181738781896]]],[[[9.798049429433211,52.73111031419627],[9.803382582647,52.73323804603398],[9.806788444435925,52.73455113776482],[9.805024756885533,52.73604304067248],[9.800978703522773,52.73446658965016],[9.800564930519693,52.73413692131183],[9.801103791231155,52.73361737887154],[9.7984613231607,52.73250048113018],[9.798049429433211,52.73111031419627]]],[[[9.739442160801142,52.77033958463055],[9.740148538448462,52.77036703145917],[9.740240861005171,52.77004670886455],[9.74007514159817,52.769314897532844],[9.739448706824591,52.768707736556415],[9.736075863512285,52.76986646447872],[9.739366473246852,52.77055204016544],[9.739442160801142,52.77033958463055]]]]}},{"type":"Feature","properties":{"OBJECTID":89,"we_nr":"3787","lgbez":"StOÜbPl Traunstein","typ":"9","plz":"83278","ort":"Traunstein","strasse":"N.N.","bl":"BY"},"geometry":{"type":"MultiPolygon","coordinates":[[[[12.639974869350462,47.898929847425656],[12.639049651320072,47.89921442740319],[12.636923162074178,47.89943712232847],[12.635410679409851,47.89981498915385],[12.63544410212833,47.900089394615435],[12.635033651993478,47.900274469777635],[12.634152086696048,47.900143844320205],[12.634137539378319,47.90029909100886],[12.634516833244168,47.900479022818224],[12.63480549967423,47.90079600351463],[12.634968494490966,47.90122927678596],[12.635015624602358,47.90269770721952],[12.635170151000922,47.9035083136347],[12.63483318485298,47.904159734897114],[12.634378730743938,47.90442971402135],[12.633722907585845,47.90447902357948],[12.633404629090723,47.90486842242795],[12.632067073565114,47.90564818387162],[12.630903092315325,47.9059867838744],[12.629910153888938,47.90646313517516],[12.627177690796655,47.90703968430857],[12.626576356748775,47.90741695850757],[12.625964849280265,47.90724128286561],[12.626535266909334,47.907441835273914],[12.62701010199556,47.907301551038486],[12.626996927303594,47.90744037441457],[12.627237481763672,47.90757864282309],[12.629133565715597,47.90791956899577],[12.630662877418418,47.9085654485108],[12.631400561353422,47.90902669705463],[12.632684859359136,47.909326911045795],[12.633939954931538,47.910795137059345],[12.634684032176454,47.90986336191643],[12.635377852274415,47.910066708920276],[12.635763849368905,47.90982391392138],[12.636425262743039,47.91004799087487],[12.637047538316857,47.909851514213806],[12.63769537006217,47.909847615358],[12.637290119376187,47.91078306316944],[12.64115191390111,47.91096027907291],[12.641371999349124,47.911086478709755],[12.641482042971443,47.91091902011252],[12.642059242880899,47.91101462040089],[12.642730261940361,47.91065475955087],[12.642324382433676,47.91040847493725],[12.643002649100856,47.90949286401541],[12.64347963834709,47.90909029664393],[12.643143920857378,47.90889758099502],[12.643647625101897,47.90855526848025],[12.644772759605496,47.90918941323957],[12.645320911591938,47.908738860983064],[12.646182978057835,47.90712058191635],[12.646497969617311,47.905524821741956],[12.646884056543346,47.905590837403295],[12.647556688977028,47.903927455057485],[12.649135780821343,47.904288301521504],[12.644856345147769,47.900921914769384],[12.643837643039022,47.899786734878575],[12.643290394757727,47.898888995643816],[12.642917160926832,47.8976868631783],[12.642904401256525,47.896766022158424],[12.643053202691785,47.896043970684396],[12.642797943708818,47.895595191024505],[12.642799451980178,47.89515751288277],[12.644304260337,47.89373417565746],[12.643680531289045,47.89413736118485],[12.642724880133484,47.89511695566615],[12.640974322359302,47.896378529461344],[12.640504899622687,47.89687614874244],[12.640338272018923,47.89717319169892],[12.640310031681333,47.89841993381328],[12.639974869350462,47.898929847425656]]],[[[12.645339534566101,47.90105810237929],[12.646200205948373,47.901724577215354],[12.646601412418924,47.90151311842851],[12.645597394171835,47.900935886220346],[12.645339534566101,47.90105810237929]]]]}},{"type":"Feature","properties":{"OBJECTID":90,"we_nr":"3345","lgbez":"StOÜbPl Roding","typ":"9","plz":"93426","ort":"Roding","strasse":"N.N.","bl":"BY"},"geometry":{"type":"Polygon","coordinates":[[[12.533840857081337,49.19678792662637],[12.534060999123232,49.19964482260689],[12.53477418689875,49.19967975212833],[12.536079224309391,49.20122503665803],[12.536061329868941,49.20172355018829],[12.533024904732248,49.2016765636504],[12.53337256442534,49.203495743138404],[12.531006517849312,49.20386002846013],[12.531754754293988,49.20414102013559],[12.53255874467676,49.20423130433983],[12.532853852027413,49.20442777675439],[12.53276796140812,49.20456546392347],[12.533792118985607,49.20485252680091],[12.535273533415781,49.20556034211834],[12.536245287771147,49.20585150933891],[12.537328522154958,49.20596523207466],[12.543600506468984,49.205694006973395],[12.544163733084188,49.20533793670427],[12.54705939670741,49.2022557226892],[12.548019736170458,49.201944647102266],[12.55010491009984,49.201564310188346],[12.551157344845798,49.201055841298285],[12.554136991964938,49.19710580524718],[12.553236626725218,49.196915075854356],[12.552223423204339,49.19642584747536],[12.550861752404913,49.19527151056899],[12.550133256438622,49.19440152934294],[12.550518074943456,49.19402968184723],[12.551016165615744,49.192872614365946],[12.55144593941066,49.192222246620744],[12.550238547074764,49.19197760219658],[12.547773995736236,49.19237843224385],[12.549922643725269,49.189131862820666],[12.550531942236484,49.187258836068075],[12.550771070171903,49.186889042103786],[12.548679493949507,49.18619389956547],[12.547378015663998,49.186082211023795],[12.546194860772793,49.18613346739663],[12.54426833920411,49.18575387611149],[12.543774009777902,49.18575968005703],[12.542590469509442,49.18745941827609],[12.541323115526648,49.190195098684114],[12.541121680002279,49.19140953778029],[12.538006269595916,49.19246447405381],[12.53545133157012,49.193064413706246],[12.534652493923803,49.1940619178479],[12.533958129446768,49.19596247450444],[12.533840857081337,49.19678792662637]]]}},{"type":"Feature","properties":{"OBJECTID":91,"we_nr":"3339","lgbez":"StOÜbPl Cham","typ":"9","plz":"93494","ort":"Waffenbrunn","strasse":"N.N.","bl":"BY"},"geometry":{"type":"Polygon","coordinates":[[[12.659859823768906,49.27338363799635],[12.656983731740784,49.274699851017395],[12.655783534910306,49.27477973100368],[12.653132154653914,49.27449798985397],[12.650220592646825,49.27738380936066],[12.644124959301214,49.27696286969964],[12.6408911689067,49.276549151501044],[12.639359024815764,49.27868030370598],[12.637528442421107,49.28079968565652],[12.638160744091797,49.28103652198059],[12.638563921466114,49.281461953217544],[12.63866352396987,49.28188480060336],[12.638494847308957,49.28226151088733],[12.636224688702985,49.2843999366659],[12.634701114539896,49.28500767434656],[12.633719139153218,49.2851971092815],[12.63300686496435,49.285129567290106],[12.632099897107262,49.28479465688539],[12.631687149081934,49.28423205385043],[12.631600170602859,49.28188958826608],[12.632054363302146,49.28152545676708],[12.631555730945742,49.28117484660536],[12.631211803752656,49.28016909093035],[12.630471935114876,49.27894994502496],[12.628808791502664,49.277954096896735],[12.627442603075664,49.27693539326539],[12.627441019345817,49.27681082284537],[12.627202483400183,49.27700277710817],[12.628246138910905,49.27791438248316],[12.629427610359283,49.27855980660202],[12.630536764732316,49.279476440085006],[12.630975192896672,49.28020577905235],[12.631353795059754,49.28168508198848],[12.631371904197545,49.2842751764919],[12.631848657186907,49.28485340216894],[12.633101780957281,49.285351499920374],[12.634247083537351,49.285296157927476],[12.635933187189883,49.28471980903571],[12.635195449355951,49.28548862235194],[12.635448152631943,49.28563874101106],[12.635948563652601,49.2855726768334],[12.637011953353497,49.2859918495951],[12.637882456796534,49.286029079496195],[12.63908515453673,49.28580433790008],[12.640190520714233,49.285302421303996],[12.64099441497725,49.284436363225375],[12.642016535175651,49.28369993606702],[12.641796695866045,49.28354879423437],[12.641840915435907,49.283403689951044],[12.644616895615489,49.28321545233442],[12.649063643409084,49.282449788477344],[12.653478442619571,49.28233958195179],[12.653860594924652,49.282891358086175],[12.653730608703032,49.2836255629611],[12.654028126233596,49.28421684187567],[12.653989361234146,49.28450528261953],[12.655143549949006,49.28470096535837],[12.655983573554456,49.28432046779402],[12.656339774429284,49.28429946405452],[12.656620252715538,49.284463246576266],[12.656779297639968,49.28480372595275],[12.658041188967513,49.286146708267076],[12.659190602238336,49.286037743440986],[12.660878551928803,49.28559153834242],[12.663928796747811,49.28534437635476],[12.66438981215169,49.28457634247777],[12.664091794259507,49.284510223553056],[12.663989039567404,49.28431175256752],[12.663952508678031,49.283585791586084],[12.66435091869312,49.28333667582222],[12.665542270711308,49.28202779271131],[12.665396768788085,49.28198166659153],[12.665424712681633,49.28170400299932],[12.665815283099214,49.28122541428724],[12.66541116968039,49.28103597815836],[12.665945562171654,49.280755183417824],[12.666365307174706,49.28015842291833],[12.666569186116682,49.280231395965735],[12.668064874776737,49.2794517909079],[12.668113973096935,49.27909436209772],[12.668673450144153,49.27820188783683],[12.669542253974681,49.27822087171915],[12.669346171511084,49.27795473979574],[12.668849095935048,49.277896672561326],[12.670066613182529,49.27577709494043],[12.669389821549052,49.275265491465156],[12.667552195464252,49.27463467242093],[12.667862089084496,49.27432807064127],[12.667685957305004,49.27423955145387],[12.665504465112555,49.2742703589999],[12.665601528079014,49.27392346529561],[12.66502251087773,49.27366670072582],[12.6628334611588,49.27343387958665],[12.662143486748512,49.27349429063401],[12.661945206107418,49.273385049926354],[12.66179064018298,49.27306225084904],[12.661619114065974,49.273030082772244],[12.66097921983448,49.27306478343066],[12.659859823768906,49.27338363799635]]]}},{"type":"Feature","properties":{"OBJECTID":92,"we_nr":"3391","lgbez":"StOÜbPl Pfreimd","typ":"9","plz":"92536","ort":"Pfreimd","strasse":"N.N.","bl":"BY"},"geometry":{"type":"MultiPolygon","coordinates":[[[[12.206003108767781,49.47854498947033],[12.205981103636578,49.47843223696375],[12.204495326089033,49.478467600702324],[12.202523410852383,49.479447074301376],[12.20084066510237,49.47958780594403],[12.20102860343965,49.47948633202798],[12.201104424842873,49.479264343533586],[12.200446799664334,49.47911710317467],[12.200611715977463,49.47863101400679],[12.20039443237483,49.47713110573533],[12.19852247357819,49.47714289902281],[12.198599091787074,49.478138101001356],[12.19532190108625,49.478231016460875],[12.19426830481858,49.47879645849294],[12.19299924224014,49.47891160491999],[12.192975870771384,49.479558148220626],[12.190777425572875,49.481413240603814],[12.1919426959051,49.48146545159209],[12.192083373875242,49.48072218958361],[12.192888112554627,49.480738734576576],[12.192981747549963,49.480647706697],[12.195993540881542,49.48065828808534],[12.198584787014493,49.481211976904504],[12.19921919972613,49.48320498432821],[12.197362236506505,49.486998875654066],[12.19581093135058,49.487779093462784],[12.195923407610673,49.48797283793924],[12.197308576541312,49.48865221553096],[12.19844404975554,49.48980336467449],[12.19919543210032,49.49012598312722],[12.199543575985382,49.489786693200614],[12.200312297611772,49.48992411569291],[12.19959110494875,49.490589262715865],[12.200159545385874,49.49084478369028],[12.200629710130924,49.49089591153265],[12.201573194504295,49.490756594747225],[12.202446809711478,49.49111674270197],[12.204092375090188,49.49124441270166],[12.206436312330448,49.49188396031092],[12.207468201707554,49.49308144090095],[12.209590612602094,49.49086023758516],[12.211461137687564,49.48989205775389],[12.211805136745884,49.48792633111841],[12.211781070879407,49.48733319429677],[12.213875829832855,49.487592101725454],[12.214141681749664,49.487478272960345],[12.2144034813662,49.48698865861287],[12.214691209056797,49.486780920399234],[12.213507836773294,49.485624332410815],[12.213410397412716,49.485134093176306],[12.215368167776901,49.48457912978644],[12.22254865516879,49.48413718161557],[12.222617486780798,49.48330573211694],[12.222493146470736,49.4823736841641],[12.222607388818691,49.48185091729442],[12.220003034469126,49.481493636829846],[12.220463599817023,49.48017748628453],[12.217747139313236,49.477848333233496],[12.21844540876682,49.477713724593755],[12.218776666121174,49.477339216421875],[12.217948801213074,49.47698835565978],[12.217583631558457,49.47623314288865],[12.218797857378705,49.47639312337734],[12.218938536247178,49.47671903755826],[12.21963734019837,49.47651710842195],[12.219653658095515,49.475726350500686],[12.220177838538607,49.47466691351811],[12.220355299824671,49.473847102548945],[12.221939994461415,49.473053740110686],[12.22125879030326,49.47228413761782],[12.219656390770584,49.471265072593276],[12.218811534228918,49.47005798955885],[12.218058933768608,49.46949504150697],[12.217875401667825,49.46973209760319],[12.216579255781856,49.4693391149848],[12.215408963867224,49.46924635778866],[12.215708299587915,49.4686148000943],[12.216090107838241,49.468626756556496],[12.213768520682267,49.46840182442918],[12.213575549982782,49.468617272999865],[12.212573860168902,49.46855218697125],[12.212503791576724,49.468797776087634],[12.212345241623993,49.46883475334707],[12.20938920312884,49.469066246901086],[12.207995784968952,49.46961894302105],[12.207322374594217,49.47031637538398],[12.207054759284505,49.47027953759482],[12.207068311268884,49.47006440164419],[12.206926211265671,49.4705053326554],[12.206042022887583,49.47047048796869],[12.20551783525798,49.4706757688749],[12.205718440739032,49.47225458638196],[12.205991510619153,49.47303830160931],[12.206787859932113,49.4730635286831],[12.207814094414488,49.47404343549387],[12.207943547036866,49.47448609583755],[12.20679402776485,49.47633945767589],[12.20650075028242,49.47660131307924],[12.206859653289618,49.477233653250615],[12.206500268785408,49.47847001474396],[12.206051844168584,49.47838429926806],[12.206003108767781,49.47854498947033]]],[[[12.222322410871177,49.48421852638357],[12.222553018286128,49.48423512855487],[12.222550326035192,49.48417312366494],[12.222416673788917,49.48420294200056],[12.222322410871177,49.48421852638357]]]]}},{"type":"Feature","properties":{"OBJECTID":93,"we_nr":"3677","lgbez":"StOÜbPl Landsberg","typ":"9","plz":"86899","ort":"Landsberg am Lech","strasse":"Lechalpe","bl":"BY"},"geometry":{"type":"MultiPolygon","coordinates":[[[[10.867638286407828,47.98087421625155],[10.867033450726963,47.980906816428806],[10.86699674825938,47.98066951324579],[10.860820562083934,47.980672232394205],[10.857398347363576,47.981074320823915],[10.857309503083663,47.98119776676252],[10.85579999474126,47.981475368267596],[10.855458186673928,47.982497812348925],[10.85503093085674,47.9828080274861],[10.85415210092934,47.98315405640214],[10.855986335873933,47.99224754532197],[10.856158523151,47.99250371554347],[10.856502535684044,47.994384339110866],[10.856455022890355,47.99465539769091],[10.856822191296482,47.99601135032026],[10.857747394953817,48.001296289328494],[10.860085991709703,48.001167646464026],[10.862789451794693,48.00123107684136],[10.863097455359577,48.00110596153746],[10.865085772935002,48.0012131497493],[10.86611906009069,48.00139989053682],[10.866276479962773,48.00160121986013],[10.866917759396422,48.004283890709004],[10.86738475937673,48.00513098699708],[10.867700378858576,48.007120998342074],[10.867748182706457,48.008492815867626],[10.867565227324079,48.00863588465089],[10.86667056369147,48.00870531633439],[10.86799120124534,48.00877273942242],[10.867637929776647,48.005020517479316],[10.868097687539153,48.00496508188687],[10.867445252826277,48.00444474027179],[10.866817433748873,48.003309634191936],[10.868433025041492,48.003454944844364],[10.868754193416843,48.00398364073647],[10.87282914917555,48.00472902707437],[10.872657487412951,48.00579049290907],[10.872532467078186,48.005803688963525],[10.872593128512724,48.005912651245474],[10.873860031541241,48.00686706372859],[10.873979288285096,48.006735461551465],[10.873940901476388,48.00622744904393],[10.874056114903173,48.006235916180415],[10.87359409069122,48.005562781102604],[10.873134887189288,48.003460496141834],[10.87263234536475,48.00294475726175],[10.871595730849243,48.00224148275846],[10.87063285364553,48.00079603790433],[10.870373392343673,48.000605734114224],[10.870029941257648,47.9999240844395],[10.86923671898022,47.999283137581436],[10.86877903722434,47.998641313560974],[10.868790088298967,47.9982310191593],[10.86860356929987,47.99815559471879],[10.867534108784323,47.99695416574462],[10.86724385862441,47.996344523863016],[10.867277756551653,47.99603949072486],[10.867135631395588,47.99575639498233],[10.867129551597731,47.99530193077158],[10.867419380447771,47.99479712641682],[10.867220121541335,47.9941268893412],[10.867845414556172,47.99348706197384],[10.86871858869058,47.99307119881693],[10.86924552067335,47.992303127441886],[10.87040667312831,47.99168569332846],[10.871111291874348,47.991476984786495],[10.871391320104621,47.99123650179325],[10.87168233652749,47.991359166530025],[10.872168969188332,47.99116084228159],[10.874221297117641,47.99076196706602],[10.87455679811335,47.990950660491066],[10.875535970756347,47.99102482934777],[10.875644381241477,47.990717136321884],[10.875383155648388,47.99038479938851],[10.8754939340926,47.99004629614798],[10.8752669837192,47.98954262236034],[10.87456457393046,47.98914883475849],[10.874306314574453,47.98869812650395],[10.874618542017792,47.98926960221249],[10.873648197119104,47.987990850200546],[10.872731620881762,47.98728175688179],[10.872700221169312,47.98712516890722],[10.873065512994835,47.98663801410383],[10.87299943651579,47.986545425756425],[10.871192956818525,47.98535073955357],[10.87082128336122,47.984834838875216],[10.870583060927641,47.98406185815685],[10.870005766695057,47.98397489554586],[10.869839758928821,47.98310068197541],[10.869698508731862,47.98318990028079],[10.868848545267795,47.983119158322936],[10.8689696839822,47.98165271957694],[10.86782562916203,47.98157586926169],[10.868091149600511,47.980849033855726],[10.867706601488571,47.98086959576175],[10.868086237612514,47.98055326921845],[10.867638286407828,47.98087421625155]]],[[[10.870758184797356,47.984160769155146],[10.870843223813733,47.98463725136245],[10.87121827493649,47.98523920553309],[10.870904698223578,47.98425789658626],[10.870758184797356,47.984160769155146]]]]}},{"type":"Feature","properties":{"OBJECTID":94,"we_nr":"3752","lgbez":"StOÜbPl Mittenwald - Zufahrtstraße","typ":"13","plz":"82481","ort":"Mittenwald","strasse":"Gröblweg","bl":"BY"},"geometry":{"type":"MultiPolygon","coordinates":[[[[11.253824533754397,47.457214812471726],[11.253982154849098,47.45719614441627],[11.254370526190884,47.456678462962294],[11.25524044303405,47.454986971501036],[11.256507574234664,47.45430107853111],[11.255762173771357,47.45450769422459],[11.256769955061188,47.45410478093446],[11.25705926378671,47.45379996833838],[11.257054427257202,47.45352893499039],[11.256814172834423,47.45362527269107],[11.256744731266318,47.453933943450586],[11.255075736926674,47.45481500891327],[11.254421811010484,47.45636367177869],[11.253824533754397,47.457214812471726]]],[[[11.256935179496487,47.45398193488768],[11.257109139149598,47.453852437844304],[11.257080656266892,47.45382240364465],[11.256935179496487,47.45398193488768]]],[[[11.253030930591267,47.45824744232405],[11.252121274974861,47.458868671410386],[11.25160678465876,47.45960916963733],[11.25154983146974,47.46021919216189],[11.25175082951459,47.46021968776167],[11.25178320210246,47.45959681350902],[11.252276716756702,47.45892783998297],[11.253174013351403,47.45830761983787],[11.253972097311193,47.457212269947945],[11.253436886454738,47.45729649386767],[11.253593567911672,47.45752584796487],[11.253030930591267,47.45824744232405]]]]}},{"type":"Feature","properties":{"OBJECTID":95,"we_nr":"3724","lgbez":"StOÜbPl Bodelsberg/Kempten","typ":"9","plz":"87466","ort":"Oy-Mittelberg","strasse":"Gstör","nr":"1 - 3","bl":"BY"},"geometry":{"type":"MultiPolygon","coordinates":[[[[10.446327782089915,47.67737523773057],[10.441648677861519,47.67690109504703],[10.439596324779393,47.676946933828305],[10.438731531028276,47.67600714850195],[10.439216567382841,47.67543383296826],[10.439103962663664,47.67521479555661],[10.43933550073324,47.67506432433591],[10.433698293846872,47.67365322058989],[10.433547547558994,47.67274604019532],[10.432168723429221,47.673184186845255],[10.433710994228337,47.67446206795575],[10.432285054360227,47.67566770061841],[10.429234786184992,47.67453007021142],[10.428854684733718,47.67486629005241],[10.427128809070291,47.67447269739695],[10.426242264411215,47.67401061018737],[10.4245518542352,47.673386280853656],[10.423375820289253,47.67264343021137],[10.422540011579118,47.67168318810632],[10.421759962196994,47.66991549116584],[10.420848510848325,47.669071077510836],[10.419469591497126,47.66848438489602],[10.417301157215654,47.66811816515256],[10.41686698077753,47.66791450570227],[10.416759219774333,47.66822959567467],[10.416999210092401,47.668183441317865],[10.419392506164288,47.66861859854339],[10.420699418358938,47.66918773807848],[10.42154096371047,47.66998425005872],[10.422317605782736,47.67173957375809],[10.4228975680117,47.672423154960214],[10.423989337289036,47.67329608683148],[10.426214025870252,47.67420144847829],[10.426509626396012,47.67447428035057],[10.426860273885751,47.67510463504559],[10.427175385819469,47.67586788091818],[10.425924766552106,47.676698647508424],[10.425586607441451,47.6765071445476],[10.424597320666665,47.677170525688325],[10.42667922562671,47.67710344321071],[10.426168881035647,47.67713507285552],[10.42634082397094,47.67721112751421],[10.42570368038086,47.67763538289024],[10.425331416730428,47.67740993072197],[10.424984162177529,47.67731013818341],[10.42455216864555,47.67725908659606],[10.424447020841512,47.67733147574217],[10.423281436997266,47.678303414732724],[10.4233748770582,47.67845684026617],[10.423520953903196,47.67858117868066],[10.42326691573072,47.678871635163894],[10.423326820783767,47.67903141569071],[10.423181905460417,47.67911635419978],[10.42334789526031,47.67905184954885],[10.423285300651319,47.678881395181996],[10.423529674747988,47.67867644893376],[10.423541705884583,47.678575072964186],[10.42350672728403,47.67849902392263],[10.423319653126093,47.67829772147717],[10.424544939004141,47.677287159682926],[10.425328029183508,47.67743228799865],[10.42569046885798,47.67764436471487],[10.424164409954782,47.6786619125758],[10.425254709588334,47.678756257301174],[10.422767394940484,47.679836112939434],[10.4224240561439,47.68047868521694],[10.42281487180159,47.680308096406364],[10.422965798650818,47.680556727222424],[10.42285029057662,47.680292540800295],[10.424974293285814,47.67936449293111],[10.425623815660499,47.68002928988947],[10.423967804671673,47.680754126641204],[10.42441705663689,47.6808262913959],[10.425857162937064,47.68173725941979],[10.428736577833417,47.680494540750125],[10.431192960791073,47.68182807327409],[10.430999191489299,47.68191473934039],[10.43116726538066,47.68275449038424],[10.43203932290914,47.68249040580851],[10.432496229418929,47.68305435326927],[10.433636770927983,47.682650053087386],[10.43486269460987,47.6833667095911],[10.435323710912076,47.68274926208347],[10.43761589890374,47.68409121815448],[10.436154034509066,47.68455744575796],[10.436134472795437,47.68652895999023],[10.438510727826348,47.68711716776699],[10.438507192057406,47.68768147279001],[10.4390208693982,47.688004806037114],[10.44118982649915,47.688741323781784],[10.443242287379128,47.688957926100514],[10.445499044917698,47.68843156785342],[10.44959859654887,47.69022783807162],[10.449472334742419,47.690648827507864],[10.458866199129439,47.6912163892181],[10.45963743873356,47.69141299245394],[10.459668177285979,47.6912776323088],[10.460075103329947,47.69118913268786],[10.467239423741638,47.69030150144557],[10.466531174903562,47.689585772282285],[10.4679755940154,47.68967059564645],[10.46909898309244,47.69055232076487],[10.471190577281146,47.69127693632377],[10.471357790586453,47.691157188664455],[10.471138616030164,47.69098840891033],[10.471446811834495,47.69111924558758],[10.473057217152972,47.69039089025603],[10.472898085990286,47.68921690145715],[10.473064709102465,47.68920432424915],[10.473087323291434,47.68894264337708],[10.470034017013916,47.68910777976038],[10.469350241877432,47.68701551792971],[10.467090585475463,47.687598890916064],[10.465170158975987,47.68633654669982],[10.464395524638366,47.68653080503249],[10.459759241302955,47.68531542267407],[10.460688192731647,47.68381884599385],[10.45921176215467,47.683444784771964],[10.458869210282275,47.68446348042533],[10.459274438510365,47.6847745147839],[10.458280819160978,47.685095869166034],[10.458049418533657,47.68727307517548],[10.456700646643387,47.68741860990467],[10.452918370987442,47.68609816593262],[10.453583568065548,47.68587252899906],[10.45322008275209,47.68545153064121],[10.45360567290973,47.68522943534267],[10.453398007568856,47.6850498579332],[10.453482431239252,47.68490392108659],[10.453324625091584,47.68471552402496],[10.453474290706152,47.684361537551275],[10.45312012361712,47.683939791605596],[10.453241712387506,47.68363520029783],[10.45295774594299,47.68327959901091],[10.452923197635482,47.68243386848263],[10.45334531778416,47.68187271810957],[10.453064707445568,47.68154649767813],[10.453192393980084,47.68142322774193],[10.452972368719177,47.68119620737731],[10.453079574563532,47.68065218256625],[10.453275048867695,47.68059022966147],[10.453224760279776,47.680276388245915],[10.453451371988303,47.67998279336409],[10.449626582663216,47.67912509384169],[10.450540185476967,47.67834179051286],[10.446327782089915,47.67737523773057]]],[[[10.443374054061662,47.67569994748503],[10.443594438648676,47.675763669359135],[10.444324424021687,47.67416229117622],[10.444105836963567,47.67407173435873],[10.443374054061662,47.67569994748503]]],[[[10.443250289571708,47.67597540204109],[10.443501859173795,47.67596701813178],[10.443575472518054,47.675805388242715],[10.443355100507468,47.67574211643438],[10.443250289571708,47.67597540204109]]],[[[10.42094174878831,47.67685243522467],[10.423326774071352,47.67687460765751],[10.423492859092704,47.676951008667004],[10.424375114296272,47.67713711298934],[10.424512756859087,47.67722574351056],[10.424389801751184,47.67712361411255],[10.423337316699524,47.67685567114965],[10.42094174878831,47.67685243522467]]],[[[10.471192686525432,47.6915082465299],[10.473233144116557,47.691678307115076],[10.473063112796188,47.690434634638436],[10.471261400458152,47.69127899767298],[10.471192686525432,47.6915082465299]]],[[[10.476830210517075,47.72057830483042],[10.476894891014195,47.72085694715945],[10.477517430692693,47.7207707398345],[10.477448827252749,47.7204902586428],[10.476830210517075,47.72057830483042]]]]}},{"type":"Feature","properties":{"OBJECTID":96,"we_nr":"3627","lgbez":"StOÜbPl Ingolstadt-Hepberg","typ":"9","plz":"85120","ort":"Hepberg","strasse":"Forst Neuhau","bl":"BY"},"geometry":{"type":"MultiPolygon","coordinates":[[[[11.4402246183669,48.82402994631333],[11.440181956475739,48.825502214890506],[11.437621158739345,48.82534382442173],[11.43540703704082,48.82579839032245],[11.432053630576315,48.82607939510825],[11.432236469177703,48.83133236835153],[11.431843770651197,48.835515153228506],[11.431971399693499,48.83652101787642],[11.429714767919089,48.83678140443268],[11.429940351954968,48.8372578039251],[11.43029411570044,48.83755803810493],[11.433375619196386,48.83861305477846],[11.433851321156846,48.83898966457414],[11.434283362299537,48.83963668970817],[11.434636413680975,48.839089866098476],[11.436077603349379,48.83970466606173],[11.438302360202544,48.84004600621309],[11.436592903945863,48.842624345233645],[11.438595413106134,48.84371073870653],[11.439119477666567,48.844245581091364],[11.440679730042719,48.84539285175436],[11.44063626146443,48.84554456125226],[11.442259433639757,48.846624620347626],[11.44398794136698,48.843981734663025],[11.445996095540513,48.8446060671404],[11.450664398425907,48.837458385170095],[11.453134941527376,48.833976166913565],[11.453114050307109,48.833595950250995],[11.453249343775447,48.83357570541637],[11.453165005445008,48.832019495493256],[11.453945132980545,48.83180620832568],[11.453415985752267,48.830400723666486],[11.452516043619045,48.82877406682725],[11.453437864221012,48.82660848163202],[11.453327801734051,48.82599273259792],[11.453073013468297,48.8258341426015],[11.452778493615845,48.8250767492489],[11.45322150678142,48.824642209386525],[11.45101087952934,48.82427971666903],[11.449509847689983,48.82441618409974],[11.449703244190891,48.82337220152309],[11.450105636437645,48.822459358169176],[11.450296445790547,48.82235435395188],[11.44769361588199,48.82189838227653],[11.44141131890855,48.821101122301506],[11.439052215411323,48.82105140281129],[11.439832998717042,48.822253780645056],[11.439972218721493,48.82272164418455],[11.4402246183669,48.82402994631333]]],[[[11.441654933030476,48.84654476276405],[11.441157901471898,48.84722547591679],[11.441299091481751,48.84726396058599],[11.441804731595681,48.84658090518497],[11.44223342831058,48.84666448820217],[11.440612483957189,48.84557979280645],[11.440196264841576,48.8461928430651],[11.441654933030476,48.84654476276405]]],[[[11.42997122525465,48.82564739398417],[11.430804738769236,48.82709757567784],[11.432032377335014,48.827027853577995],[11.431932899697058,48.82605963100432],[11.42997122525465,48.82564739398417]]]]}},{"type":"Feature","properties":{"OBJECTID":97,"we_nr":"3623","lgbez":"PiÜbPl (L) Fort Zuchering","typ":"9","plz":"85051","ort":"Ingolstadt","strasse":"Weicheringer Str.","bl":"BY"},"geometry":{"type":"Polygon","coordinates":[[[11.385527140347046,48.71034496678184],[11.38374360362215,48.71065775036992],[11.383705681242411,48.71143741161439],[11.383123584616309,48.712059821109754],[11.383163569527952,48.71316203372577],[11.381886417620347,48.71352503786574],[11.381683854710253,48.71380741614084],[11.388663589297366,48.7133816905896],[11.388225643528285,48.71328055974807],[11.389495555913015,48.71252482346556],[11.39050330755844,48.712138896530966],[11.39101632733246,48.71314401518531],[11.391210305043359,48.71310894720704],[11.390458597508431,48.71159145295402],[11.390898314755255,48.71146347266766],[11.390846872730496,48.71122719777871],[11.387525249559065,48.71028349317454],[11.386546471276494,48.71043100101597],[11.385527140347046,48.71034496678184]]]}},{"type":"Feature","properties":{"OBJECTID":98,"we_nr":"3385","lgbez":"StOÜbPl Oberviechtach","typ":"9","plz":"92526","ort":"Oberviechtach","strasse":"N.N.","bl":"BY"},"geometry":{"type":"MultiPolygon","coordinates":[[[[12.446652694144301,49.470202962960116],[12.444665234460007,49.47119526810923],[12.44385277655736,49.47048593136576],[12.443907653739755,49.469782677734784],[12.443739647222044,49.46960386887801],[12.441942538749798,49.468568917048636],[12.442024887311934,49.4673712490422],[12.441510752728648,49.467359123555916],[12.440772076155252,49.467586266049935],[12.440922615830598,49.46727605075867],[12.440428000740146,49.46722923938525],[12.44073948797171,49.46794056439164],[12.44026609108827,49.467812503195915],[12.437184764560417,49.46629971226171],[12.437235495119475,49.4663893464009],[12.436900089345158,49.46631133067878],[12.436125178326431,49.46573911292213],[12.435848476557647,49.4660045780908],[12.436652758892874,49.46642647668479],[12.437199906562826,49.466448888533854],[12.437006952931354,49.46662264204616],[12.437552994775212,49.46693144925478],[12.437813649938079,49.46673396514536],[12.438853633135901,49.46732037043492],[12.438498200320657,49.46759285476498],[12.439258808363395,49.46882488395165],[12.439300478514493,49.469056388060274],[12.439101562764483,49.46907468949515],[12.439276264425994,49.46987008659864],[12.43908260741366,49.470002876763644],[12.439359117841299,49.47024200159645],[12.438919493120975,49.471317644651734],[12.438011108620698,49.471913674718145],[12.437431671007873,49.47171267552501],[12.437680820548579,49.47137623687084],[12.436682133802664,49.47109762549149],[12.433703165809895,49.47104935896791],[12.433143845069505,49.47081895765423],[12.433165392958253,49.470609739890925],[12.43241422710744,49.47042136736769],[12.43203726526809,49.46963858283262],[12.432927977211767,49.468099406722786],[12.43302002308737,49.4673452460879],[12.433364464116794,49.4667299625739],[12.434184820905752,49.46646479207245],[12.43504194573925,49.46580338651225],[12.43496577219643,49.46578546742307],[12.434359109342234,49.46632688164048],[12.43380961527276,49.46638928159801],[12.43333011254035,49.46668452087188],[12.432947780572217,49.467340725153434],[12.432882847648512,49.46804850026595],[12.432453415213425,49.46880327413692],[12.431395263588938,49.469503032187134],[12.431400489088954,49.46986205277949],[12.43192613468428,49.470348313626715],[12.430522246659756,49.47012809396755],[12.429026743950935,49.47022656454393],[12.427579194210345,49.47069536506468],[12.426804502380577,49.47127033453004],[12.426672827326216,49.47111867505835],[12.426072084369759,49.47200608770918],[12.425845844563732,49.473177416644155],[12.425357806937797,49.47361899208399],[12.42505633592167,49.474247038419854],[12.421722028538422,49.47392457917157],[12.42205657642161,49.47404531214884],[12.42269360592566,49.47458113009616],[12.422605946523584,49.47524836217883],[12.42217588796272,49.47514017658213],[12.422962867847284,49.476225879419815],[12.423117351126722,49.47673208295241],[12.423458878919691,49.47725523716652],[12.427134127496037,49.47734719064682],[12.42623098107217,49.47614781457227],[12.425896423307513,49.47522650770711],[12.42620763206131,49.47487636903347],[12.426266022554787,49.47552856621705],[12.42649117180607,49.476002258726616],[12.42750819406521,49.477331415548385],[12.426977773924177,49.47573761004244],[12.42637389225413,49.47499524230848],[12.42617164824597,49.474317619565994],[12.426518006280235,49.475121249929764],[12.430353460404366,49.47555753644687],[12.431205215109111,49.47547798968356],[12.432019721170606,49.47559037775849],[12.432692889898524,49.47591461915474],[12.433559359905926,49.476560166558635],[12.434330252760368,49.476877625539046],[12.436053638293842,49.478162946647075],[12.437789668513263,49.478559464356586],[12.438662230894947,49.47899479397837],[12.438755760787389,49.479200300055204],[12.439369464636734,49.47958691470676],[12.44140119060334,49.4813232843587],[12.442159330075688,49.48168740851437],[12.44270856722699,49.48284079442056],[12.44409270758662,49.48266953152668],[12.444644791499057,49.48217756086599],[12.445493746155083,49.485044729105034],[12.443767423130634,49.48546130951659],[12.445071814652595,49.48691788039229],[12.445697840692695,49.48648317326368],[12.445572522117295,49.48630156411733],[12.44563864620705,49.48620287025268],[12.446357441266585,49.485779609507276],[12.447057174075777,49.48558634539203],[12.448701693815496,49.486231870349634],[12.448818982350573,49.48648569487061],[12.449353871610167,49.486872450998504],[12.449497167271051,49.48750572820726],[12.450731962714675,49.48810551308511],[12.450379515001119,49.48704777771712],[12.45201009109099,49.4863402835475],[12.453288973153839,49.48682868530959],[12.454764203581627,49.48561645173939],[12.45452661715526,49.48497277331105],[12.4550587890111,49.48445804460722],[12.455736652334682,49.48411782482652],[12.457207724461037,49.4846920280441],[12.457635477944883,49.48417951172576],[12.458335383230581,49.48373307670961],[12.460573638169233,49.483870930552094],[12.461223165035504,49.481975333826924],[12.461034499961206,49.48143484193743],[12.461381249660905,49.48172046924467],[12.461447847162832,49.48150964403936],[12.460684411223564,49.48080435303267],[12.460603668849172,49.48035869967452],[12.461202678955459,49.479528559933996],[12.461533524881377,49.479318995326324],[12.46173783591299,49.479361190108314],[12.460911252900813,49.4773573052214],[12.460372745227279,49.47734968178928],[12.45705511506728,49.47666109612082],[12.456048068599342,49.474924222606724],[12.455337274834056,49.474885289850874],[12.45342494395189,49.474096980546726],[12.453058165414603,49.474337467047434],[12.452645179335713,49.47526142722698],[12.450659201871629,49.47462310072904],[12.450003902431309,49.47429132143637],[12.451176304488591,49.472456374315634],[12.451862740434942,49.47170221829301],[12.45071362540479,49.47097014579596],[12.449761261184841,49.47061673741465],[12.448930807332106,49.47238244041345],[12.4467778689893,49.472073298055996],[12.446344055470535,49.47165454428469],[12.447091603805669,49.470366217036776],[12.446652694144301,49.470202962960116]]],[[[12.42614029165265,49.47404260019268],[12.42614591241139,49.47274105347095],[12.426492946877067,49.47282703333126],[12.426729505630755,49.472242566010024],[12.426399337034551,49.472105431290366],[12.426628644587268,49.4716879900561],[12.427261785284449,49.47107682284339],[12.428384123332583,49.47054155966153],[12.429490881000426,49.47031310923034],[12.432056722777157,49.470575037715896],[12.432415848566533,49.471169442894194],[12.432180357909727,49.47138328857386],[12.432764418253019,49.471766770095456],[12.433568555061184,49.47195278320788],[12.433941091799467,49.472696951761755],[12.43410085357948,49.47361245613084],[12.435010341210928,49.47402674114183],[12.435287697851566,49.474487708053466],[12.435276277569365,49.47487673443506],[12.435783439429377,49.47576805048379],[12.435697224518302,49.476057091019214],[12.433042408205944,49.4748280572018],[12.431579278085028,49.47455436572182],[12.429777609764448,49.474422877902946],[12.427413546668546,49.47392331892024],[12.427123857955687,49.47393695111373],[12.42703427526059,49.47417255035454],[12.42614029165265,49.47404260019268]]],[[[12.43080673322879,49.472469043167166],[12.431007097961388,49.47318810179914],[12.433650339481275,49.47316086092445],[12.43267508618788,49.47300602480538],[12.43080673322879,49.472469043167166]]],[[[12.446652694144301,49.470202962960116],[12.447063262856771,49.46956386417442],[12.445979044817703,49.46914075966125],[12.446813274289573,49.469529035163724],[12.446652694144301,49.470202962960116]]],[[[12.425340340993728,49.47353493465142],[12.425773004668907,49.47315456365536],[12.425795543399385,49.47278527305461],[12.425541097391758,49.473204717049974],[12.425340340993728,49.47353493465142]]],[[[12.434230252302934,49.466367511328805],[12.434504432500733,49.46617041551667],[12.434784024149783,49.46583567798706],[12.434604203887774,49.46593513683335],[12.434230252302934,49.466367511328805]]],[[[12.433839800462934,49.46637083962939],[12.433969846871692,49.46638073987729],[12.433885075553285,49.46634313141815],[12.433839800462934,49.46637083962939]]],[[[12.434834389094522,49.46580772835683],[12.434904786470073,49.465783951250515],[12.434878648190256,49.46578328920211],[12.434834389094522,49.46580772835683]]]]}},{"type":"Feature","properties":{"OBJECTID":99,"we_nr":"3615","lgbez":"PiÜbPl (L/W) Ingolstadt","typ":"9","plz":"85053","ort":"Ingolstadt","strasse":"Mailinger Spitz","nr":"1","bl":"BY"},"geometry":{"type":"MultiPolygon","coordinates":[[[[11.459388034270942,48.76285977619465],[11.478918479342225,48.760046606803755],[11.477986873391874,48.757669555751235],[11.474914761782216,48.7577241853184],[11.474748849237406,48.757502013337586],[11.475434703973804,48.75710957660992],[11.473941280864862,48.75622900023396],[11.473020183406692,48.75507331222396],[11.45928946482975,48.755604572346655],[11.458927409634203,48.755797462705814],[11.459105142211522,48.75823025587608],[11.458940806210052,48.75854047474763],[11.458506587551096,48.758783128006506],[11.459131466442603,48.76117911366203],[11.458973739346678,48.76125706668069],[11.459388034270942,48.76285977619465]]],[[[11.479052436117415,48.7609792344397],[11.45973926925888,48.76373677765377],[11.459836064527373,48.764080017840925],[11.459667418409161,48.76409342613125],[11.459753611760707,48.764464783545485],[11.45992288490296,48.764489239688515],[11.46745902160409,48.76307591833908],[11.47674397244944,48.76192726045769],[11.476616125116477,48.76210032419483],[11.477550912899579,48.76199231864579],[11.478432908490053,48.761362170418685],[11.479030165983204,48.761278015201434],[11.479052436117415,48.7609792344397]]],[[[11.453676787340527,48.76607216548282],[11.454289129343907,48.76584390974738],[11.458915988453702,48.7647080453134],[11.458866549672038,48.764534557715564],[11.456422413446647,48.765167649841565],[11.454102571717268,48.76580271993752],[11.453676787340527,48.76607216548282]]]]}},{"type":"Feature","properties":{"OBJECTID":100,"we_nr":"3620","lgbez":"PiÜbPl (W) Wackerstein","typ":"9","plz":"85104","ort":"Pförring","strasse":"Katzau","bl":"BY"},"geometry":{"type":"MultiPolygon","coordinates":[[[[11.67687224598306,48.7819279878837],[11.675444312753324,48.782633710196635],[11.676037913204956,48.782756497620504],[11.675728635828985,48.78321300582014],[11.674627693854287,48.78298692396265],[11.673234911701613,48.78362765221488],[11.672563750708342,48.783777376457365],[11.671843400665065,48.784321146923645],[11.673444773423359,48.784886353276676],[11.680463438299954,48.78582043907252],[11.680655004034314,48.78570792411003],[11.681111746152364,48.78580894835045],[11.681231227475058,48.78596865755043],[11.682082205137082,48.786226499519096],[11.682737753410732,48.78660846052446],[11.687043771131886,48.78834154250627],[11.689040163663385,48.78928824706149],[11.690714146347812,48.78874548742674],[11.692304034145213,48.788555380995064],[11.692630820584347,48.78842555944924],[11.692780653285574,48.788195145649134],[11.691574018229467,48.78656002787955],[11.691054959980123,48.785419608176326],[11.690786355625308,48.784542173330756],[11.69101939298307,48.78273178933994],[11.690509964673582,48.78224380318981],[11.68967460332447,48.781816690663554],[11.688154658355087,48.781355257330546],[11.686693850379202,48.78130971711946],[11.685408402529966,48.7817054340396],[11.683940363116045,48.78255534405505],[11.68328187106324,48.78278347173532],[11.681714178839862,48.78319300995249],[11.679744205760867,48.78334826745684],[11.678913963910547,48.783268971359455],[11.678341337324182,48.783039183800284],[11.67687224598306,48.7819279878837]]],[[[11.68391436317675,48.78938809876919],[11.688764026036576,48.7924825113099],[11.689281717948367,48.79212632723936],[11.688894068852079,48.79187314765658],[11.688050742141336,48.7917150462544],[11.688193789867187,48.790845183136135],[11.688575129196927,48.79015618059192],[11.688391529722498,48.78971726206887],[11.687987912173735,48.78963284069932],[11.687791264669798,48.78971138695127],[11.682624580057956,48.7874860782305],[11.681228208237412,48.78672161682772],[11.673344348062797,48.78568916804048],[11.671203532484721,48.785003943742716],[11.671041241947176,48.78600388128144],[11.670591450992767,48.78660776862983],[11.678038839533674,48.787652535175646],[11.681104026030807,48.78826159675393],[11.68391436317675,48.78938809876919]]],[[[11.685061676186427,48.792203046835375],[11.686719941048336,48.79336155132249],[11.687347719701574,48.79291575815009],[11.687602892446254,48.7930045449818],[11.683291748039762,48.79026472094098],[11.680774367677687,48.78918608876107],[11.67923317575522,48.788780904516884],[11.67055965961485,48.78756058190491],[11.67045127428254,48.78770652133327],[11.672535999054274,48.7884923913981],[11.674966767449886,48.78898866411344],[11.67446685409589,48.78921296768517],[11.674794185812425,48.789299837599174],[11.67495222821703,48.789337374848564],[11.674838276024904,48.78919435615054],[11.681006902877241,48.79032197589681],[11.682955107081936,48.791032289851586],[11.685061676186427,48.792203046835375]]],[[[11.66926857124394,48.78327841702892],[11.668684972634692,48.78316687893674],[11.668572385881788,48.78349293825183],[11.669519566822549,48.78385184183726],[11.671804597038038,48.78431089055309],[11.672517151501301,48.78376388227011],[11.673522368999317,48.78345174161111],[11.67053644984284,48.78277946092669],[11.670877982127395,48.78221677196057],[11.669291466605566,48.78189087246117],[11.668847461699928,48.78282679744518],[11.669405389153285,48.78293955918343],[11.66926857124394,48.78327841702892]]],[[[11.674819654847369,48.78181930282976],[11.670098179781974,48.78083515174359],[11.669784839325997,48.78113896478522],[11.673331803988159,48.7818976630175],[11.6728575465187,48.782104000311506],[11.67539902598491,48.78262441534435],[11.67670185982817,48.781993219046846],[11.6761552125198,48.78112275232207],[11.676075872415579,48.78058080234166],[11.67615702082849,48.78039159373634],[11.67555164795506,48.780320814578694],[11.674819654847369,48.78181930282976]]],[[[11.667067978173572,48.78253349996112],[11.66850879324452,48.7834516747257],[11.668626105135791,48.78315564686348],[11.66790989991922,48.782992744227904],[11.668283502957758,48.78272092060487],[11.668785781575881,48.78281131180516],[11.668966095911326,48.78242232187542],[11.66864432566472,48.78235456081656],[11.668816643197468,48.78214588113588],[11.668637491282036,48.782046113868255],[11.667067978173572,48.78253349996112]]]]}},{"type":"Feature","properties":{"OBJECTID":101,"we_nr":"3491","lgbez":"StOÜbPl Würzburg","typ":"9","plz":"97080","ort":"Würzburg","strasse":"Riedelkreuzweg","bl":"BY"},"geometry":{"type":"MultiPolygon","coordinates":[[[[9.90263729197779,49.81993291541808],[9.90253755023515,49.818524430207674],[9.902598510808657,49.81829666438066],[9.903050931131904,49.81809876815527],[9.903033662817196,49.81766392766582],[9.904220263645835,49.81705195279469],[9.905017438510527,49.81685558631944],[9.907559299760738,49.81627220189797],[9.90894493851026,49.816228063082335],[9.908658702921342,49.814000114058224],[9.9082917977216,49.814226054490355],[9.907710072998029,49.81505828922675],[9.907176236563968,49.81527815761105],[9.905793932360773,49.81519425732561],[9.903767042923675,49.81472833377891],[9.90209306652746,49.81486523081887],[9.90199007647675,49.81496308315948],[9.90207210523862,49.815980894824364],[9.90268215114815,49.81648595491846],[9.903102708228248,49.81732546555772],[9.902892637199045,49.81760053535606],[9.902312622867782,49.81773382893702],[9.902401308145876,49.81785657787516],[9.90235895168193,49.81934331545029],[9.900098878461671,49.81935179605188],[9.900017602488004,49.81960548834152],[9.899319598037431,49.82009912004595],[9.898673101188603,49.8201019310272],[9.8989437546006,49.818209972727786],[9.8956735096735,49.81888979004756],[9.895086537890384,49.8187590469922],[9.89187820305606,49.81937121298405],[9.891573189084447,49.818871306075714],[9.891632232653146,49.818551546330035],[9.891838454401384,49.81840370868005],[9.891542926639156,49.818011213110395],[9.89025433827967,49.818393311740785],[9.888232954616948,49.81870564031588],[9.885310564317413,49.81882640050292],[9.883429446298132,49.819110769495964],[9.882964542985684,49.81985752921781],[9.881845683214344,49.820987123502505],[9.882660301565243,49.82121379054993],[9.882515240714827,49.82143211249832],[9.883859565944432,49.821819965257454],[9.883717325804005,49.82204789126524],[9.885851371678084,49.8225363718914],[9.885693700277715,49.82259640095878],[9.887022725401419,49.823284840561634],[9.886756659685568,49.82357569045081],[9.8862277361378,49.823625787785446],[9.885713791099036,49.82435926100053],[9.885799970077528,49.82452563007756],[9.887700345281555,49.82490298136285],[9.890258952026961,49.82571300969097],[9.889926514286355,49.826447805570076],[9.891104332286472,49.826888661166294],[9.891262373792745,49.82720405260512],[9.895186687468172,49.82881251828918],[9.895149711912739,49.8276453168059],[9.896275477931999,49.82570909389764],[9.898452820806188,49.82275453892685],[9.906730823099947,49.82202276905259],[9.90704444113536,49.82022959577041],[9.905024925070105,49.82024547342257],[9.90263729197779,49.81993291541808]]],[[[9.899676786160736,49.81192004616289],[9.89986343182229,49.8120985773779],[9.90059017068386,49.81216965590043],[9.901695275451607,49.811762784625536],[9.900502116023093,49.810884931596874],[9.899676786160736,49.81192004616289]]],[[[9.906915998219386,49.81523989893662],[9.907639427687448,49.81502691191893],[9.908222110913421,49.81419386048935],[9.908537036895872,49.81396832798559],[9.90852404276529,49.81334106119724],[9.905911508356755,49.81256468681271],[9.905851584439068,49.81264574604211],[9.903373316724489,49.8125145217964],[9.901714315244059,49.811919771393754],[9.900593579790378,49.81219607301364],[9.8997589505682,49.8120934524302],[9.901871015565598,49.81470487715312],[9.902076306659211,49.81480860570151],[9.903776012601794,49.814672587828625],[9.905810299665257,49.815140252000816],[9.906915998219386,49.81523989893662]]]]}},{"type":"Feature","properties":{"OBJECTID":102,"we_nr":"3683","lgbez":"StOÜbPl Sauwald","typ":"9","plz":"86984","ort":"Prem","strasse":"Sauwald","nr":"18","bl":"BY"},"geometry":{"type":"MultiPolygon","coordinates":[[[[10.830755897067808,47.67423125255128],[10.828669209477182,47.673267727300264],[10.827499868878409,47.672198580361794],[10.826934472831784,47.671316952698945],[10.826568952834197,47.670138530614096],[10.825902605014207,47.66876009894868],[10.825148170194126,47.66778069253671],[10.823869845985072,47.66850566980416],[10.822995516617231,47.66919604806512],[10.821590803939271,47.66973242867869],[10.821491969495067,47.67059385887807],[10.82223268973573,47.672232259354395],[10.823008362525794,47.67180952977292],[10.823733464656918,47.673028496221235],[10.824057163586458,47.67298933622432],[10.824295256662655,47.67366256844925],[10.825453236268,47.67360122422588],[10.825702183687795,47.673798369900915],[10.826229054585161,47.673938631986324],[10.826412482481347,47.6741478872385],[10.826657453957687,47.674059223664756],[10.82669498107867,47.67433657832614],[10.827032430520251,47.67379824469052],[10.828683931966381,47.674157856822845],[10.830755897067808,47.67423125255128]]],[[[10.826430562873062,47.67418494139502],[10.826654048444423,47.67427460280004],[10.826687797251349,47.67423384384083],[10.826579340053836,47.674065596660945],[10.826430562873062,47.67418494139502]]],[[[10.828907033058783,47.67335976506488],[10.830787096455937,47.67418243478583],[10.83106448992749,47.674483673428334],[10.83173612523123,47.674785454714666],[10.831555865693039,47.67406605334389],[10.831400479606753,47.67379832090557],[10.831246485010837,47.67381391716027],[10.830916854505494,47.67277359671199],[10.83063769404775,47.6713019999273],[10.828814940470798,47.668788295781056],[10.828383017905722,47.668542873758085],[10.827871037482513,47.66788166298864],[10.826486288963414,47.66702190489881],[10.825191280344605,47.667756341440146],[10.82597835545056,47.66878930663456],[10.82662188336738,47.670128329785925],[10.826919401796243,47.67115999526315],[10.827369572738025,47.67191991500532],[10.828907033058783,47.67335976506488]]]]}},{"type":"Feature","properties":{"OBJECTID":103,"we_nr":"3759","lgbez":"StOÜbPl Murnau","typ":"9","plz":"82436","ort":"Eglfing","strasse":"Eglfinger Str.","bl":"BY"},"geometry":{"type":"MultiPolygon","coordinates":[[[[11.178896278677737,47.71287183986212],[11.1790804979897,47.712010986844916],[11.178819651485684,47.712882293445816],[11.175118220612065,47.71340110709787],[11.174873163795768,47.71419543969826],[11.173018270294591,47.71413458436061],[11.172500143598205,47.714227452412054],[11.172401598411534,47.71458942891916],[11.171732380474216,47.71456313896804],[11.171729619951336,47.7147180510613],[11.171422145494175,47.71468248050418],[11.171296093893476,47.715787960873676],[11.170955906386908,47.716691524363426],[11.170191667353802,47.718098463807586],[11.169854803613797,47.71824502937331],[11.169655529435978,47.71905890977586],[11.169722183531754,47.71960420197079],[11.169506857358098,47.72141224031255],[11.169184288509204,47.72228882979552],[11.174018579397897,47.72282160429355],[11.174784235972524,47.7231693591247],[11.175795827017478,47.723853656879044],[11.176629357600074,47.725042166342575],[11.177608296681058,47.72541527957991],[11.177863344559942,47.72523776097812],[11.179219913826886,47.72340758129886],[11.180007353648865,47.722135654668534],[11.18047448388485,47.72104329791499],[11.181127132396737,47.720498284274406],[11.182566191261293,47.72106263537028],[11.183144627252588,47.721014104979446],[11.185941557042916,47.71935933023576],[11.186442709173713,47.71922344312311],[11.18650840746201,47.719053653688164],[11.186913765945812,47.71898347818836],[11.18714004707434,47.71907895446006],[11.187423013693952,47.71881179934875],[11.188195931351018,47.7185173015079],[11.188557760171097,47.71856996685246],[11.189332655918438,47.71723486622978],[11.18936809894799,47.715420862557465],[11.189002568170606,47.71403517939963],[11.187152426757274,47.71317091790795],[11.186346796050804,47.71298462663647],[11.184180119772318,47.71204455611902],[11.182756768848844,47.71205482430633],[11.182775881404826,47.712196363458794],[11.181430404535043,47.71230600379923],[11.178959933298772,47.712863611781124],[11.179210048528425,47.71209949827184],[11.179349978201953,47.7119861607517],[11.179168567023552,47.71201597285482],[11.178896278677737,47.71287183986212]]],[[[11.177956540279096,47.71501669301131],[11.17851550798156,47.71522860422335],[11.178861783370825,47.715414229886996],[11.180030881424447,47.71549477561612],[11.178910489127224,47.71545352666405],[11.177882772424605,47.71503186111351],[11.174841596996693,47.714833563939024],[11.177730039063348,47.7149854501882],[11.177956540279096,47.71501669301131]]],[[[11.192024971504038,47.705902303436964],[11.192849005097415,47.705880353106814],[11.192981971030841,47.70619492788151],[11.193451243748807,47.706422159222214],[11.195504093599295,47.70683135593941],[11.196345859936415,47.70754265989132],[11.197122652925623,47.707792511916516],[11.20034523683698,47.708162292867705],[11.200542463754248,47.70830284096671],[11.200551615790378,47.70790602176802],[11.200272652961996,47.708050037274305],[11.199076789604483,47.70799873529051],[11.197347451833942,47.70775203242499],[11.196457989446827,47.70747635515949],[11.196053347818609,47.707155126589974],[11.195438399802581,47.70600387354118],[11.194725282993968,47.705460078458046],[11.194668822980022,47.705020333696815],[11.192546325847228,47.70478575916283],[11.191050189826152,47.7042730138367],[11.189028111765742,47.704416993437164],[11.189018656099059,47.70429308778546],[11.187056351039324,47.70448304211487],[11.18684234179588,47.706240254295096],[11.18646910976158,47.70752197303198],[11.188486406089773,47.70789742053967],[11.190663554927822,47.70812607708349],[11.190402754237859,47.70853229001662],[11.192044510759773,47.70891601577275],[11.192212556803357,47.70870152497667],[11.191085197172779,47.70800062309607],[11.192024971504038,47.705902303436964]]]]}},{"type":"Feature","properties":{"OBJECTID":104,"we_nr":"2582","lgbez":"StOÜbPl Dillingen","typ":"9","plz":"89407","ort":"Dillingen a.d.Donau","strasse":"Dillingen-Steinheim","bl":"BY"},"geometry":{"type":"Polygon","coordinates":[[[10.51782297618746,48.57165625052043],[10.5269147057034,48.57562033359929],[10.527275426002392,48.57549715255496],[10.529973732452602,48.576612988239276],[10.530285516128208,48.57664276177067],[10.530730622368386,48.57700633799635],[10.530959811343486,48.57703963690051],[10.530834751482882,48.57712316964316],[10.531222350273532,48.57747230372764],[10.533523074955346,48.5786609092698],[10.535475074542145,48.579358313434035],[10.536958746438623,48.58010305295004],[10.539126253658758,48.58075865250761],[10.539813652599099,48.58142205246781],[10.54035937643932,48.58284846197409],[10.540836928030968,48.583356231329525],[10.541199371298694,48.582473034588546],[10.541326773965562,48.58171317878352],[10.542057668433637,48.58142944240145],[10.542333747669968,48.58155457666364],[10.543363646380405,48.58000279256969],[10.544012206659433,48.58027551212994],[10.544683457484213,48.580300425116675],[10.546068664144098,48.58094560598381],[10.548242108329916,48.580827239794736],[10.548217316624717,48.580379628364454],[10.549481257009441,48.579717741492665],[10.550075446755871,48.578960948963235],[10.5491681429289,48.57874932402053],[10.547890787103722,48.57865602695144],[10.545546187805098,48.57888104576681],[10.54450312608079,48.57858744741605],[10.541560771622391,48.57663861802362],[10.538975190265607,48.57422476405396],[10.53835403129768,48.57387310879439],[10.538837318632398,48.57254116799835],[10.538782295922939,48.571987887682305],[10.53839557568465,48.5715607648536],[10.537384669155951,48.570841399661276],[10.536026547600189,48.57021374639383],[10.535947655755285,48.569372618847055],[10.535470772510244,48.568343641546775],[10.53467076076585,48.567660034723936],[10.533957837095047,48.56737660407274],[10.53266399898102,48.56710873224452],[10.529402429982992,48.56701464090269],[10.52858020469827,48.56752433779283],[10.526235970115636,48.56844521379102],[10.524684545483762,48.56933008343997],[10.52362383186412,48.569516593536875],[10.52473170074797,48.56938802757279],[10.524961583222497,48.569278911556715],[10.525234582135681,48.56958469081639],[10.523341805780635,48.57017339498889],[10.52281061668172,48.570528144340756],[10.520205224777975,48.571568228151335],[10.51782297618746,48.57165625052043]]]}},{"type":"Feature","properties":{"OBJECTID":105,"we_nr":"3697","lgbez":"StOÜbPl Füssen","typ":"9","plz":"87629","ort":"Füssen","strasse":"Niederried","nr":"1 - 5","bl":"BY"},"geometry":{"type":"MultiPolygon","coordinates":[[[[10.63111882951812,47.582346483588054],[10.633393766263055,47.58416691595125],[10.63453070373122,47.582606450808505],[10.63534467529511,47.58184421830748],[10.635612314859308,47.58164990974746],[10.636528492244675,47.58146686327283],[10.636967142292914,47.581105984463235],[10.637130060752865,47.581217126162116],[10.63737030888743,47.581172484331276],[10.638278873050762,47.5819903093368],[10.638576590905615,47.58209106389438],[10.638845691130495,47.5819949872291],[10.640257140274757,47.58336196579243],[10.640741563978304,47.58420212349396],[10.642331652998353,47.586182624458566],[10.643419314279894,47.585944068078966],[10.644700766422739,47.58590985962401],[10.644468539345356,47.58557845834084],[10.646448284298009,47.58578769322599],[10.647022851245406,47.58447812675888],[10.651119223738784,47.58547398600165],[10.652158812576213,47.58554791475701],[10.652491138027415,47.585280470110085],[10.652626127865167,47.58498887374483],[10.653000371402468,47.584946227363815],[10.653797197720852,47.58539058563159],[10.65191714061191,47.58312170964464],[10.651718354219282,47.582564976188415],[10.65191071855596,47.58208503172686],[10.652774514278772,47.581350661798965],[10.652958532368116,47.58098619250371],[10.652959237545604,47.578562971926246],[10.652287580682302,47.578289388693904],[10.650540211927382,47.57795957473754],[10.649696170157648,47.57721839186088],[10.649444980542933,47.57632542648983],[10.647861907365282,47.57633414879378],[10.644871753550586,47.576561721450496],[10.64435111516465,47.576696512485555],[10.64412083114322,47.576616851131824],[10.641536627802116,47.57675942191989],[10.640396336923018,47.57665264430632],[10.6398606301965,47.57642455390706],[10.639277120520465,47.5765137001856],[10.638402268333145,47.578329168119716],[10.638683731172947,47.578391193276424],[10.638591565821397,47.57858264156677],[10.63830997272588,47.578520708140545],[10.63733371331937,47.58072399760846],[10.636063414659091,47.58040379683705],[10.6363948606596,47.57979079078755],[10.63604638080466,47.579601132715226],[10.634410836132941,47.57909374300179],[10.633310046871848,47.579082342127634],[10.632866133594348,47.579778824088976],[10.632097904244734,47.5804512158433],[10.63191661254228,47.58075397501155],[10.63190211553022,47.58107478626196],[10.631532822608426,47.58167437006748],[10.631065088704556,47.581652679538266],[10.631001673035382,47.58203429362682],[10.63111882951812,47.582346483588054]]],[[[10.635647693210135,47.58162439021737],[10.636724049193838,47.58093992893564],[10.636947845582295,47.581092763132425],[10.636510557380022,47.5814503826235],[10.635647693210135,47.58162439021737]]]]}},{"type":"Feature","properties":{"OBJECTID":106,"we_nr":"3484","lgbez":"StOÜbPl Volkach","typ":"9","plz":"97353","ort":"Wiesentheid","strasse":"Untere Au","nr":"1","bl":"BY"},"geometry":{"type":"Polygon","coordinates":[[[10.28607380162919,49.8239273512822],[10.28390936574903,49.82280956271866],[10.28211566279005,49.82218054261443],[10.279303095127247,49.820402609446326],[10.278778444865273,49.82073041017145],[10.279382876304277,49.82096596618035],[10.280239294163657,49.82156230179978],[10.276756269786809,49.82423482530784],[10.275198512930494,49.82343534774475],[10.27499008312329,49.823191185899226],[10.274598799443345,49.82344851092163],[10.275002642469278,49.82353149744524],[10.276629119546525,49.824332379366595],[10.27544657730634,49.82523956265313],[10.27606173103657,49.825786054796694],[10.276135652503,49.82768662945082],[10.277039666699398,49.82939573760654],[10.281156756139874,49.82951166324105],[10.282627588416037,49.829347701637836],[10.28493074214237,49.829582225955185],[10.285440345623329,49.82863752852288],[10.286446746202586,49.82753611405266],[10.287124992208499,49.82783449320883],[10.286996195356304,49.82830445763939],[10.28932700012543,49.82895774082325],[10.289545338350187,49.8277824021451],[10.290352389293137,49.82789367891802],[10.290286503256945,49.82807214772561],[10.290734987162578,49.82822087316054],[10.290431764431645,49.82688961560681],[10.28953025024667,49.826179534473546],[10.289550566545163,49.825045345829146],[10.28607380162919,49.8239273512822]]]}},{"type":"Feature","properties":{"OBJECTID":107,"we_nr":"3768","lgbez":"StOÜbPl Kirchholz","typ":"9","plz":"83457","ort":"Bayerisch Gmain","strasse":"Feuerwehrheimstr.","bl":"BY"},"geometry":{"type":"MultiPolygon","coordinates":[[[[12.905847216530711,47.73931764177515],[12.906023856756628,47.739246373531444],[12.905851958737124,47.73934888873402],[12.905278022407055,47.73945241623955],[12.904497120523718,47.73951628555587],[12.903178647909687,47.73944600894477],[12.904120723724677,47.73967445395002],[12.905015359509509,47.74034710752967],[12.906605011050008,47.74067621622801],[12.908131815554894,47.741187282206845],[12.909998859668612,47.740931605464056],[12.910080534494258,47.74115605870301],[12.911135691135554,47.74122102418178],[12.911497908027844,47.740541430433076],[12.911752600173845,47.740504027729976],[12.913896716162288,47.74120891863536],[12.914228483759693,47.740813753367696],[12.914134690660868,47.74044410384845],[12.913531283301289,47.739842121577],[12.91302923824511,47.73909727052905],[12.912910171045745,47.73825555420514],[12.912780233333168,47.73820941347585],[12.912904771272592,47.7381355942652],[12.912762476334938,47.73761541627687],[12.912378885827072,47.73717934359558],[12.911356271555267,47.73648177727223],[12.910819366476186,47.73581910284203],[12.910705947883338,47.734847507131214],[12.910918173970943,47.73389557580545],[12.910886554171238,47.73326758290237],[12.910445539757173,47.73237988443338],[12.909806286922809,47.73165194119541],[12.90883240266189,47.73093694041742],[12.907575106217033,47.730546222817274],[12.9072015022802,47.73074426442213],[12.906089679012458,47.730977731802206],[12.905572761448465,47.73074237321093],[12.905335437330152,47.73048560409781],[12.90527197764352,47.72998189953771],[12.905851138575239,47.729755347966275],[12.904854060712026,47.72952753255831],[12.904183911221788,47.729946350277515],[12.903860270682758,47.729977986546224],[12.903765753541805,47.730274593002534],[12.903438345468482,47.7306177422416],[12.901901274118199,47.72965151900256],[12.90061069149879,47.72909995603577],[12.898997575963103,47.72846233825447],[12.897779599676538,47.728517454642194],[12.896875759753277,47.727890686360986],[12.896499108731021,47.72870175921353],[12.8966838284046,47.72870681673986],[12.896630521477299,47.72883066434931],[12.896904738506047,47.72918735201252],[12.897640394943435,47.729849809931785],[12.896413172297645,47.7305708358401],[12.895333292223095,47.73157014737185],[12.895132454976693,47.731519107206815],[12.894811619876299,47.73167067654464],[12.89398258715834,47.73238561045393],[12.895737950919326,47.733392666110525],[12.896872654277342,47.73384438022726],[12.898309996461379,47.73474665662854],[12.899313727247598,47.73587426219361],[12.899231925759494,47.73636815325444],[12.89997444891893,47.73703675222056],[12.90104415108133,47.7376683800915],[12.903172459415682,47.73942390359051],[12.90527474445458,47.739430029368066],[12.905847216530711,47.73931764177515]]],[[[12.903995583913998,47.738086870145715],[12.904022976241961,47.73772037360365],[12.9046684687743,47.737647981888315],[12.905081188951884,47.73775415226148],[12.905205515787221,47.73798912393048],[12.904926460432373,47.738221284107446],[12.903995583913998,47.738086870145715]]],[[[12.903481893098514,47.731071278578675],[12.903666148343092,47.730720676844484],[12.904327521293022,47.73087048599829],[12.903895607711084,47.7312021675315],[12.903481893098514,47.731071278578675]]]]}},{"type":"Feature","properties":{"OBJECTID":108,"we_nr":"3742","lgbez":"StOÜbPl Garmisch-Partenkirchen","typ":"9","plz":"82467","ort":"Garmisch-Partenkirchen","strasse":"Am Esel","bl":"BY"},"geometry":{"type":"MultiPolygon","coordinates":[[[[11.0567729846794,47.48604042450796],[11.05600678282737,47.4855550865573],[11.0502949025847,47.482874624418365],[11.05014758426798,47.48299438389784],[11.04984143213088,47.48293804352827],[11.049456321673588,47.48249703981451],[11.047789367407955,47.48167018285738],[11.048074901412638,47.4812641987332],[11.047532864258306,47.48103029347258],[11.045832108185184,47.48219609209602],[11.043355563439306,47.48282912961054],[11.041152818005523,47.48391454087531],[11.039801231693481,47.48416194438097],[11.03914825529652,47.484065940677176],[11.03863281905441,47.48414862695164],[11.037708048385042,47.48583851905513],[11.03873917329585,47.4862480615767],[11.038898768887568,47.48657114820362],[11.039141063384326,47.48672944064561],[11.039300482906247,47.48710957961321],[11.0393336451133,47.48773285446781],[11.039535001585927,47.488119356350175],[11.040023420097565,47.488297833283454],[11.040956544200743,47.48834187134469],[11.040966557721223,47.48971009226954],[11.041417623385014,47.490325204829205],[11.041723038903562,47.49113151776256],[11.042072466481143,47.49139497743587],[11.04258735115767,47.4913614180254],[11.043967343097336,47.491670391656896],[11.045707253140453,47.491366968974795],[11.04620005453233,47.49164666383328],[11.047127927084375,47.491874945434816],[11.048202642744377,47.49246152400392],[11.049883936816881,47.4926883756663],[11.051934360317775,47.49364143159172],[11.054604768688522,47.4937403621835],[11.055133758711642,47.493540560944936],[11.05535559856942,47.49327139801266],[11.056293491828455,47.49302358582409],[11.05703961543556,47.49233963132378],[11.058023518606806,47.4916221578379],[11.058572941709373,47.491422873588526],[11.059041458045883,47.49093375885785],[11.059631101418667,47.49064295268955],[11.059966731771826,47.49031553402729],[11.059560357293407,47.490080884207416],[11.058790846946197,47.48996581363928],[11.058595416659491,47.489735282045224],[11.058637370678207,47.489549310948476],[11.057001647241732,47.48947807418826],[11.057224150056168,47.48908723544031],[11.057585400361216,47.48879540956915],[11.058512369208081,47.48893947888162],[11.059361634681173,47.488913048580045],[11.059094184661491,47.488742469894774],[11.05906568201585,47.488552512589614],[11.058418479091204,47.488349860436436],[11.058238223146269,47.48815048667734],[11.057578936982765,47.48688801063698],[11.0567729846794,47.48604042450796]]],[[[11.049039855521276,47.491434231624375],[11.046257045450593,47.490639706447205],[11.04592290630085,47.49039425340492],[11.044095585688988,47.48985752069588],[11.044151894785955,47.48960149954135],[11.043690519157641,47.48936451801824],[11.043467302182547,47.489058769876884],[11.043749662439318,47.48857942565748],[11.048063963525712,47.48975626886198],[11.048950840561446,47.490327119929425],[11.049898571271166,47.490578149812315],[11.050206872178423,47.4907732119427],[11.049039855521276,47.491434231624375]]],[[[11.05842222865919,47.4888913208603],[11.058471894714653,47.48892324714153],[11.05840695101115,47.488913475922935],[11.05842222865919,47.4888913208603]]],[[[11.060201511861228,47.48789590072601],[11.05739106512084,47.48609533618814],[11.05929128132308,47.488294422391526],[11.059365634879146,47.48839592531769],[11.059250911932512,47.488535755652876],[11.059465795236699,47.4886414150152],[11.059451482379277,47.4887943703466],[11.059924758888473,47.48865295333174],[11.059900496290963,47.488125193553486],[11.060201511861228,47.48789590072601]]]]}},{"type":"Feature","properties":{"OBJECTID":109,"we_nr":"3264","lgbez":"StOÜbPl Bogen 1","typ":"9","plz":"94327","ort":"Bogen","strasse":"Bayerwaldstr.","nr":"36","bl":"BY"},"geometry":{"type":"MultiPolygon","coordinates":[[[[12.71030858849789,48.906948044869566],[12.713781183434303,48.90633838396456],[12.71478266843231,48.906528924720575],[12.714872452350054,48.90672372485267],[12.71639114147463,48.90638782571802],[12.716682420205553,48.90701343813884],[12.716715202425235,48.90759268254002],[12.715429566828073,48.90870458007982],[12.713649905435323,48.90936248307512],[12.71200851991761,48.9103171204661],[12.710750662025701,48.91076359646558],[12.709444058851485,48.91105536394531],[12.709065514180615,48.91138943453978],[12.709626057528089,48.91107833284617],[12.709779005586686,48.91116923831975],[12.709765588349605,48.911365743727714],[12.710128845491,48.91142080992627],[12.710876540251526,48.91121639458711],[12.711343152159623,48.911324996354786],[12.711681885293721,48.91108624242539],[12.712423120269053,48.911738845407505],[12.71309375305293,48.91166053699484],[12.71326955425239,48.91154787877056],[12.712847122388284,48.91140924644287],[12.712788391433309,48.911221185073835],[12.7131861600513,48.91101462753687],[12.713497835929056,48.91108835251221],[12.714139613927662,48.9107796211826],[12.71444287259121,48.9108116829997],[12.714667803551869,48.9106051155041],[12.71418651586699,48.910372373798765],[12.714085530856002,48.91008408516575],[12.715163855946775,48.90982128718904],[12.715455823685504,48.90989807285655],[12.715605496486617,48.91040623839063],[12.716249577765616,48.91068024270294],[12.716702449941437,48.91059274238661],[12.717040823749464,48.9107759158141],[12.717606629427868,48.91049229253828],[12.718184525531676,48.910562540206115],[12.718755836086158,48.91098132364741],[12.71938242806493,48.910968288193594],[12.719702904737515,48.91109417266731],[12.719728515706269,48.911255045547975],[12.7194281002106,48.91132008779874],[12.71972930802034,48.91159992608821],[12.721075078639242,48.91142165773388],[12.720958704589108,48.91073056635597],[12.721394066803438,48.90877402846184],[12.721182198245309,48.908124085038665],[12.718640020788154,48.90649651355908],[12.717690337141011,48.90641892436992],[12.717237730866499,48.90618418985722],[12.7171962358869,48.90604821447318],[12.717674342637356,48.905900416520154],[12.71776938708937,48.905761293791215],[12.716779083421704,48.904978458833334],[12.714983690731682,48.90284313397202],[12.714604761581853,48.902539334928335],[12.713638705240344,48.9026299695452],[12.71130918326544,48.90215679619679],[12.708669585312347,48.90130024459492],[12.704957108753982,48.901040458713695],[12.704897810962072,48.90119083860447],[12.704250280152353,48.90118674278421],[12.704213972045194,48.900969070949195],[12.702409842340701,48.9008523382412],[12.702194586235686,48.9008816640543],[12.701452345147239,48.901495992213846],[12.699629355313348,48.90212884169421],[12.697999579622392,48.9035614360846],[12.698130020391542,48.90449739119426],[12.69920061907258,48.905497184093065],[12.699598932967941,48.90617312055556],[12.699584880621943,48.90638188279056],[12.699951816364422,48.906718149816015],[12.702338085814112,48.90723553146903],[12.70454595793323,48.90855090399511],[12.705522657514216,48.90882533591316],[12.705559174928828,48.90925581067],[12.703867470280496,48.90951125029165],[12.70404660512795,48.90983076510708],[12.70425887882627,48.90959668958557],[12.705754075209548,48.909322416594094],[12.705795384237879,48.907812312941],[12.706472379788933,48.906935632467295],[12.709457852482686,48.90640144632648],[12.709582553017182,48.90612490674202],[12.710328832931149,48.90618065479005],[12.710427497593766,48.90637968629853],[12.71030858849789,48.906948044869566]]],[[[12.718925654505815,48.91112818200808],[12.719205140153674,48.911209499922265],[12.719620062102011,48.91115506757875],[12.719293721227238,48.91102559303642],[12.718925654505815,48.91112818200808]]]]}},{"type":"Feature","properties":{"OBJECTID":110,"we_nr":"3687","lgbez":"StOÜbPl Guselried","typ":"9","plz":"82380","ort":"Peißenberg","strasse":"Guselried","nr":"1","bl":"BY"},"geometry":{"type":"MultiPolygon","coordinates":[[[[11.047163761779396,47.82193897520937],[11.04766937224892,47.82191978620954],[11.050687486126844,47.822159675942615],[11.04855254014084,47.822097210903166],[11.049480237521385,47.82244848537454],[11.050252414966677,47.822551845718564],[11.051554864331013,47.82260388167443],[11.052901314974582,47.82233856428245],[11.053218328641757,47.82214123433924],[11.052710738285361,47.82191033827545],[11.052364280538088,47.821496506941145],[11.05271675609945,47.82126345228069],[11.053003092299642,47.820268186533696],[11.053476215196936,47.81971380978066],[11.054739396505244,47.81868818725878],[11.054564866421911,47.818426230203244],[11.054586958689697,47.817987450169454],[11.055035809108013,47.81737753400832],[11.054016305702023,47.817190092447845],[11.05337211033696,47.81739309996929],[11.053100948478507,47.81740074149416],[11.052838054713941,47.81760448169828],[11.052262851759366,47.817738043603484],[11.052206916361557,47.81787122514323],[11.05258187226289,47.818395222552766],[11.052472790736228,47.818674763045884],[11.05254553900288,47.818398751894456],[11.052172900754993,47.81787930151158],[11.05220062186636,47.817745454651075],[11.052859738248282,47.81756828110157],[11.053061506149344,47.81738300154889],[11.054127448862257,47.81715607038415],[11.054980628295032,47.81729277137256],[11.055209860389262,47.81762402275941],[11.056430862201717,47.81777823914415],[11.056841173097686,47.817948326692054],[11.058089030943872,47.81802124186629],[11.058172567977099,47.81790735796934],[11.057546948873783,47.817471554633755],[11.057833805198563,47.8172222041016],[11.057766515993873,47.81700358881999],[11.057495744004292,47.8167404825713],[11.056750889716655,47.81652213610941],[11.056069500505563,47.81664547314516],[11.055757446437099,47.81646660379436],[11.055382883099531,47.816629699451106],[11.054938659903266,47.81651726205162],[11.053658672014324,47.81657706876008],[11.05309799751281,47.81681106316466],[11.052950070138323,47.81700311830888],[11.052443324198265,47.81699562692715],[11.051951649293748,47.817221362614156],[11.051387991487172,47.8172884879356],[11.050557391209075,47.81762978283185],[11.04938782064158,47.81863209206158],[11.049090866354694,47.81927094675776],[11.048889370643186,47.8194025862272],[11.048509178462073,47.81948144862793],[11.048477677239985,47.819763918985224],[11.047881111449634,47.82024165498879],[11.04743312161737,47.82049916409231],[11.047284031822908,47.82073379345735],[11.046861520907058,47.82091913162377],[11.04661082087416,47.821202991705015],[11.046404008034465,47.821342460837506],[11.046168527259125,47.82144941705698],[11.045848483574476,47.82184554774222],[11.045456842365086,47.82189203108873],[11.04521640917755,47.82209067385277],[11.04496283812903,47.82217941433182],[11.045442876257344,47.82187662329891],[11.045826784768783,47.82183396761267],[11.046147513867986,47.82143827413569],[11.048428639106927,47.81976713397336],[11.048487491334477,47.8194565513282],[11.048725685920314,47.81941549693605],[11.048538285673894,47.81935198688193],[11.048291001934025,47.81947103635137],[11.046866624236168,47.81903080420733],[11.046526783479315,47.818654449077606],[11.045933786695564,47.81843116500533],[11.045781636340923,47.818220804249165],[11.044940046971933,47.818004825570775],[11.044002743007725,47.818110335542066],[11.043072816008618,47.81795458377216],[11.042194192693714,47.81814271625983],[11.041759662319366,47.818099880162826],[11.041501192757604,47.81785217398129],[11.04132659080907,47.81677578615083],[11.04058630804793,47.81586800450852],[11.040368442336979,47.815940083508956],[11.040765618965182,47.81675148172758],[11.040684950252652,47.817317722792914],[11.040595419659855,47.81734100027849],[11.040656055043211,47.81664878303247],[11.040299122041448,47.81596768074906],[11.038803506144927,47.816402413916215],[11.038326525881832,47.81656466405392],[11.038959740240841,47.81777183727226],[11.038791818164757,47.81783339847916],[11.038983947142794,47.81828069585691],[11.039686353338281,47.8186853612677],[11.040118969402782,47.819139449308494],[11.040461497020654,47.81854254868966],[11.040470310391914,47.81800053073161],[11.040544811271703,47.817696062526274],[11.040756309723893,47.81729098947247],[11.040502843778231,47.81800571107969],[11.040492191555616,47.81856215876588],[11.040145686197627,47.819176856404376],[11.04072140029365,47.81991390550887],[11.040742508007853,47.820101318537155],[11.040606635126185,47.82058180011719],[11.040162703882377,47.821196070322316],[11.040591817415562,47.820541212268495],[11.040671916596198,47.819878523236156],[11.039750701458741,47.81876259008889],[11.039003802605544,47.81837491209434],[11.0387566554096,47.81784635059652],[11.03790123917175,47.818160100054044],[11.037813805246811,47.81853048164281],[11.037060159147513,47.81908968332244],[11.037291981084707,47.81967412844855],[11.037938378220554,47.819873114467434],[11.03882481328515,47.82065756220709],[11.038819156593794,47.82119529464485],[11.03855388139542,47.821817722011595],[11.037625115019662,47.82247784579847],[11.037068826093378,47.82327109027756],[11.035235997910506,47.824549386922136],[11.035085467218332,47.82476593909141],[11.035141161867653,47.82512757166686],[11.035031224246524,47.82535717118271],[11.035283305888324,47.8253354243976],[11.035407402754974,47.82553621858366],[11.036152004615959,47.82563440465247],[11.036455153685061,47.82551088089409],[11.03724541152207,47.825925429899314],[11.038586842379825,47.82598843796064],[11.03905736734931,47.82628673052575],[11.039684069820826,47.8263559453641],[11.04036727183216,47.827147052896485],[11.040677735882628,47.826985236893655],[11.041703663141197,47.82727822911586],[11.0445757693444,47.827362243286636],[11.044144362412291,47.8266491878095],[11.044158275519406,47.826261844933306],[11.045347252391968,47.82620547686915],[11.045856007863298,47.82573498913556],[11.046229246185813,47.82564114390462],[11.04882221079591,47.82543489308231],[11.049617784862775,47.82379708265822],[11.049638588048127,47.82342626215772],[11.050082944195061,47.82299136825561],[11.04941282884078,47.8227249388207],[11.048951030105968,47.82272364747033],[11.047858554752846,47.823420610691244],[11.047311546321742,47.82365127265304],[11.048931312085509,47.8227114927318],[11.048599136652955,47.822541061911124],[11.0494200647704,47.82246080785202],[11.048328195780055,47.822055955937195],[11.047302164316923,47.821948833288374],[11.046429511205398,47.822290127707284],[11.044691909832554,47.822754806942726],[11.043273052282128,47.822504380422664],[11.041824274544506,47.82185531596771],[11.040474992411152,47.82163034111559],[11.041739383750151,47.82177908395165],[11.043307736235233,47.82247577878369],[11.044668669517844,47.8226971835272],[11.046384333133133,47.82227266748851],[11.047163761779396,47.82193897520937]]],[[[11.040173987620653,47.822213366153115],[11.04040528404341,47.82244572171322],[11.039935928680446,47.8232367145326],[11.039791666432318,47.82373192053227],[11.040068670035064,47.82414171474554],[11.040458973653006,47.824258228508164],[11.042182283727993,47.824210296739246],[11.043122268265039,47.824367585827225],[11.042070243150825,47.82422542760043],[11.040289563068502,47.82426187023753],[11.039936204463254,47.82407208561501],[11.039785287495494,47.823777113881235],[11.039733562501416,47.824069838928814],[11.040152728989472,47.824472787332674],[11.04020878925311,47.82458039692833],[11.040124202089308,47.82478804497689],[11.039863005242292,47.82478504018859],[11.040111501707809,47.82477081478733],[11.040174469117664,47.82456040131177],[11.03974219531129,47.82413330159496],[11.039696352485707,47.82397269212354],[11.038449509735809,47.82375810951886],[11.037936410011747,47.82420416707162],[11.037453151423136,47.82441952225537],[11.037090860868982,47.82447580359855],[11.036913399582888,47.82441371770125],[11.036922936996273,47.82426139195147],[11.03735278714801,47.82406741250759],[11.037082308907483,47.823823778852706],[11.035708011388417,47.82447325958548],[11.03536421714597,47.82450374249957],[11.035696433002725,47.82445393883326],[11.037008300304468,47.82381042593205],[11.03719145870609,47.82381671246267],[11.037388937151677,47.824045445036845],[11.03734239364016,47.824119335363896],[11.036949925082375,47.82426478217335],[11.037025256005485,47.824448444293246],[11.037736078516845,47.82428141783991],[11.038426988971638,47.823735744447234],[11.039704448103052,47.82395086273151],[11.039896489944537,47.82324290402605],[11.040362895240099,47.822431179013876],[11.040173987620653,47.822213366153115]]],[[[11.034597795206716,47.81586600539582],[11.034681621497477,47.81585057229148],[11.034967792407668,47.81559823157754],[11.034851085082579,47.815599491133625],[11.034597795206716,47.81586600539582]]],[[[11.034613952305413,47.81588290495351],[11.0345427698023,47.81618767032507],[11.037643565517284,47.8162223614004],[11.03720005558338,47.81580615865816],[11.035640399688535,47.815881436685885],[11.035186370482652,47.81551346302085],[11.034613952305413,47.81588290495351]]],[[[11.035217731567524,47.81550579829522],[11.035652252060405,47.815859991166754],[11.037163348624212,47.81577621716644],[11.03768846331522,47.816222643711264],[11.038242720252336,47.816225757576305],[11.037971816210352,47.81539357200818],[11.037107074561565,47.81563198803202],[11.035217731567524,47.81550579829522]]],[[[11.05483214306675,47.81767361763185],[11.055039727559253,47.81767646901286],[11.055277944602983,47.81768030061235],[11.05504391011524,47.817420309776644],[11.05483214306675,47.81767361763185]]],[[[11.057583172539314,47.81740782926689],[11.057631379730724,47.817491815982024],[11.057923998748052,47.817665359664815],[11.05784757547357,47.81724274242359],[11.057583172539314,47.81740782926689]]],[[[11.05477199906184,47.81869507218061],[11.053512755069443,47.81973583095856],[11.052988105705765,47.820480987900936],[11.05340505964327,47.82018253108168],[11.05504552528612,47.820483121948016],[11.055188375382611,47.81998648134557],[11.055916058373564,47.81882187787339],[11.055971993771369,47.81812064856245],[11.056852407428622,47.81800274329768],[11.058077420218817,47.81804520488312],[11.054825206276131,47.81770433496547],[11.054617965838382,47.818021627919116],[11.054598799383475,47.818422833568015],[11.05477199906184,47.81869507218061]]],[[[11.052761935070015,47.82123349041239],[11.053549488079726,47.820602584412995],[11.053696085049276,47.8202817900826],[11.053370786220238,47.82020779899025],[11.053031186211873,47.82047913734787],[11.052761935070015,47.82123349041239]]],[[[11.053091189181274,47.82360577882948],[11.054219457906912,47.82253776627199],[11.053292939116027,47.822125772338985],[11.052323198783519,47.82253507439091],[11.05148601744762,47.822626617570265],[11.050647759930031,47.82251796770354],[11.05150716558606,47.82319365525198],[11.053091189181274,47.82360577882948]]]]}},{"type":"Feature","properties":{"OBJECTID":111,"we_nr":"3280","lgbez":"StOÜbPl Regen","typ":"9","plz":"94209","ort":"Regen","strasse":"Bodenmaiser Str.","bl":"BY"},"geometry":{"type":"MultiPolygon","coordinates":[[[[13.147157949380057,48.98537250358308],[13.14804518214864,48.98626213104723],[13.148347939552245,48.98688079065728],[13.148357150877183,48.98745854865963],[13.148228705266252,48.98764702263022],[13.147574692213476,48.9878492051068],[13.148036467592064,48.98798591627819],[13.14848397413069,48.98828314037613],[13.149321428554439,48.98859475138871],[13.14944031519242,48.98868918644332],[13.148503553810627,48.98831798078354],[13.148106652965232,48.98805052080339],[13.14752198895406,48.987855062884705],[13.146760904804193,48.98792071274666],[13.145887275223958,48.987818440119334],[13.14500354229173,48.98805857322568],[13.143596168803901,48.988039473184415],[13.142667526395675,48.98847171026103],[13.142072475164863,48.98849842096432],[13.141634499751376,48.98843084189049],[13.142617681575487,48.988462614518156],[13.143554375583632,48.98803017811519],[13.145001292011933,48.98803642670327],[13.145903524849155,48.987803366807086],[13.146718878920277,48.98790368825026],[13.147516355618894,48.987830068436786],[13.148162703347369,48.98765902885324],[13.148315266028746,48.987474455623584],[13.148327041145501,48.9869073701648],[13.148025386873034,48.986285521045566],[13.147124976717556,48.98539528797181],[13.145556188549552,48.98514238415109],[13.144456492538128,48.98478699975851],[13.143935403197947,48.984788381611786],[13.142798790021633,48.984645154441175],[13.142155551362347,48.98474445292634],[13.142752742380145,48.98525934904111],[13.142930200072986,48.98719672911223],[13.141786296169794,48.98788527903331],[13.141845631690952,48.98820105844207],[13.139480496904943,48.98934329577983],[13.136514205937448,48.99012759293824],[13.135383267418767,48.99058667710188],[13.136515625275598,48.99089133994218],[13.13792109253842,48.99092940343526],[13.140160648237568,48.9901463774051],[13.140787491744593,48.99065063869251],[13.142016369087138,48.99114422578483],[13.142469132566811,48.991603624187476],[13.144594563597325,48.99185031135571],[13.145080774049998,48.99239092608599],[13.146467135045018,48.99271834773431],[13.147941057525733,48.99372183783107],[13.148968024135076,48.99473232110691],[13.149964644755832,48.995247779452214],[13.151836359210728,48.99682064601847],[13.15217357598866,48.99690891761315],[13.152280439574856,48.99712472850542],[13.152156826900177,48.99738448374427],[13.151422928465774,48.997553300996394],[13.15055341766113,48.99750760718124],[13.149408691799461,48.99608886965999],[13.148255827201321,48.995511902509655],[13.147009977089816,48.994508753786796],[13.144118879603173,48.99334378752126],[13.143357797249969,48.99361791847387],[13.147105781516544,48.9959996624208],[13.148849948675805,48.99688677325646],[13.149468942703894,48.99746056246999],[13.149901102424202,48.998357751402324],[13.148445758900195,48.99819465434774],[13.148084507696849,48.99753796658834],[13.147621742374794,48.997140502130065],[13.146555752051167,48.996665946236924],[13.145999078645923,48.99655172225723],[13.14545587008851,48.9960746251806],[13.14479131620416,48.995876628381204],[13.143348308345628,48.99494568772517],[13.14009501372963,48.99342649461576],[13.139882903524716,48.993581251022164],[13.141848927609736,48.994883169805135],[13.142437330409129,48.99513935550616],[13.143931827903133,48.99702089876051],[13.144632600961428,48.99770389715087],[13.145616230146526,48.999387198030874],[13.146284375495375,48.999517569102835],[13.147607756504115,49.00016886653768],[13.148432736921835,49.00001416183177],[13.149455103258608,49.000131035823514],[13.151697613516777,49.0000312387674],[13.153385407798678,49.00014523788869],[13.153584487042062,48.99980959883006],[13.15361150297594,48.99852322011837],[13.153840884190519,48.997569611996774],[13.154429897844272,48.99761037090901],[13.15449253108084,48.997165454776336],[13.15477056594952,48.996700890408505],[13.155824449678061,48.9967108339537],[13.155925671844285,48.996425515125935],[13.155756002544978,48.99640806033365],[13.156413086039434,48.99583811542153],[13.156237117753347,48.995533372613735],[13.156691358063348,48.99504525685061],[13.15651304517437,48.994738619543696],[13.156678265118085,48.99459938299949],[13.156690911600657,48.99431303121077],[13.157473295704204,48.99386535248413],[13.157293323626886,48.99382262478873],[13.15663154104518,48.99218296960867],[13.156268400684807,48.991761966547514],[13.15561185707784,48.99141211183498],[13.15522028144544,48.99049530140601],[13.153583927391635,48.98872898469351],[13.152925673392396,48.98739208527235],[13.152895535812936,48.986645721625486],[13.151914620438301,48.9855795299298],[13.151575699556277,48.98493419639042],[13.150784506573057,48.983956994236664],[13.148460183148725,48.98317765413509],[13.148821009448941,48.98375822473225],[13.148924010279416,48.984224077663846],[13.149229112285944,48.98469506811219],[13.149790788408989,48.98502219015785],[13.14989294033154,48.985250861098976],[13.149858190801382,48.98540347523392],[13.149774505546132,48.985041764154666],[13.149252060648198,48.98474247564822],[13.149162036880295,48.98464808086562],[13.148852442399049,48.98415430443785],[13.148796296795453,48.983760285174576],[13.147678886904961,48.982104596511206],[13.145688066623158,48.981192514149654],[13.145411036070966,48.980877715596094],[13.144922981377054,48.980604796286116],[13.142834389358013,48.97987058316908],[13.143607103097539,48.98027896236833],[13.14398840110478,48.98079257925609],[13.144029418180654,48.981080688444194],[13.143806960281973,48.98186241899825],[13.144438783150646,48.98277809067105],[13.144651323648569,48.98365953445705],[13.144362478453749,48.982728552393375],[13.143821266851184,48.98200669651],[13.143777861154991,48.9817655573324],[13.14400269060601,48.980994270719876],[13.143680190029064,48.98039682775948],[13.142728332458946,48.979842992305294],[13.141222181120764,48.979540172771415],[13.141008591390563,48.980669746439496],[13.141458216156643,48.98077146479868],[13.141106964999022,48.98099188000246],[13.141436576639759,48.98203110019154],[13.140576852081795,48.9835645586926],[13.140926607544484,48.984320847300495],[13.14081714333549,48.984553124671045],[13.14199587851551,48.98460682970171],[13.142126914867703,48.98471977231594],[13.142861620887562,48.98462462642942],[13.144491835854701,48.98476970949339],[13.14555915837989,48.98512382948061],[13.147157949380057,48.98537250358308]]],[[[13.147803304470141,48.98218191601054],[13.148432933652865,48.9831442598303],[13.150649576024078,48.98384874085526],[13.15107126767641,48.98421392705772],[13.151875749437627,48.985495261141075],[13.152900892466961,48.98658523593002],[13.15296724023723,48.98738878644691],[13.153610244436207,48.988683760853625],[13.15510074712215,48.99031612578016],[13.156434045531647,48.99005915191773],[13.156492424347029,48.989702937249106],[13.156310368178245,48.98891949227695],[13.156568594296592,48.988711836682235],[13.156766770733125,48.985638840758085],[13.154969610158648,48.985424002924766],[13.154825542844925,48.984897543770586],[13.156831886913139,48.98479905029571],[13.15688142900107,48.98405953005875],[13.154672535497518,48.98430472532911],[13.154593293309647,48.98399019168092],[13.156875402203841,48.98374433516759],[13.15683035348896,48.982671938842984],[13.154342993925354,48.98296776380156],[13.153566019476463,48.98277585391218],[13.152761946448692,48.98295477190053],[13.151503505550131,48.982893413907],[13.15075345271199,48.98277187620714],[13.150112933253052,48.98221164862412],[13.14944425340663,48.98189459376853],[13.147841794585146,48.98166966118535],[13.147114067576737,48.98178513732484],[13.147803304470141,48.98218191601054]]],[[[13.148237294058703,48.98095890047167],[13.150468156760871,48.98092829041499],[13.151164096882916,48.981101454333874],[13.15259468373601,48.98116686724254],[13.153442422971432,48.98164752656251],[13.153638040107733,48.98189847072851],[13.154086862678273,48.981996659237524],[13.156202560462667,48.981712182933144],[13.155732924825342,48.98079288170813],[13.155102334445255,48.98044910753975],[13.153731897885281,48.9805870918657],[13.153485467544924,48.979540046009596],[13.153405083598342,48.979825870715345],[13.15329291186713,48.97982343690205],[13.152991103982759,48.97936088700067],[13.15161093238004,48.9789148975458],[13.151030233532524,48.979640264991865],[13.149076321432505,48.97895458391444],[13.147684672055403,48.979906132834074],[13.147292778419397,48.979730908870025],[13.146732393175412,48.98033142681094],[13.146603909835237,48.9803120260695],[13.147595984082317,48.980827666036895],[13.148237294058703,48.98095890047167]]],[[[13.148095437498903,48.981691391946704],[13.149663972341994,48.981929241729205],[13.15077396843644,48.982752238826244],[13.1515146886771,48.9828815822217],[13.152754900961922,48.98293090869891],[13.153522500592503,48.98275564584665],[13.154337795374818,48.982944734229385],[13.154275848451134,48.982708136786194],[13.156819105683299,48.9824237046328],[13.156592102309274,48.981919318226545],[13.154142915755365,48.98220026307269],[13.15409458729138,48.98201554876368],[13.153598999325506,48.98190905808199],[13.153398581592315,48.98164478803307],[13.1526711761808,48.98121531342005],[13.151216754328248,48.981127992706185],[13.150523873868051,48.98094724991571],[13.149215163246213,48.98102221292112],[13.14780047837027,48.9809325182463],[13.14709088205925,48.98067712557907],[13.14640952428919,48.98025144248035],[13.14558300595574,48.981032156058305],[13.147032516718593,48.98174649850667],[13.148095437498903,48.981691391946704]]],[[[13.139352864269354,48.99369010981673],[13.138202307443192,48.9947095433452],[13.140584523694342,48.99554244584737],[13.141409177125286,48.99634456527029],[13.142182040883426,48.99596302678131],[13.142818057986146,48.996851470279786],[13.143797493835526,48.99761956871198],[13.14483681766991,48.99868327792869],[13.145260424530422,48.99936328788858],[13.14557056339074,48.9993840720913],[13.144622573067895,48.997742863075835],[13.142396416639519,48.99514730599448],[13.141796655541658,48.9948893692023],[13.139856879330933,48.99360216377421],[13.139594006227632,48.99381426679899],[13.139352864269354,48.99369010981673]]],[[[13.142236746487608,48.99363979373851],[13.143340381611537,48.99357454043175],[13.143460591467946,48.993113701954805],[13.143246512155926,48.99297958066619],[13.142467918044566,48.99302639383728],[13.142112849945313,48.99291857865469],[13.141704165898322,48.99312846126313],[13.141103291787822,48.99264594868105],[13.140456085269955,48.99323929680933],[13.14162441077244,48.99340147643851],[13.142236746487608,48.99363979373851]]],[[[13.156610858234107,48.99211856377831],[13.156872134132833,48.99267255635327],[13.157034331245614,48.99271043752925],[13.157093611071216,48.99243724998778],[13.156846319246508,48.99206255151624],[13.156481095692964,48.9916264163371],[13.15621239881168,48.991692176172045],[13.156610858234107,48.99211856377831]]],[[[13.143062573118328,48.979918438073256],[13.143602123735928,48.98010870164739],[13.1439733731884,48.980167155838124],[13.143402048260862,48.98002069153949],[13.143062573118328,48.979918438073256]]]]}},{"type":"Feature","properties":{"OBJECTID":112,"we_nr":"3274","lgbez":"StOÜbPl Feldkirchen","typ":"9","plz":"94339","ort":"Leiblfing","strasse":"Eschlbach","nr":"80","bl":"BY"},"geometry":{"type":"MultiPolygon","coordinates":[[[[12.484851447752431,48.7971167885255],[12.482575171619393,48.79846349290007],[12.481768660563933,48.7992116960134],[12.480798329139969,48.80041691184496],[12.48158654510634,48.80055018572778],[12.481461063037534,48.80098804974635],[12.4807220064768,48.80082323522649],[12.480946568229848,48.80055711991022],[12.480863042874715,48.80053508010595],[12.48045200973328,48.80086217151041],[12.479546118057915,48.802044822177386],[12.478218956040125,48.80442299599548],[12.476450692471682,48.80633442341524],[12.476080399724983,48.806536723498596],[12.478499644532164,48.80728635328316],[12.478573703440816,48.80721482992925],[12.478283360754434,48.80840640375567],[12.478084972315486,48.80864589822249],[12.479459506989786,48.80856072541312],[12.480818272637599,48.80909337315562],[12.482790517555951,48.80962778470736],[12.482344149182783,48.810344039366264],[12.482210103474381,48.81083543129931],[12.483422203880664,48.8111771355607],[12.485297913143619,48.812232986965775],[12.487130364034075,48.81272944544156],[12.489798532006494,48.81284494101409],[12.49146285780162,48.81278584361705],[12.491128822856442,48.81431107673723],[12.491390591930276,48.81429594035909],[12.491684337434963,48.81300848913753],[12.492914844321408,48.81317236267452],[12.493218164968726,48.81258143142979],[12.493978195394728,48.812750839227135],[12.49408760929805,48.81242592600398],[12.493931511746062,48.81226977647203],[12.493929310873606,48.811987482131926],[12.494193345498587,48.81197964916114],[12.494353437858633,48.81181138463191],[12.493929156363372,48.81177180197829],[12.49398560559752,48.81117126354775],[12.494633723007112,48.81067829123352],[12.495368807217682,48.80950493584363],[12.494398622219112,48.80937287013977],[12.493540974566105,48.80903519305592],[12.492443227000553,48.809439040582056],[12.492154642317193,48.80946588085038],[12.49171476786521,48.8093055578202],[12.490672746390008,48.8086277435197],[12.491908697965394,48.80936338323757],[12.49234397843302,48.809432153180765],[12.493824097492546,48.80886328559139],[12.49529695187641,48.80783616439858],[12.49497501094989,48.80763016246162],[12.491852668244492,48.80668211076002],[12.49101610225457,48.80629401642957],[12.491871171742707,48.8066504158417],[12.494903796107415,48.807575816146105],[12.49534022013038,48.807772763576665],[12.495851084846029,48.80699574099048],[12.497767729438158,48.80650948585922],[12.495304716913722,48.803666193222476],[12.49634897070241,48.802973391875724],[12.496541312581195,48.802546797183524],[12.495383626724935,48.80126651383735],[12.494820368668666,48.801064509052715],[12.49406714387924,48.80104525992147],[12.493248516347228,48.800275386838514],[12.493803460495524,48.800062297700514],[12.492606100544748,48.79866396493716],[12.492216305373228,48.79838209045956],[12.491187171129088,48.798617651660564],[12.488901702535749,48.799479400718994],[12.48863126651605,48.79954320433384],[12.488583869605021,48.799507928568566],[12.490755930385308,48.79871935938944],[12.491859161267348,48.79839949204934],[12.492232561286604,48.79833966636678],[12.492542671400852,48.798527407868555],[12.492349144644196,48.79829644813524],[12.493599129700975,48.797797547859915],[12.488669540137057,48.79653198915476],[12.489266324218036,48.79522707975442],[12.488546568859473,48.795162870022764],[12.487729631058533,48.794349895694566],[12.48613446206556,48.7960489185969],[12.484851447752431,48.7971167885255]]],[[[12.49148367086844,48.81300485697536],[12.491689264694276,48.812491487839374],[12.491525109254189,48.812131142184505],[12.490810455428107,48.81146373640108],[12.489817966159368,48.81030913147534],[12.489691902880574,48.810049667477934],[12.489627485589871,48.809306845144036],[12.489802429796534,48.80851303690653],[12.489965286272716,48.80829430505783],[12.489708216286134,48.809102120013044],[12.48970210953883,48.809953437807536],[12.489909049040984,48.81034749187822],[12.491549226324635,48.8121272615003],[12.491722487088435,48.812481392216775],[12.49148367086844,48.81300485697536]]],[[[12.496373905239782,48.80298523189741],[12.496657604884627,48.80265196300412],[12.496591557151657,48.80259350148296],[12.496373905239782,48.80298523189741]]],[[[12.490947473661807,48.81456384375688],[12.491315140632922,48.814645195681194],[12.491365252252715,48.814613442501525],[12.491279709281468,48.81437857636246],[12.491123649458723,48.81436405225005],[12.490947473661807,48.81456384375688]]],[[[12.493642452752201,48.808999720454594],[12.494237815698407,48.80930360612839],[12.495382208285085,48.809486082773574],[12.495737982460158,48.80876280886102],[12.495305414006403,48.80795972196648],[12.493642452752201,48.808999720454594]]]]}},{"type":"Feature","properties":{"OBJECTID":113,"we_nr":"3703","lgbez":"StOÜbPl Füssen - Biwakplatz","typ":"9","plz":"87629","ort":"Füssen","strasse":"Niederried","nr":"4","bl":"BY"},"geometry":{"type":"Polygon","coordinates":[[[10.654226130692654,47.58667806638407],[10.654917135470544,47.58668411316957],[10.656071386169172,47.587971555441115],[10.656288992266994,47.58794654732246],[10.656512926097673,47.58827795481814],[10.657097785043282,47.588287321596],[10.657433127037205,47.5878334665631],[10.657481187803224,47.587262107507485],[10.657270474478562,47.58669232904132],[10.654242281503171,47.58630431976051],[10.654226130692654,47.58667806638407]]]}},{"type":"Feature","properties":{"OBJECTID":114,"we_nr":"3223","lgbez":"StOÜbPl München","typ":"9","plz":"85748","ort":"Garching b.München","strasse":"Ingolstädter Landstr.","nr":"100","bl":"BY"},"geometry":{"type":"Polygon","coordinates":[[[11.616500921491317,48.22678241648348],[11.61484731708915,48.22682321054535],[11.614411199391663,48.22615847399685],[11.61418449156338,48.2262151903165],[11.614465410922442,48.226728065842565],[11.61439997853545,48.2268261016221],[11.609494541974595,48.227751472977886],[11.609577762800845,48.2279182030082],[11.607525958589346,48.230338872009305],[11.607208549663415,48.23109685694187],[11.6082456142349,48.232573354211375],[11.608333045464876,48.23289691216965],[11.608275135570082,48.23437198667008],[11.608710101627356,48.237158212963],[11.60849643554037,48.2373790363374],[11.605753973300661,48.23711517146418],[11.599773013494346,48.235961653944365],[11.599828792585292,48.23616821163415],[11.605594789137344,48.23719233524814],[11.607583510954662,48.23736769938222],[11.608621090260783,48.23768547601327],[11.608780414561279,48.23781777720662],[11.60934251019757,48.2405816064395],[11.609834947771756,48.24107392421204],[11.612595933272619,48.24545159278252],[11.626781486844308,48.24127808850832],[11.625249743401978,48.241405952598555],[11.626753535764216,48.241237337079546],[11.62749513455724,48.24102575758045],[11.627470711161283,48.240869842859865],[11.627904168048868,48.24039923963943],[11.627931978093448,48.240177075977],[11.627416720616091,48.23823119207398],[11.623819061327456,48.2326136990646],[11.621297984397993,48.22479449795673],[11.61799304114477,48.2258097688667],[11.618040731804884,48.22602391162588],[11.617430451435077,48.2265386376686],[11.616500921491317,48.22678241648348]]]}},{"type":"Feature","properties":{"OBJECTID":115,"we_nr":"3771","lgbez":"Hochgebirgs-ÜbPl und Erprobungsgelände Reiteralpe","typ":"10","plz":"83458","ort":"Schneizlreuth","strasse":"N.N.","bl":"BY"},"geometry":{"type":"MultiPolygon","coordinates":[[[[12.810245908748557,47.65286718922815],[12.80761721724129,47.65790659307793],[12.808120353750542,47.65915358771034],[12.8088499232036,47.66034841048899],[12.809794528674415,47.661472377013745],[12.81073175268858,47.662339126091794],[12.81206411235861,47.663311161615944],[12.813277523406892,47.66401214517229],[12.815994669325232,47.66513971776125],[12.819387711256711,47.66592231181547],[12.822956656795585,47.66614998606352],[12.826611018643248,47.6657914179869],[12.827147253579128,47.66604717375473],[12.82766619774244,47.665945171301246],[12.828182735319094,47.66544034373109],[12.829987219858106,47.66486846994079],[12.831666312159857,47.66414298235826],[12.834021884379661,47.662694329827694],[12.835882284553547,47.660947559556455],[12.837170588147087,47.658970661733264],[12.8375785742031,47.65792488964715],[12.837822588075333,47.656856042559255],[12.837893143554405,47.65550537154716],[12.837632955515463,47.653893624002194],[12.837137137580864,47.652593238077024],[12.836221185672636,47.65110876973178],[12.834492138956252,47.649312573527965],[12.833146430321086,47.64832741798164],[12.831941001702413,47.647629258224555],[12.83029442841396,47.64688133865088],[12.829496366912066,47.64768754774602],[12.829074048235695,47.64562699300471],[12.826421181267508,47.64445011769943],[12.818551295285472,47.642013636546096],[12.81658171926183,47.6412935214075],[12.811877604139276,47.639149357988074],[12.809900555929111,47.637114858402526],[12.805294720990254,47.63377809349041],[12.803455550701473,47.632263128585606],[12.802017233845353,47.630407249724044],[12.800740714351706,47.62836840618596],[12.800221041654716,47.62791907980035],[12.798255666153368,47.62784274747946],[12.795907057673633,47.629106599305345],[12.789563873788515,47.63603616904304],[12.791991791829739,47.637082751735804],[12.795572307669463,47.63919292137868],[12.798150157226598,47.64043564059254],[12.799296060779593,47.641300210112014],[12.80010003139943,47.642128053400576],[12.800441913128623,47.64265488663814],[12.800257822275746,47.643383838791074],[12.800287083099471,47.64515074322418],[12.800051626578655,47.646320397843084],[12.800110270397047,47.6467408918929],[12.800476982458981,47.647178255249464],[12.800281310525456,47.647955109110704],[12.800489400769491,47.648375775789425],[12.800854733019184,47.64860880367119],[12.80083607590903,47.64914021681083],[12.801054666560406,47.649514636513565],[12.802103054396039,47.650433981214654],[12.802535058707816,47.651133128594296],[12.80279394329127,47.65117664326261],[12.803317706017745,47.650776415025746],[12.80332589955144,47.65036522259044],[12.805446675512162,47.65059295197883],[12.805988637207971,47.65125225587329],[12.806340730087005,47.651467437447955],[12.806783352485443,47.65052910496873],[12.807679785799168,47.650700454370664],[12.807371660063408,47.65129242703268],[12.807759957743334,47.65135718808328],[12.80794022985795,47.65233871923959],[12.808177014088775,47.65242795404113],[12.80804742312588,47.652920127851054],[12.809267493385377,47.65278696124913],[12.810245908748557,47.65286718922815]]],[[[12.810530061144338,47.6466882611026],[12.810196002842934,47.647172119835844],[12.809430085756881,47.64677146087738],[12.80978174474962,47.646317078322895],[12.810530061144338,47.6466882611026]]],[[[12.791046978848092,47.648769491415344],[12.791127065452303,47.6486854863131],[12.791024061028539,47.64874197184965],[12.791046978848092,47.648769491415344]]]]}},{"type":"Feature","properties":{"OBJECTID":116,"we_nr":"3375","lgbez":"StOÜbPl Weiden 1","typ":"9","plz":"92637","ort":"Weiden i.d.OPf.","strasse":"N.N.","bl":"BY"},"geometry":{"type":"MultiPolygon","coordinates":[[[[12.117300079935985,49.66006264473852],[12.117477371440497,49.66110337762713],[12.116926267590026,49.66108529980181],[12.117340313680957,49.66184912204455],[12.117681214449853,49.663020666471084],[12.119931431354823,49.663911046534295],[12.120461040317176,49.66433112442922],[12.121830366559436,49.664905328981355],[12.126450424524206,49.665577673267585],[12.12697953402324,49.66607951624329],[12.127002618031124,49.66730559761011],[12.12718742304466,49.66745084806344],[12.127508780066234,49.667382512542105],[12.127521188495242,49.666107068881495],[12.127280930479207,49.665561973420736],[12.128075790385445,49.665338596297595],[12.12791003235087,49.66525205652316],[12.128180383928907,49.664961098995285],[12.127589213420157,49.66392279943359],[12.127939346175225,49.66212396984388],[12.127732264739265,49.6613418136814],[12.12767399731499,49.65922402471747],[12.12736307961532,49.65763523767962],[12.127195811512756,49.65738686080785],[12.126282341649675,49.65747677755721],[12.125193685933114,49.65729845820062],[12.122310080395966,49.65623058991416],[12.121903886478929,49.65695760331534],[12.118938092279796,49.656717769857416],[12.115847302898752,49.6562173533814],[12.114035690227935,49.65517258175705],[12.11240170952313,49.65556769811556],[12.112742281508655,49.65635906394072],[12.112986862217825,49.65659755348297],[12.112845341627938,49.65862436705115],[12.114912875340083,49.65970994946716],[12.117300079935985,49.66006264473852]]],[[[12.123540285448488,49.65661365806654],[12.122325757794313,49.65620272637178],[12.12382890247121,49.65673181924472],[12.123540285448488,49.65661365806654]]]]}},{"type":"Feature","properties":{"OBJECTID":117,"we_nr":"3362","lgbez":"StOÜbPl Freihöls","typ":"9","plz":"92245","ort":"Kümmersbruck","strasse":"Freihölser Forst","bl":"BY"},"geometry":{"type":"Polygon","coordinates":[[[11.94657424417072,49.40228139374472],[11.940211741117123,49.40308946844409],[11.940845167478546,49.4032409561259],[11.937573456500951,49.403110160823715],[11.933529880691758,49.40397619555605],[11.931928611239696,49.40311617656527],[11.931574648068237,49.40359856988457],[11.931219473069495,49.4035146454647],[11.93098052389883,49.40535155255506],[11.930729722356295,49.40530033600572],[11.928080800788823,49.40612647085731],[11.929560786897712,49.40754930822871],[11.927310851165435,49.40830079951046],[11.92554894317766,49.40931429145172],[11.92547553464924,49.40968195854304],[11.925692763454647,49.4106010557771],[11.92511737993869,49.411723306506794],[11.925361445014891,49.41213142798145],[11.92680461007858,49.412236216738684],[11.92625478902233,49.41236962127618],[11.928046488738252,49.412522065710796],[11.929921069717219,49.41345222056591],[11.930495913345688,49.4117068422417],[11.932300656599498,49.41120167534343],[11.932877620252086,49.41135976817022],[11.93333793047844,49.41046810758463],[11.934176838376327,49.409527783974205],[11.934096380767883,49.40943410172455],[11.936191101093756,49.410377187029304],[11.938182585230582,49.41171889908727],[11.938352104511237,49.41234994039652],[11.939095500833117,49.41311204183638],[11.940948852825276,49.41210825078897],[11.941160833672807,49.41238112506641],[11.944867616708867,49.411073932886126],[11.94575280670852,49.41239026824866],[11.942454382529302,49.41350148476491],[11.94223472557767,49.41342781725634],[11.94208091603469,49.41361122020625],[11.936703895390636,49.415344679410616],[11.93410646256031,49.41633617032178],[11.931734824869945,49.41567168575987],[11.929220217607178,49.41560852285537],[11.929810804211016,49.414031709544695],[11.929917946274944,49.413513207454685],[11.929795752040116,49.41343182651841],[11.929767513499154,49.414017962501],[11.929304095101873,49.415352147684345],[11.928268629531622,49.41727437423464],[11.927029458394237,49.41902388538409],[11.921163063431067,49.42179859667454],[11.922395178301917,49.421378329312454],[11.92797024063524,49.41886140812565],[11.935200176690229,49.416043254675365],[11.947990219027428,49.41181786283089],[11.95419804566381,49.410332443550026],[11.959975686178577,49.409574846260135],[11.963101614958589,49.40902355146667],[11.966570031830633,49.40815559623809],[11.968281970132425,49.407637760961826],[11.968420331347453,49.407467584817866],[11.965465911616437,49.40837062694506],[11.963056746805089,49.408935633704395],[11.95994342947333,49.40948561497277],[11.954162516396005,49.410243654336504],[11.949427687873888,49.411309562000746],[11.94927677809267,49.41118664986178],[11.949179823822359,49.410399836087755],[11.949174954953524,49.40911359837565],[11.950020747539734,49.40850495672903],[11.949943683766424,49.40813212199414],[11.952393679702416,49.40657032337183],[11.953092311177063,49.40308325453211],[11.952210294027028,49.401689102876716],[11.95198774809343,49.40110477922032],[11.950843246810605,49.39982426326822],[11.94950112604671,49.400268522342444],[11.947699779322958,49.400599967392104],[11.947463632896005,49.40001544253453],[11.946341992838816,49.40004441414479],[11.94657942565328,49.4007703386248],[11.946070830980396,49.400847906808046],[11.94657424417072,49.40228139374472]]]}},{"type":"Feature","properties":{"OBJECTID":118,"we_nr":"3576","lgbez":"StOÜbPl Roth","typ":"9","plz":"91154","ort":"Roth","strasse":"Eckersmühlen","bl":"BY"},"geometry":{"type":"MultiPolygon","coordinates":[[[[11.111398813970514,49.210589060581306],[11.112009661177257,49.21118378047869],[11.111475128548845,49.21123900608046],[11.111530436922578,49.21143682796843],[11.110433712538153,49.21331816114841],[11.107748495439955,49.21623101687498],[11.107393777683633,49.21916981779708],[11.103058325763877,49.22079663564966],[11.103016875700034,49.220911302086854],[11.105536456934566,49.22067349535903],[11.106589228548765,49.22034860300795],[11.10878040637662,49.21821014338173],[11.113542390969767,49.218425183983484],[11.116447352156182,49.21842402982853],[11.116409707355878,49.21818074485865],[11.10998536607471,49.217720746614354],[11.11120654844855,49.21710220603123],[11.112522398880255,49.21717826547098],[11.113917886758587,49.216310772635005],[11.114977137022624,49.2158483124217],[11.11646166770853,49.215774869194476],[11.120034201118644,49.21747833423072],[11.121161693699893,49.21643574986339],[11.12145413934238,49.21654327883552],[11.122182639800222,49.21648482070935],[11.123187426106897,49.21687459442345],[11.125232153390595,49.217406433699665],[11.126182473943278,49.21740926839075],[11.127059567427256,49.21793603285284],[11.128395382916155,49.21824553447914],[11.128703950623052,49.21678426347893],[11.128591142884595,49.21672534912355],[11.128639862115719,49.216241895868684],[11.128806497804325,49.21584686011741],[11.125974589413445,49.21539057510246],[11.126258405839312,49.21433045631254],[11.124491301097592,49.214240098419836],[11.124909038366,49.213333872067906],[11.124975869429903,49.21261555583636],[11.126506065973265,49.21239927228521],[11.127085628451955,49.212471541000205],[11.127065582546388,49.21215488492907],[11.127878985476714,49.212025465099444],[11.127327851083509,49.21081762718092],[11.127004391105862,49.210505301467734],[11.126093829089353,49.21012983910719],[11.124626365495505,49.209767588263674],[11.12401791589225,49.20985669023368],[11.121617623740933,49.20960098085806],[11.12155707639246,49.2101432141742],[11.119681399468865,49.20993773739354],[11.11796428776932,49.210881462260815],[11.119588595415147,49.209934942767255],[11.118896495590926,49.20986308232025],[11.118515930608984,49.209003643842856],[11.118721678046724,49.209040351427056],[11.119067880672455,49.20782437032373],[11.117506642844422,49.207732556212505],[11.118264827232524,49.20741097864783],[11.118861080409186,49.20660990227234],[11.119588680755102,49.20595259948865],[11.119022331595955,49.204016309983544],[11.119546108695486,49.20595239113664],[11.11883872044343,49.20658467322737],[11.118243700653649,49.207395352705674],[11.117473521959868,49.20772218828451],[11.116782088685595,49.207722992318395],[11.116328311007965,49.20639852653014],[11.116258280145033,49.20543362008588],[11.115290888008708,49.205437134522136],[11.115344273089388,49.20747622079104],[11.114906418948511,49.20760515132813],[11.115178258136677,49.20858264437909],[11.114804757506109,49.208948884067496],[11.111398813970514,49.210589060581306]]],[[[11.142855080753028,49.231476400268456],[11.14376184559084,49.230216117020525],[11.144115088313425,49.22955463630216],[11.144207972317188,49.228774741993284],[11.144114751445214,49.22849030478248],[11.143913919588659,49.22822675745604],[11.144170748826754,49.22877795206606],[11.144075732222518,49.229553028357905],[11.142855080753028,49.231476400268456]]]]}},{"type":"Feature","properties":{"OBJECTID":119,"we_nr":"3684","lgbez":"StOÜbPl Schwabsoien","typ":"9","plz":"86987","ort":"Schwabsoien","strasse":"Netzenbergweg","bl":"BY"},"geometry":{"type":"Polygon","coordinates":[[[10.836468955900134,47.83862525536349],[10.834240115305667,47.84120991087139],[10.83603727498188,47.841760548379824],[10.836363159512493,47.84139047061322],[10.835825130640977,47.84118015948656],[10.835832988204755,47.84080824101606],[10.835069157905094,47.84065651447383],[10.835070185577775,47.84033329421204],[10.83667609213332,47.838484722601144],[10.836039826197268,47.83813705691953],[10.835308392740037,47.83748192176471],[10.834652981908643,47.837253956909876],[10.833700873708535,47.837135464379074],[10.83082530539822,47.83720836647186],[10.830744125544308,47.83733203303478],[10.833713493241662,47.83719015030455],[10.834625338052394,47.83730757663575],[10.835215563533499,47.83754027344796],[10.836421841060128,47.838415008398236],[10.836468955900134,47.83862525536349]]]}},{"type":"Feature","properties":{"OBJECTID":120,"we_nr":"3376","lgbez":"StOÜbPl Weiden 2","typ":"9","plz":"92637","ort":"Weiden i.d.OPf.","strasse":"N.N.","bl":"BY"},"geometry":{"type":"Polygon","coordinates":[[[12.083160723265866,49.688081100453296],[12.079489879129355,49.68786955409869],[12.078949643995498,49.687477372278494],[12.077339006013375,49.68668533221566],[12.07551887372042,49.686042244942186],[12.074370149457437,49.685147826116875],[12.070644651819043,49.68672621358592],[12.065858157591688,49.68184322769856],[12.065268801679775,49.68203589674512],[12.065188657583382,49.681932309349925],[12.061235622971687,49.68320293007327],[12.061007564975533,49.683514579132996],[12.061042292946095,49.684868103085925],[12.061377205545304,49.68675501220135],[12.06138299698396,49.6875552892135],[12.061126474969706,49.68792841864215],[12.059648992465494,49.688765858097],[12.05930359113704,49.68927412354966],[12.059409446813492,49.68955419839268],[12.05919864455562,49.69198316368935],[12.059611123984713,49.693234146631866],[12.059400505881479,49.6935787307867],[12.059101070447777,49.69482028526508],[12.0587066705121,49.69945456676476],[12.060080268243594,49.701455079953284],[12.06067673881252,49.70131154044199],[12.064196248264686,49.70029858114005],[12.0875486942904,49.692527377875855],[12.093010481761342,49.690603403822436],[12.092886937358609,49.69030675751238],[12.092156490251522,49.68948950052315],[12.091553984800495,49.689284822508725],[12.09134998189102,49.6889176312593],[12.09016128439452,49.68939435914155],[12.089709721064072,49.68994459911238],[12.088183396259536,49.69064588175685],[12.087011230459225,49.690973241003114],[12.086605752499475,49.69145494348019],[12.086134323824808,49.69140382203521],[12.08445250423787,49.69056915412657],[12.083160723265866,49.688081100453296]]]}},{"type":"Feature","properties":{"OBJECTID":121,"we_nr":"3735","lgbez":"StOÜbPl Mittenwald","typ":"9","plz":"82481","ort":"Mittenwald","strasse":"Am Luttensee","nr":"1","bl":"BY"},"geometry":{"type":"MultiPolygon","coordinates":[[[[11.240016832252516,47.477387938092996],[11.244170996961403,47.47638728356028],[11.245067488665606,47.476404010371205],[11.244790680895628,47.47623413970171],[11.244157087447544,47.47526623993558],[11.244266756472376,47.47480291427612],[11.244121032665303,47.47463794328029],[11.243545364383364,47.474512165131934],[11.242984013450467,47.47405234604177],[11.241495967656821,47.47400937984115],[11.24115795586989,47.47396640753338],[11.241011825125966,47.47389142753633],[11.240770839474548,47.47358334755533],[11.240594229791368,47.472610632367896],[11.240239914480313,47.47209347977559],[11.239165001190983,47.47207066304018],[11.238431437828165,47.472625808961055],[11.237878966741844,47.47287659069045],[11.23759005956326,47.47295835947931],[11.237436358716462,47.47295182169695],[11.236337174744747,47.47266714290109],[11.237617416856935,47.47294000851065],[11.238400895108514,47.47262541548939],[11.23911531806754,47.47207892238867],[11.239300423118372,47.47202815306033],[11.239726996215932,47.471991202115305],[11.239482143317241,47.47191023031279],[11.239154437901545,47.47133181407421],[11.239068120582502,47.4709745457507],[11.239046865544575,47.47068673567984],[11.238735602891852,47.47055747712909],[11.238243511169015,47.47058265665779],[11.238071859287881,47.47052202866064],[11.237655704850994,47.47025092787863],[11.237161988974137,47.469406328771946],[11.236909609091668,47.4688069086223],[11.236767104846528,47.46863241707734],[11.23510001224034,47.46801884131381],[11.234700181090478,47.46778133612382],[11.234563669506642,47.467481914591716],[11.23436898212667,47.46734398241123],[11.234119099560663,47.4670842048537],[11.233055655960877,47.46518435759784],[11.233092861485,47.46496631625346],[11.233759521918678,47.4641894320053],[11.234135103945787,47.46398090185629],[11.234248226992891,47.46294322602513],[11.234170310718403,47.463991283806905],[11.233781713001145,47.46421833494458],[11.233103062753374,47.46508804836244],[11.234155490312821,47.46710680209926],[11.234583507003046,47.4674709096653],[11.234756269201894,47.46779275088921],[11.235129892901663,47.46800998013725],[11.23680907772988,47.46864266633483],[11.236932103804687,47.468802240057244],[11.23729963962176,47.46958208385245],[11.237875063561921,47.46928190380271],[11.237787532618965,47.46902076404304],[11.237912273577631,47.468798762316034],[11.237794747887317,47.46852192014124],[11.237603386070502,47.468303210689136],[11.237400321002196,47.46784635659115],[11.236276184526838,47.46739955916125],[11.237081932014332,47.46765190282187],[11.237469914385576,47.467875773087016],[11.23792750990317,47.46876067049915],[11.237926758013264,47.468846081923395],[11.237808793945103,47.46904329487297],[11.237902674180512,47.46927893496712],[11.237315742821567,47.46959877700214],[11.237666335514048,47.470226243696494],[11.238164291439038,47.47053291150152],[11.238784833264358,47.470547967248024],[11.23905379874194,47.47065312539038],[11.23907440429793,47.46983258984475],[11.238866447004566,47.46886435294972],[11.239081576447157,47.4697046693789],[11.239172533564613,47.47133289979131],[11.239483418026625,47.47189337759176],[11.24024461536419,47.47207917013263],[11.240459153715324,47.47228365386781],[11.240649504029111,47.47272446399652],[11.240794287300089,47.47356984164168],[11.241080102477465,47.473914658195056],[11.242327839051075,47.473952613300966],[11.241616776689524,47.47345801196019],[11.241410017748754,47.47268790579786],[11.241744422799838,47.4724279645955],[11.241856428342752,47.472059710687944],[11.242508827122977,47.47142586332193],[11.243218214126541,47.47121446116355],[11.244578848270118,47.471056621719995],[11.245697660430778,47.471125860183015],[11.247145753652145,47.47159059969127],[11.249099937941685,47.472456807141285],[11.25006871797516,47.472601475647124],[11.25090977733813,47.47193724056087],[11.251355341719096,47.47194738533973],[11.254184235363882,47.4712814035013],[11.254702257855705,47.47077673949651],[11.255061083607787,47.470134107531216],[11.255493634095233,47.46983125087693],[11.254707768121634,47.46983861550328],[11.251257098366349,47.47048983069226],[11.249357243286873,47.470550350639016],[11.247164125996319,47.46984000972991],[11.245644282536574,47.470072718753585],[11.244371110165712,47.46996204996036],[11.24406607732946,47.469764294547204],[11.244053425457006,47.469389299753644],[11.243861222817104,47.46912661446963],[11.242948722236193,47.4689740427358],[11.242355684129942,47.46861319500791],[11.242082295347918,47.46795795591585],[11.241807562686235,47.46792292652782],[11.241078791835466,47.468226844738616],[11.240312098604988,47.46805097399719],[11.240406285165909,47.467266703552895],[11.240281872990613,47.466503443626095],[11.241054540916052,47.465834228226164],[11.241359716584409,47.46533414617442],[11.241151153826568,47.46536009157318],[11.239492030175265,47.465216961452995],[11.239240392301197,47.46534407967517],[11.238951291984836,47.46576384412577],[11.238428079925647,47.4660394334228],[11.238072993860083,47.466139953646525],[11.237620014784742,47.46605710299779],[11.2381402435389,47.46611425397566],[11.238708997488079,47.46587359078728],[11.239367388929576,47.46520985853052],[11.23981135430934,47.46519002427042],[11.24120840076467,47.465336385265935],[11.241571629159962,47.465199791399506],[11.241768138323346,47.46492481957388],[11.242172454761416,47.464865168267394],[11.243366142399324,47.46543715643128],[11.244565201962644,47.466299773021824],[11.245559725017209,47.46655636806078],[11.249100107723269,47.46633567676322],[11.250800548487778,47.46609316540629],[11.251244901041424,47.46581204946231],[11.252052120867662,47.46488975901413],[11.252671209218846,47.46389746235753],[11.252662823445638,47.46327906145072],[11.252353263100384,47.4626615411777],[11.252252906910098,47.46182529182062],[11.252373777926534,47.460654444819006],[11.252120490745629,47.4601175248645],[11.252046406684125,47.459787291552765],[11.252248382994313,47.459278679254595],[11.252491313498314,47.4589150397087],[11.2527073529343,47.45869842519058],[11.252078970613178,47.45979169064441],[11.252418247228055,47.460689025362434],[11.252749114713536,47.46052315612931],[11.253740704768678,47.46044282927802],[11.255566737196437,47.459794458373146],[11.257982859459673,47.45999992097879],[11.25929628084686,47.460354947463706],[11.259303402690449,47.46078422149619],[11.259819394989732,47.46129101968065],[11.259949603993531,47.4616014243311],[11.260647454832203,47.462155924101204],[11.261357541623372,47.46233961448366],[11.261916103287314,47.460779567402206],[11.262188311683087,47.46077797372564],[11.26188923557549,47.458261110092806],[11.261580277101455,47.458664497476036],[11.261419835296772,47.45868548091367],[11.260525357615393,47.45856958843525],[11.259444209119675,47.45809175475034],[11.258842010892455,47.458346678881384],[11.258662806874723,47.45859866331351],[11.258464243264308,47.458714699067194],[11.258309893833838,47.45875715482652],[11.258175415137467,47.45872453056585],[11.257903333404187,47.45847792927519],[11.257448508290942,47.457756290703415],[11.257228882780343,47.45693427223232],[11.257664429149276,47.45808273701905],[11.258307874421096,47.45873478843633],[11.25867574800471,47.45855386479269],[11.258794892459193,47.45832772029531],[11.259435184644333,47.458063856689556],[11.260568883685863,47.458551182030725],[11.261517395031557,47.45865853916947],[11.261702068891086,47.458379716998095],[11.261951268737462,47.45820400463361],[11.26191844699191,47.45788745024931],[11.26112739324754,47.45791817879125],[11.260447078421544,47.457669289354364],[11.260141931499263,47.45721790711055],[11.259904260631235,47.45713026772019],[11.259785735116019,47.45679191667732],[11.259317105591776,47.45648521425658],[11.259468779839322,47.45633716617105],[11.258470666218589,47.455950462061075],[11.257675715582511,47.4561497879444],[11.257219092940375,47.45642055267775],[11.25646751835615,47.456167374592816],[11.255804958731721,47.45617114958062],[11.255782123557202,47.45646225468877],[11.255246528221788,47.45685046865487],[11.254551705603934,47.45695628588721],[11.25452691030548,47.457062147853364],[11.253972097311193,47.457212269947945],[11.253174013351403,47.45830761983787],[11.252276716756702,47.45892783998297],[11.25178320210246,47.45959681350902],[11.25175082951459,47.46021968776167],[11.25154983146974,47.46021919216189],[11.251678829544552,47.45948324923286],[11.252228414343865,47.458768785345626],[11.253030930591267,47.45824744232405],[11.253593567911672,47.45752584796487],[11.253436886454738,47.45729649386767],[11.253278376926177,47.45748993152515],[11.251780159508593,47.45750561175421],[11.250930771864631,47.45782015254177],[11.25151807422778,47.457529478297815],[11.250921683608896,47.45671862867152],[11.25011619663286,47.457001526126845],[11.249755747625056,47.457207652588444],[11.248542159608679,47.45765314574132],[11.25010048869181,47.45698167783673],[11.250908468492758,47.456698101816166],[11.250663537440623,47.45583400413573],[11.2507518669859,47.45541059369444],[11.250256765906851,47.455349406995744],[11.249749050684628,47.45499259067981],[11.249476095788866,47.45464016296142],[11.249597764509293,47.454304555409166],[11.24863020169305,47.45452574366771],[11.248440766762542,47.45418094386939],[11.247983024819554,47.45403100749604],[11.246134282981435,47.454408575550325],[11.244150062622008,47.454287632049116],[11.243727491519053,47.45449936529892],[11.243349621482936,47.45451450156534],[11.242881614491216,47.45531743115605],[11.242475787985125,47.45558624311264],[11.24195796042774,47.456740639987075],[11.241907873062436,47.457584521209135],[11.242502679053173,47.457837173160534],[11.243270984759574,47.45829744448708],[11.243519938467582,47.45859771459934],[11.243682611687456,47.45890642176669],[11.24400384294487,47.459155873233776],[11.244025816635043,47.459061137571894],[11.244123166164076,47.4589292909842],[11.244588153918151,47.45857247831001],[11.24474272523247,47.45851005989502],[11.244918924385578,47.458497519474534],[11.244546033711108,47.45863026423201],[11.244039915693454,47.45911494289112],[11.244510075946918,47.45980501910625],[11.244682990859337,47.46049731584407],[11.244482176070795,47.459825992370945],[11.243670149359522,47.45893159230001],[11.243302887528598,47.458354950711794],[11.241912609878932,47.4576459792365],[11.241842083145967,47.45784703822923],[11.241487748970307,47.45795133440134],[11.241704578025407,47.45831081766607],[11.2417155985573,47.45852314937705],[11.24162821853129,47.458746044820685],[11.241257208030708,47.45911360607971],[11.241327172418291,47.4595170859223],[11.241195334768854,47.45992397236587],[11.240808493258022,47.46048747131522],[11.24047189901258,47.460797305553285],[11.240083754944559,47.46100889172969],[11.239825267416455,47.46153010472943],[11.239585125283112,47.461708741230744],[11.23923333603463,47.46237026511491],[11.238954308527589,47.4626175994103],[11.240053541906608,47.460997334587354],[11.240494646152218,47.46075807705868],[11.241164391400597,47.459904600738895],[11.24128315856263,47.459539813359186],[11.24123000255231,47.45909164130992],[11.241579020498113,47.45874043819044],[11.241689162036817,47.45841631308841],[11.241453780974458,47.45795442838942],[11.240976834847318,47.457871159717385],[11.241176224907829,47.45826679937719],[11.240287791091692,47.45853541222236],[11.24023795166142,47.4591484724908],[11.240875326118521,47.459206830524415],[11.240916174311144,47.45988677786409],[11.240147476040946,47.46062871452826],[11.239396987519878,47.46059109963257],[11.238792401570638,47.4610613916976],[11.238870129198903,47.46190727336469],[11.238075477701859,47.461620621027265],[11.237579718157704,47.46161995295709],[11.237762066278945,47.46132690740818],[11.23746977065514,47.460899150702865],[11.236839908808767,47.46044288819098],[11.236485144340064,47.4603688242207],[11.235904503883058,47.46067845812606],[11.235259600645547,47.46051169605611],[11.234742166550259,47.45945500024806],[11.23428656349596,47.45917412819273],[11.23460770043028,47.45888090076988],[11.233966705762574,47.45860535168725],[11.233979928065253,47.45836006176579],[11.233590290997222,47.45838943315841],[11.233309713896292,47.45812746184132],[11.232550083220595,47.458123635366874],[11.23219510674951,47.457740100348786],[11.231254631732314,47.45730549169004],[11.229954737176692,47.45695851926161],[11.22887539788793,47.4564871324126],[11.228021805230119,47.456635831809756],[11.227521837078864,47.45705255839217],[11.227723704692938,47.45734603896603],[11.227463418737644,47.458474036015225],[11.226000074817687,47.45887015156695],[11.22487319578579,47.45887646637466],[11.224571735549429,47.458618569300924],[11.222864375960642,47.45871927742274],[11.222611029490928,47.4583970016433],[11.222415381811892,47.458442459297764],[11.222302065627012,47.45883258703947],[11.222086964032197,47.45892017500298],[11.222098071700675,47.459281253868724],[11.221802605023917,47.45948009277658],[11.22153248161794,47.45989305610833],[11.221297180505623,47.459976894921915],[11.221244479042868,47.46036044763531],[11.22067690907323,47.46068324827479],[11.220891507611471,47.46097082463472],[11.22085830408195,47.46137316603949],[11.220540767595264,47.46156819996426],[11.220491097946578,47.4618317417089],[11.220103416510929,47.462113079965384],[11.220066317886328,47.46267828146731],[11.219547282094878,47.463498929308834],[11.219623656860346,47.46369289983814],[11.22055693457543,47.46343851723987],[11.22109385672252,47.46341110543961],[11.221208254479007,47.4632886667812],[11.22120361108731,47.46334535799371],[11.221107956679232,47.46342451011296],[11.219586001280245,47.4637251238336],[11.218956539184145,47.46443218535],[11.21844430723268,47.465954316829944],[11.218212437684775,47.46626862670978],[11.217505141959187,47.46665980587556],[11.21726954350453,47.466914075114204],[11.21720326580287,47.46719665294119],[11.224723495136933,47.469003406376956],[11.23037788499805,47.47063656738113],[11.231196202611297,47.471037845635095],[11.231717636904563,47.471862105864005],[11.231503314149098,47.47254545202594],[11.230539659902663,47.47276796255454],[11.229821950007988,47.47328374109118],[11.229642896907237,47.47397560287668],[11.229595208043715,47.47505651750962],[11.234434949909565,47.47460169000605],[11.235782914214376,47.475465542982974],[11.235955317985413,47.47543725340517],[11.236099334095169,47.475609466702956],[11.236796924422414,47.47582477837305],[11.23709216113045,47.4761573632928],[11.237057178038345,47.476314981587066],[11.237212443750389,47.47638312993815],[11.237565983815346,47.47625393700725],[11.23765764700862,47.47662144992846],[11.237456368689408,47.47684809496271],[11.238597789649155,47.4772311924649],[11.240016832252516,47.477387938092996]]],[[[11.26031463261267,47.457507676252575],[11.26029053710179,47.457515080263406],[11.26032567560246,47.45753004498689],[11.26031463261267,47.457507676252575]]],[[[11.240415462354857,47.45632897298484],[11.240067343622648,47.45672298914669],[11.240854331592022,47.457377101279],[11.24095953509158,47.45784810175176],[11.24180658621749,47.45783288505598],[11.24186161611349,47.45762933938474],[11.241302016895402,47.45749000805553],[11.240909265368266,47.45731789573293],[11.240585354436343,47.457036003387145],[11.240466666326052,47.456731470175804],[11.240840134617258,47.45724599876925],[11.241864946168263,47.45756412406449],[11.24194329722735,47.45668288600234],[11.242411407525335,47.455626017272074],[11.242656586512505,47.45541695082885],[11.242006536826725,47.45536523971529],[11.240644304580243,47.45558229254242],[11.240415462354857,47.45632897298484]]],[[[11.255659278942073,47.459811353844486],[11.253486600120882,47.46052953390282],[11.252619792346904,47.46057708020737],[11.252415567553546,47.46074432976926],[11.25228790707018,47.4618742763339],[11.252368114946965,47.46260230817927],[11.25271026796738,47.46334903833213],[11.252725532140696,47.46383034421174],[11.252543476870242,47.46426198751089],[11.252251033024418,47.464504668858716],[11.252135338100622,47.464846640177846],[11.251872555727163,47.465122122541146],[11.252725691142516,47.46511309508433],[11.253755761431163,47.464760703620186],[11.25446107726985,47.46485742398951],[11.256941624010333,47.46443317829207],[11.257096865467854,47.46418184856427],[11.257766111252947,47.46375877863602],[11.258805055099991,47.46359936754488],[11.25961740161153,47.46312856252799],[11.260462862719413,47.462415396235926],[11.260973530703964,47.462290139682274],[11.260520233625014,47.46211640996019],[11.25998796654775,47.46167913543883],[11.25922116102787,47.460695046602986],[11.259315746440768,47.46042214353608],[11.258887856412997,47.46019364447142],[11.255659278942073,47.459811353844486]]],[[[11.249772294592592,47.46941719726989],[11.250209843306289,47.46943902230975],[11.2501034630137,47.46920408794929],[11.2502735060122,47.46883216550356],[11.250133193656374,47.46920107417292],[11.250219954743153,47.469405439155686],[11.250415014923956,47.46951364188327],[11.250878980395234,47.46959154715048],[11.251137449957028,47.469702192434184],[11.251459049523719,47.46972800026171],[11.251976280599765,47.469657907387024],[11.252288453245882,47.469683627793295],[11.252635309845134,47.46952104481054],[11.252883406560343,47.46947279429585],[11.253113148897654,47.46950742186898],[11.253383648697712,47.46961377654257],[11.253578786133666,47.470049432352226],[11.254656467132387,47.469827566741664],[11.255246786936587,47.469859055250666],[11.255380080755085,47.46983546513392],[11.255328118605807,47.469725265239816],[11.254606267477678,47.46922195745985],[11.254265643389889,47.469247735160785],[11.254132054025645,47.46921787796292],[11.253651725741467,47.46893117986675],[11.25415598694145,47.46920651876665],[11.254655632597482,47.46922188641173],[11.255307248046805,47.46968104275822],[11.255413122587894,47.46982608628638],[11.256957608632487,47.469358078151885],[11.258935307222952,47.468164411066255],[11.259382433774203,47.467598852571335],[11.259638335950926,47.46692835944338],[11.259641428850433,47.46660434797732],[11.259329455630308,47.466474619067895],[11.259843137462687,47.46591116607344],[11.259739845578018,47.46538390353876],[11.259432289374155,47.465428211620356],[11.259072279642533,47.463635943604494],[11.261209270194131,47.46288578737301],[11.261348733641997,47.462363184886236],[11.260485264007634,47.46243340166635],[11.259637628078481,47.46314535125442],[11.258830888850923,47.46360767680966],[11.257844533278934,47.46375255429682],[11.257389022751138,47.46398262357799],[11.257006449136185,47.464434780967366],[11.254465814086346,47.464878207583304],[11.253770432716395,47.4647779624829],[11.25272851095417,47.4651386853241],[11.251854655896796,47.46514110114708],[11.251271349240039,47.46583474684995],[11.25079982444565,47.46613214396974],[11.249094187825563,47.466358649630685],[11.245474719238493,47.466560823063006],[11.24457146322018,47.466322146517506],[11.243310927450388,47.465436887400756],[11.242124737151823,47.46489138778936],[11.241730437827488,47.464983777886076],[11.241140795353001,47.465781159136974],[11.240298413669937,47.46651481858855],[11.240433089995669,47.467251062063966],[11.240343460588193,47.468064488616356],[11.240986058748682,47.46821192070992],[11.241824293808378,47.4678982127109],[11.242112039465281,47.46795215472917],[11.242400492096337,47.46862455615416],[11.242978840951046,47.46896454471322],[11.243902185095756,47.469134900999755],[11.244091364006396,47.469438769695365],[11.244110631970939,47.46980706504331],[11.244349043050743,47.4699425047181],[11.245348725129976,47.47006942144639],[11.24680884769131,47.46982420869494],[11.247413236909484,47.469858971451394],[11.247394228558067,47.46967154304169],[11.247515336729737,47.46937464324369],[11.247258175115016,47.469054836279675],[11.247531987901871,47.46933877254775],[11.247452941546733,47.469865751300496],[11.248557762446833,47.47021095407146],[11.249084803125786,47.470513493990616],[11.251306937796652,47.47046977435499],[11.25363652175529,47.470080601927975],[11.253545029241899,47.47006692326546],[11.253442818928871,47.46997021794696],[11.253360562893237,47.4696294379747],[11.253032068756722,47.46951378519316],[11.252320123351224,47.469698032818414],[11.251442300435267,47.46974911591315],[11.251177190526896,47.46973155749022],[11.250213126648681,47.4694568650216],[11.249772294592592,47.46941719726989]]],[[[11.2516167793146,47.4760369762006],[11.252651041142373,47.47550436158755],[11.252866369112658,47.475257166861056],[11.253060475282641,47.474790012824336],[11.252954254890168,47.4733768894031],[11.253149272850171,47.472797774623956],[11.253326825764406,47.47244342784528],[11.253717267722935,47.47227557550115],[11.254261944127542,47.47174213398505],[11.254452958296316,47.471411096865225],[11.25443534053697,47.47108929297833],[11.253917021601106,47.47138861319936],[11.251355215056638,47.47196304546924],[11.25093222354214,47.47195938577211],[11.250035540496755,47.47263569189983],[11.249211763821545,47.472523901520795],[11.247950740266564,47.471959233967794],[11.248015966939354,47.472287303826974],[11.247437180605056,47.4730961117665],[11.247911793807399,47.4735473522202],[11.248174256380626,47.47420846056605],[11.248559097343353,47.474664339475936],[11.24836753520225,47.47530087947819],[11.2478933675643,47.47591191725603],[11.248606366693593,47.47657408571293],[11.248719817625805,47.47686872384659],[11.24913839571733,47.477200207455596],[11.250378340304183,47.47596321532112],[11.2516167793146,47.4760369762006]]],[[[11.244819048793973,47.476233313953664],[11.246601830035742,47.476746575793634],[11.24689175859876,47.47680685234959],[11.247031781697086,47.47671025172189],[11.247833966466123,47.477054915307995],[11.249841010321942,47.47744440645251],[11.249204995015882,47.4772709787856],[11.248850058968966,47.47703120213228],[11.248579890647237,47.47658504319596],[11.24786419028387,47.475952893416355],[11.24835399848922,47.475260471128905],[11.248527692241021,47.474702839292874],[11.248177726572582,47.474264903804524],[11.247891854801356,47.47356529068898],[11.247420313837285,47.47312073873797],[11.247755493236166,47.472531145542135],[11.247655638305794,47.47257350756314],[11.247371657488225,47.472841925868664],[11.247284849689065,47.4728821423789],[11.246571040279356,47.47247329231886],[11.244470530311457,47.47265743545162],[11.244041433846283,47.47263830229241],[11.243500091988004,47.472495294609686],[11.244377344473769,47.47264144338562],[11.246557889841911,47.472457442284316],[11.247314856114516,47.47285752743978],[11.247986256957946,47.47226907892441],[11.248026749417683,47.472107659470545],[11.247867742222494,47.47192072789028],[11.246207289064587,47.47127541808506],[11.245363309278622,47.47109992613144],[11.244608733422995,47.47107277396906],[11.242602275268714,47.471395059485396],[11.241893861140642,47.472059878279566],[11.241787632663327,47.47242352041316],[11.241456873873963,47.47265063531755],[11.241618778135956,47.47340524141736],[11.242336716202727,47.47392418386114],[11.2431283466655,47.47409127437779],[11.243576912317835,47.47451433764902],[11.244202932968086,47.47467557362668],[11.244292717784095,47.47481104447213],[11.244164688093154,47.47524215496618],[11.24470589250921,47.47608831300246],[11.244819048793973,47.476233313953664]]],[[[11.253087245976413,47.4747921859371],[11.252703160496845,47.47549406873715],[11.251628472684652,47.47605591382809],[11.250552107717814,47.475939016523],[11.250325309159692,47.4760174386821],[11.249197481506824,47.47723180265678],[11.250112955511332,47.47745949482678],[11.251779042004403,47.477277575531794],[11.254759503895478,47.47481868952684],[11.257147999370474,47.471237468939464],[11.25721745710826,47.47097217148739],[11.257058153468996,47.47006950828158],[11.25767459628166,47.468963674521596],[11.256689961881776,47.46950750688333],[11.255940618712675,47.4696083763199],[11.255034223082472,47.47020419552016],[11.254721678533825,47.470805692857226],[11.254476136627293,47.4710067834992],[11.254489734425727,47.47138661725514],[11.254358939720353,47.47165482909562],[11.253726984799375,47.47229797074162],[11.253340232221724,47.47245900221013],[11.253192648003663,47.472750669275605],[11.252984248739192,47.47333652632881],[11.253087245976413,47.4747921859371]]]]}},{"type":"Feature","properties":{"OBJECTID":122,"we_nr":"3779","lgbez":"StOÜbPl Bischofswiesen","typ":"9","plz":"83483","ort":"Bischofswiesen","strasse":"Silberg","bl":"BY"},"geometry":{"type":"Polygon","coordinates":[[[12.952176319942595,47.62877294525677],[12.953261783944937,47.62886499305942],[12.95328231314414,47.62845992678654],[12.952303218654592,47.62839417777657],[12.952573225279576,47.6275886547284],[12.954336978406992,47.627601575529],[12.954446201867427,47.627019031443254],[12.954854016345228,47.626753498791174],[12.954632863698663,47.62622097034792],[12.954705865290231,47.62519427995142],[12.954360185484044,47.62480185667293],[12.954198518377282,47.62407323921592],[12.953868280610802,47.62371592006254],[12.95229871629837,47.62336402222773],[12.950697953496174,47.62362507048432],[12.949423122835237,47.62366822481047],[12.948970411457863,47.624178638944905],[12.947860001240054,47.62505362171169],[12.94731266133062,47.62522926069997],[12.946591509091805,47.62574108600415],[12.945627129006612,47.62576378084462],[12.94497664004465,47.6263073606499],[12.944315818660339,47.626547911953345],[12.944184307997645,47.62682909166203],[12.943780986892925,47.62705780273379],[12.943623843701916,47.62740700277893],[12.94186992533026,47.627862193364194],[12.940201678388934,47.62906147707704],[12.938839075138219,47.629751730971435],[12.939314995389307,47.63134676395585],[12.940031956987331,47.63116289910297],[12.940633681802382,47.6316023554944],[12.947244533997807,47.63477149749445],[12.947283184012896,47.63492910066258],[12.947283551423842,47.635255237794965],[12.947111428825497,47.63550290164752],[12.94636644338385,47.63569875538683],[12.94581178130654,47.63611079087515],[12.945463018482279,47.63693322927275],[12.945302070027733,47.63771427829343],[12.944708757935333,47.638311684157976],[12.943471588244416,47.64053779336008],[12.943404569432618,47.64175461149171],[12.94155269247416,47.64277006832297],[12.941070872088304,47.64319766313444],[12.940600646257819,47.64389772867567],[12.940779719121506,47.64452829710478],[12.940138853811218,47.64503173699076],[12.940035696673847,47.64549040047801],[12.94048704620529,47.64621195079496],[12.940531657440618,47.64722315304437],[12.940826313836995,47.64769774025076],[12.940581639703026,47.64701507043083],[12.940547932218601,47.64606730092091],[12.94019945236366,47.64547558797908],[12.940330518360257,47.6450232543025],[12.940913785491178,47.64458434290582],[12.940737331216528,47.64419541634378],[12.940799102968711,47.6437319662241],[12.941597763646902,47.64284510541624],[12.943499325525432,47.641799768154335],[12.943540786369072,47.64081809219727],[12.943710744925909,47.64034164544036],[12.944807657956558,47.6383377074892],[12.94539069871201,47.63774182485458],[12.945581591608208,47.6369764833829],[12.946140430851587,47.635922264870125],[12.947195779732363,47.63554085369368],[12.947378986643027,47.63529892731382],[12.947409697347636,47.63484995288775],[12.949601231806671,47.63591251255685],[12.949859144412967,47.63503046637113],[12.94935345129844,47.63421722824724],[12.949886089379907,47.633542242693906],[12.95162422614869,47.63299990646464],[12.95181863954248,47.63258056216374],[12.952165619210936,47.63252602172629],[12.952339314759332,47.632359563349084],[12.952280786823634,47.63188954715184],[12.951922788419912,47.63147720172314],[12.95177193343592,47.630537255171625],[12.951796487087588,47.63006014257243],[12.952176319942595,47.62877294525677]]]}},{"type":"Feature","properties":{"OBJECTID":123,"we_nr":"3290","lgbez":"StOÜbPl Freyung","typ":"9","plz":"94078","ort":"Freyung","strasse":"Linden","nr":"38","bl":"BY"},"geometry":{"type":"MultiPolygon","coordinates":[[[[13.580474711458082,48.83653072491692],[13.58043735322035,48.83664110903694],[13.580052974889997,48.83690462518068],[13.580425568222127,48.836901580703916],[13.58069760773461,48.83672461403907],[13.582806389389653,48.83578934509724],[13.583582238249482,48.83568040835165],[13.58252268525319,48.83593699198203],[13.5804113083653,48.83693202723712],[13.580020058821345,48.83692933457065],[13.579887151278433,48.83709518103191],[13.579913068572695,48.83718486643526],[13.580326496622693,48.83716615681112],[13.581882205320158,48.837367540185014],[13.582987498734095,48.83768251279184],[13.583960888921576,48.83737338015715],[13.58456205678116,48.83663916609593],[13.58404005654929,48.83735204595576],[13.583189013310243,48.837702024570945],[13.582640625066865,48.837679141392165],[13.581771536470388,48.83736195800588],[13.579921723840464,48.83720648097064],[13.580121618754145,48.83776937562651],[13.580772122089124,48.838790413867684],[13.581647470146477,48.83964724930851],[13.581558129098202,48.83993771844542],[13.583651987939758,48.839672969553106],[13.584089463889923,48.83958156099035],[13.584565733585613,48.839112325889595],[13.584569330440024,48.8388833191505],[13.585203937187735,48.838599555829965],[13.5857654013084,48.83795448502193],[13.585699102047144,48.837407064194984],[13.586207915010656,48.83673061077467],[13.586901134135724,48.83611484066957],[13.586941751461325,48.83557683674394],[13.586759200320808,48.83530557357495],[13.585994581300328,48.8352196897919],[13.584296763616479,48.834496822032584],[13.583879444962985,48.83370779487661],[13.583170191808389,48.833174379757104],[13.583303190081175,48.833102213316536],[13.583873251079098,48.83346558891232],[13.584386756841646,48.83437326896147],[13.584698282700751,48.83465226608669],[13.585555540484954,48.83482104288219],[13.586073374330551,48.83510189241121],[13.586788999235429,48.83509037158679],[13.587173882418952,48.83554661171261],[13.587872260568718,48.83532121862589],[13.588018605111651,48.8351640063076],[13.587132611119864,48.834708131669274],[13.585828891537732,48.833339679854774],[13.585134505501099,48.832797584913756],[13.584351327286852,48.83285714596882],[13.583490543615177,48.83263297251336],[13.583369275543388,48.832867747208276],[13.583067242181881,48.8329384581515],[13.583262176598556,48.833075587934296],[13.583131261518936,48.83314668175934],[13.582589890016255,48.832913645676854],[13.581415389494488,48.83309029111703],[13.580201706256648,48.83301865201383],[13.580094678278753,48.833546787166384],[13.578804665191237,48.83380378204297],[13.57755555868682,48.83350556185275],[13.577433294383349,48.83386861521504],[13.577131995843766,48.834008759313114],[13.576401767925606,48.833933323536705],[13.575427632136433,48.833612621765944],[13.574611766025601,48.83316475248571],[13.573700780902591,48.83299506006648],[13.573319645490425,48.83231228429785],[13.572276162456246,48.83199143318702],[13.571385528665981,48.83147046523098],[13.570808698862427,48.830889504539726],[13.570630747096185,48.830534426422886],[13.569583076116135,48.82982744947303],[13.569154675845313,48.82970514980626],[13.568366327826569,48.83001733976589],[13.567739757407395,48.82969483056789],[13.567554359505776,48.829500148423634],[13.567805422458035,48.82920506938255],[13.56787410674635,48.82888015221994],[13.567644853990858,48.828640953111815],[13.565657519172358,48.82824348805906],[13.56513406636468,48.827900312854],[13.564930550342067,48.82732970796655],[13.565273575626632,48.8268454112097],[13.565400224606968,48.826165857574836],[13.565043235909652,48.82518492661087],[13.565182978733581,48.82478249402751],[13.564849091112093,48.824477514007214],[13.56482851969209,48.824124191936285],[13.564360978027667,48.8242286004292],[13.563756765777619,48.82469742788108],[13.563141578809699,48.82494088390473],[13.561331803193646,48.824845171918966],[13.561023358555987,48.82438356712592],[13.561041998598128,48.823938063269466],[13.562063466619637,48.82360749926279],[13.562006485582842,48.82317732329734],[13.561556561677762,48.822669132323604],[13.561548282804111,48.82220642572774],[13.560466516267457,48.822560075375975],[13.557040587911764,48.823200091264134],[13.556637715964662,48.8239819235779],[13.555012828905479,48.82572489441956],[13.556156416601654,48.82602060664908],[13.555167177437617,48.82688253300076],[13.554609290408429,48.82767661457444],[13.55457275053592,48.8283158690713],[13.555097143879726,48.830184320856574],[13.555580760896143,48.82954932257546],[13.555509546053669,48.828232698374386],[13.559450697750792,48.82867099602711],[13.55934610151234,48.829564040985694],[13.559672277995444,48.83101797377319],[13.559683426088093,48.83236082592447],[13.560611428895848,48.832500975422995],[13.561160938236705,48.832767720096015],[13.560760070430993,48.83348918891657],[13.561167757348041,48.83371484746701],[13.561060913524749,48.83412434008476],[13.560799869391337,48.83456964399308],[13.560664093527727,48.834547217643305],[13.560744270861775,48.83515736841968],[13.561387013651032,48.83561390949355],[13.562757911046747,48.835796329396466],[13.563058914040619,48.835426202769185],[13.563340295133722,48.83534979408387],[13.565381607921017,48.83614096657519],[13.569593983460328,48.83717923870781],[13.569330750132591,48.837475704612636],[13.572716875934681,48.837832729644504],[13.57233033176619,48.838395905205665],[13.573012363272706,48.8383742864534],[13.573669482699781,48.83901207356267],[13.573819061177764,48.83894051860766],[13.574272621463097,48.839114899597604],[13.574491409743834,48.838977054377224],[13.574371864640744,48.83888020088749],[13.575145293439226,48.83846767792992],[13.576249141463869,48.83810392473306],[13.576749796826306,48.838470096170504],[13.577253105812064,48.838306797265375],[13.57746595083887,48.83819357167218],[13.57773588919191,48.837754534278446],[13.579165456457169,48.83731371331246],[13.580474711458082,48.83653072491692]]],[[[13.582239680006035,48.834403821101],[13.583115433203611,48.83427695825902],[13.583963177828947,48.834417866954425],[13.58416903665779,48.83451037116492],[13.58436501851008,48.83486012128765],[13.584921570642749,48.83518875085132],[13.584496985516935,48.83545946415972],[13.584064619184096,48.83542296484984],[13.583919758658,48.835129856002645],[13.583922909948017,48.83569662387994],[13.583813764640961,48.83486669712855],[13.583691582982528,48.83475897882115],[13.582239680006035,48.834403821101]]],[[[13.579257168159483,48.83730430324153],[13.579872248227849,48.83719171099972],[13.579984374145008,48.836920765812046],[13.579669440976012,48.837050569458015],[13.579257168159483,48.83730430324153]]],[[[13.576104798367368,48.839103505040946],[13.57643808681256,48.83923127327695],[13.576537901318728,48.83870873869298],[13.576379940660829,48.838852717712676],[13.576104798367368,48.839103505040946]]],[[[13.586273386923517,48.846927937426635],[13.587175962917161,48.84717229512851],[13.58742344698135,48.84731218269014],[13.586427040159638,48.84664606055543],[13.586273386923517,48.846927937426635]]],[[[13.564965544213972,48.82421154136539],[13.565354408730864,48.8246218858236],[13.566754542695818,48.82351487674419],[13.565469042744287,48.824052965249244],[13.564965544213972,48.82421154136539]]],[[[13.58348778938051,48.84378329719763],[13.583699933721414,48.84399479822638],[13.58354861430842,48.84422177037053],[13.583932757280136,48.84425794343626],[13.585148992631693,48.84548563956163],[13.585271392580754,48.84586216930621],[13.586429319185505,48.845771015601194],[13.586791768741445,48.84561319997742],[13.58703289902163,48.845710593192884],[13.587137381174017,48.845928450606046],[13.587080668733487,48.84615354531039],[13.586744837157745,48.84655752298414],[13.586460683863669,48.846636709580295],[13.587463828050016,48.84732281220172],[13.587595208456962,48.8478910364405],[13.587765195759875,48.84739737241878],[13.587495562834047,48.846605888238365],[13.587485867317172,48.845717911302906],[13.58766897361653,48.845254413717115],[13.587566739048945,48.845034306890064],[13.586618111820592,48.844573904924],[13.585309084093442,48.84354971703262],[13.584838037202777,48.843316227414135],[13.58431448558042,48.843246553895916],[13.58383721695809,48.8435129729499],[13.583508972553233,48.84354378023309],[13.58348778938051,48.84378329719763]]],[[[13.583967486149028,48.84055416167868],[13.58433597507862,48.84094572676558],[13.584658836778301,48.84061328013923],[13.58515276735253,48.839828798407154],[13.5872809463295,48.83844349788267],[13.587755944909064,48.838677359057705],[13.587359870513732,48.83918228895837],[13.58757420404896,48.83944904417457],[13.587575046668706,48.839690653617765],[13.588219223169162,48.83996582537351],[13.589003500921324,48.83959840374771],[13.589482932686831,48.83958413881294],[13.589240937329043,48.8387085778719],[13.589425215031515,48.83845931400938],[13.590112357951984,48.83841911975246],[13.58851696168528,48.83701184634319],[13.587896151263694,48.83670703535718],[13.587693748253752,48.83626215015507],[13.58709008307767,48.835637970283486],[13.587005307267676,48.83613885628131],[13.585822646449875,48.83741329913042],[13.585876813963198,48.83801736224842],[13.585213850995205,48.83873775625019],[13.584725424398759,48.8389085076608],[13.584644337071314,48.83960057834141],[13.58480797328518,48.840019744585575],[13.584663490051499,48.840234836121034],[13.583967486149028,48.84055416167868]]],[[[13.576186449836824,48.83984858368588],[13.577171012371506,48.84009839698963],[13.577611599187488,48.8403603985314],[13.57888914096393,48.84055156143915],[13.581469284818287,48.839951696528395],[13.581606216813698,48.83965087244524],[13.580745055849608,48.83881201115525],[13.580115909960488,48.837832240668824],[13.579882126102737,48.8372132770479],[13.577787760611384,48.837750760231906],[13.57751300908506,48.83818485945362],[13.576625618212987,48.83862866154735],[13.576477935180245,48.83924660728805],[13.576655537501818,48.83931477987376],[13.576186449836824,48.83984858368588]]],[[[13.565096074814665,48.82749494396179],[13.565320094883631,48.82792092013318],[13.565694383336686,48.82814833768557],[13.567550416799978,48.82849008775323],[13.567871896890756,48.828668836926035],[13.568039147925308,48.82896809596441],[13.56799612760637,48.82923205578078],[13.567742309521115,48.829507355360626],[13.568168490953205,48.82982981195162],[13.568400931829633,48.82989293946738],[13.569105278386148,48.82962827468175],[13.569583243202795,48.82970063713558],[13.570819085183738,48.830533872918764],[13.57096596242765,48.8308845159419],[13.571572587552568,48.831452862234514],[13.572446239590699,48.83197594379956],[13.573129726367979,48.83210276102242],[13.573482852309576,48.832300666445136],[13.573726390074714,48.83290368484939],[13.57467445495772,48.83307937238553],[13.576418138823342,48.833821435657555],[13.57711957573663,48.83388316738073],[13.577303636046802,48.83376991759726],[13.577391924269582,48.833413975875494],[13.577590848104434,48.83336052201512],[13.578697490787913,48.8336945612885],[13.578985615533892,48.8336774232545],[13.579950491489116,48.83340250196817],[13.580014724625181,48.83297893768381],[13.580165739509324,48.83292189698948],[13.581423364737585,48.83298809666426],[13.582522749033584,48.83279653354001],[13.583039203965239,48.83291806581189],[13.58333767011674,48.83285604669913],[13.583448888735429,48.832594853275715],[13.584356197053983,48.83283436287579],[13.58510682122068,48.83277807891155],[13.584967460180751,48.83259427850666],[13.584784419458412,48.83264540217907],[13.583984470596118,48.832190484457584],[13.582608247987407,48.83188100511553],[13.581620395822153,48.83182045477869],[13.577939186025565,48.832045481023435],[13.576205669292325,48.83163692583265],[13.57519200313904,48.83121114801011],[13.574412502627577,48.83068776396879],[13.57333516478528,48.82944687784972],[13.572241151516364,48.828626481033],[13.570580012045575,48.82812181907585],[13.568248375436502,48.827702078390814],[13.567273355705087,48.82727541730478],[13.566133849055223,48.8263309542889],[13.565834605861,48.825677573535195],[13.56577169953658,48.825230624531436],[13.565901630062646,48.825257956680964],[13.565285452252992,48.82486608444309],[13.565189178007351,48.82517553555263],[13.565492113277411,48.82593100830352],[13.5655459915332,48.82642403407697],[13.565096074814665,48.82749494396179]]]]}},{"type":"Feature","properties":{"OBJECTID":124,"we_nr":"3265","lgbez":"PiÜbPl (W) Bogen","typ":"9","plz":"94327","ort":"Bogen","strasse":"Hutterhof","nr":"1","bl":"BY"},"geometry":{"type":"MultiPolygon","coordinates":[[[[12.701714889467134,48.89512745068992],[12.693965189985315,48.8988393815972],[12.691182964717878,48.900697116232855],[12.689876967906503,48.901369837904795],[12.689558311220672,48.90204817095878],[12.690740288420514,48.90141838994607],[12.691906421135418,48.90213048211729],[12.692799969958763,48.90136379281211],[12.694226578173447,48.89979219686099],[12.69556686996745,48.89887356994599],[12.69751220046156,48.89786909548934],[12.698903525546843,48.8973304983797],[12.701674949471313,48.89684282485545],[12.703842243790701,48.896280842948826],[12.704978427572302,48.8954993235436],[12.705945547519107,48.894182074281225],[12.705662731816508,48.89401174820251],[12.70521362897161,48.894069120920335],[12.701714889467134,48.89512745068992]]],[[[12.695815949439549,48.89542759123193],[12.69622088841014,48.89561093836702],[12.69665780470988,48.89539004305232],[12.696190740050882,48.89507686622896],[12.695835500373414,48.89518958816519],[12.696032192793108,48.89535460323343],[12.695815949439549,48.89542759123193]]],[[[12.696845339703563,48.89929370093262],[12.697802421875366,48.89890655061072],[12.698000621668124,48.89914341100133],[12.700617919842633,48.89872945998894],[12.708684223359885,48.89686618415812],[12.708594539155184,48.89666386662784],[12.709349733051681,48.896563215151225],[12.709221006268093,48.895617856445064],[12.70863499927556,48.89454019213077],[12.708221518224967,48.89439495699683],[12.707836752720729,48.89452327040756],[12.705459397253573,48.89666438987252],[12.704969383334024,48.89696628993219],[12.704845506554632,48.89687125181551],[12.705960005005297,48.89605515097664],[12.707512095288786,48.89450850139783],[12.705545547485993,48.896261861891375],[12.70437643236436,48.896971019185045],[12.701805865449261,48.89786397537372],[12.699519334148922,48.89816555814873],[12.69672763974008,48.899161784479894],[12.696845339703563,48.89929370093262]]]]}},{"type":"Feature","properties":{"OBJECTID":125,"we_nr":"3717","lgbez":"StOÜbPl Sonthofen","typ":"9","plz":"87527","ort":"Sonthofen","strasse":"Beilenberg","bl":"BY"},"geometry":{"type":"MultiPolygon","coordinates":[[[[10.307776477262346,47.4896693253315],[10.307353784886816,47.490070515908556],[10.30735244639704,47.49028936725147],[10.307138887209573,47.4902912623218],[10.307246214326472,47.49040062633994],[10.306859410544853,47.49062207245234],[10.306979959066132,47.49078275579743],[10.306725690924896,47.49148229383736],[10.30694485649808,47.4917703469159],[10.306729257236608,47.491856127622846],[10.306682679589098,47.49209780992303],[10.306346477907452,47.49213862353477],[10.306355103530818,47.49235790146533],[10.306203457131048,47.49244763144054],[10.30629585065466,47.49268278115417],[10.306004011375014,47.49283700543498],[10.305876692251445,47.49326002034409],[10.305745204046678,47.49335968851566],[10.305917739870054,47.493550104296816],[10.305591310960367,47.493728476586405],[10.305743220566521,47.49383661466265],[10.30568421382877,47.493978828015045],[10.30480145107704,47.49422535015511],[10.304622424027404,47.494083686163435],[10.304257572376391,47.49431918058724],[10.30395103396374,47.494116249025254],[10.303758867256455,47.49420526645981],[10.303490689601395,47.49417889161378],[10.303218319508877,47.49409038640987],[10.302869864806754,47.49419467622088],[10.302564468152847,47.49413965829261],[10.302402411177246,47.49429203860221],[10.30231667596652,47.494309478958904],[10.30251553422435,47.49410440114483],[10.303195778083476,47.49405401970295],[10.303763061490503,47.49417624465986],[10.30399023195116,47.49409609670162],[10.304249262061708,47.494273114224555],[10.304615303980475,47.49403742658033],[10.30481197753553,47.49419472599157],[10.305661379552545,47.493936076586394],[10.305540851692566,47.49371744377334],[10.305852131413266,47.49352241746414],[10.305682260891345,47.493375251825086],[10.305940646011479,47.49282477001526],[10.30622051254504,47.492680310148366],[10.306140389109883,47.49244205086331],[10.306299907446487,47.49235925017786],[10.306301920571048,47.49212995337637],[10.306625125427152,47.49207363130291],[10.306684431303903,47.49184197146681],[10.306869673796994,47.49175266777657],[10.306672473829172,47.491461664621475],[10.306925532837981,47.49078292636427],[10.306806643505075,47.49060350791811],[10.307168093236111,47.49040358669821],[10.307099861698697,47.490254004934705],[10.30729519406902,47.49025591700248],[10.30729937931993,47.490082204449074],[10.30769651013405,47.48965134076452],[10.307572975612818,47.48956285828082],[10.307582861572511,47.48945305728848],[10.307819057406839,47.489411311035106],[10.307872393080212,47.4892014945295],[10.308127381670253,47.48915746386621],[10.307983187694106,47.48883040501262],[10.308083415425306,47.48878760022388],[10.308213520224543,47.4888092411824],[10.308450906326625,47.48833988575689],[10.308671901767998,47.48820482008078],[10.308959515372562,47.48759874756222],[10.309012664196374,47.48712528560852],[10.308372824762104,47.4870776103436],[10.306159912195971,47.48766693894596],[10.304854477729947,47.48747529504231],[10.304383362567336,47.48753482477492],[10.303728570675176,47.487194131997214],[10.303255287877768,47.48715524189965],[10.301905465856956,47.48741721788531],[10.301151987742616,47.48728324008042],[10.300749553275068,47.48700616322919],[10.298804873161187,47.48675664360157],[10.297089343394896,47.48774750949979],[10.297416113664381,47.48835946846944],[10.297210751603865,47.48897960780075],[10.295475464291178,47.48960849597501],[10.294138515128376,47.490625452236046],[10.293813870272858,47.49135293044354],[10.29379180495455,47.492394899393055],[10.293542710211065,47.49282602342059],[10.293148135103923,47.492863767598394],[10.293048421209061,47.493496114504374],[10.295653080985838,47.49332651821459],[10.2976064846394,47.49352209334328],[10.298661465210898,47.49439017103265],[10.298702343047925,47.49457264106195],[10.299548716844122,47.49450186329799],[10.299827043665259,47.49515998460191],[10.300986981597946,47.497016830767684],[10.301131596883966,47.49821077770144],[10.302803183761533,47.49820241382318],[10.3032357585035,47.497949778068104],[10.303288552492758,47.497405868028245],[10.303605688330805,47.49665244419621],[10.304549929983962,47.49540202496922],[10.30468140920559,47.4944120785648],[10.30569674532698,47.49403447431739],[10.306839803915468,47.492737230050444],[10.307739803540871,47.4921115823961],[10.309140386663474,47.49154337960169],[10.309980191978296,47.49140853279],[10.314001561433672,47.489176494494494],[10.313695880912114,47.48879001617383],[10.313613406585885,47.488219035492016],[10.313403075045226,47.48806784615921],[10.313314484090192,47.4878104328505],[10.313354968465122,47.48703819385363],[10.312839086658617,47.486595271687456],[10.312014517669333,47.486810859465926],[10.310950215280121,47.486813765999464],[10.30991893406245,47.48709828863078],[10.309067068864927,47.48714041126736],[10.30888749384296,47.487948520133585],[10.30871163874461,47.48823334073965],[10.308494456651616,47.4883562154087],[10.3082980696591,47.4887926190866],[10.308213311815418,47.488854324106455],[10.308020359082239,47.48884644799755],[10.308176690196207,47.489181106617934],[10.307893390301638,47.489245166408644],[10.30790158473366,47.48939876220424],[10.307643910180898,47.489468377735705],[10.307776477262346,47.4896693253315]]],[[[10.30397999385187,47.493199993921074],[10.303763998433343,47.49301276894558],[10.30377632242076,47.49285093127905],[10.3040400390421,47.492777836186235],[10.30397999385187,47.493199993921074]]],[[[10.304406260623919,47.49201908217308],[10.304223952028552,47.492093051772514],[10.30427503113395,47.492257857491246],[10.304406260623919,47.49201908217308]]],[[[10.304406260623919,47.49201908217308],[10.305129898501141,47.49133688336826],[10.30520446765291,47.49120664008102],[10.305070583641252,47.49104871622485],[10.304406260623919,47.49201908217308]]],[[[10.305070583641252,47.49104871622485],[10.305298663196968,47.49070049940331],[10.304988915103818,47.49077457162191],[10.305070583641252,47.49104871622485]]],[[[10.300346298645634,47.49199798396823],[10.300655572428349,47.49328580567619],[10.29985215157747,47.49275070675809],[10.299597385769575,47.492062264300564],[10.300346298645634,47.49199798396823]]],[[[10.30241808138905,47.49856545625789],[10.303342104660098,47.498383990583264],[10.30372132396579,47.497982050247224],[10.305669112250527,47.4965506804657],[10.30860896400258,47.49360121336859],[10.314016280329616,47.4892024208387],[10.31000391289172,47.491433456495535],[10.309188146493863,47.49155804146135],[10.307897095852198,47.49206227765424],[10.306849958471458,47.49277193758837],[10.305726440935334,47.49405411196109],[10.304692259955932,47.4944374196455],[10.304580230158496,47.49542462581845],[10.303660627496964,47.49662446524414],[10.30358603319241,47.49702771176264],[10.303326584466944,47.497408224710185],[10.303265388534834,47.49796671771763],[10.30241808138905,47.49856545625789]]],[[[10.29131834322671,47.48982401796893],[10.292282678396147,47.490954842922285],[10.292682438579103,47.491150545854595],[10.29313209837947,47.49215111222659],[10.293525030467954,47.49254943832756],[10.293203209017348,47.49283579148336],[10.293358808902676,47.49287911739942],[10.293633888314073,47.49270045937345],[10.293763720025492,47.492397375875164],[10.29377330415126,47.49140395788874],[10.294071667894825,47.49066039972106],[10.295457406357356,47.48958674426238],[10.297175095673602,47.48897641244532],[10.297378540729278,47.48853715788181],[10.297355908574035,47.48816803833897],[10.29706083535934,47.487765018803685],[10.295429460667181,47.48875274800936],[10.294789444264817,47.4893138157734],[10.292680420962956,47.49017579523233],[10.29131834322671,47.48982401796893]]],[[[10.295265516331177,47.49552798314036],[10.29632947197068,47.4945814977594],[10.296839900105072,47.49441177872781],[10.297872217978593,47.494343858914156],[10.298661342141731,47.494557448350534],[10.29863789790941,47.49439817619915],[10.297523227880532,47.49351619725689],[10.295594571914746,47.49334976516607],[10.293335029598808,47.493440782648314],[10.29311509866103,47.49352433669653],[10.293361072657197,47.4935227318735],[10.293674615234119,47.494066643898606],[10.29443385424438,47.494593916677324],[10.295265516331177,47.49552798314036]]],[[[10.301129891881574,47.498292230310945],[10.30241504059184,47.49829221635195],[10.302408657163431,47.4985226418033],[10.3027731198439,47.49822696044561],[10.301129891881574,47.498292230310945]]]]}},{"type":"Feature","properties":{"OBJECTID":126,"we_nr":"3657","lgbez":"StOÜbPl Maxhof","typ":"9","plz":"82343","ort":"Pöcking","strasse":"Maxhofstr.","bl":"BY"},"geometry":{"type":"MultiPolygon","coordinates":[[[[11.296381880782315,47.98622684563311],[11.29640579483348,47.98614052700267],[11.29607274713678,47.98624067680263],[11.295601360682944,47.98662441812801],[11.295437424431782,47.98692318846498],[11.295811114606872,47.98735526664388],[11.295762966704268,47.98752377161388],[11.295927164365185,47.9878712281065],[11.295910726992128,47.988144194927884],[11.295818169975144,47.98819391468686],[11.295898903366362,47.98808918370468],[11.295894231228559,47.98789024265214],[11.29574871762724,47.988281054165164],[11.295707999690366,47.988861695883344],[11.295983772601154,47.98903209157555],[11.29589305353723,47.98919577893732],[11.29614983336795,47.989194872303365],[11.296793514896674,47.98956980916363],[11.297032888970465,47.98952102020439],[11.29757149096713,47.98971179715147],[11.29790833584253,47.99018257679204],[11.298297876790805,47.99045749491257],[11.300767676087212,47.99102249731302],[11.30121198911502,47.99145845131171],[11.301685789342024,47.99155072063208],[11.30243895663927,47.99133910358267],[11.303142337506838,47.98993706107125],[11.303504930793213,47.989979455801105],[11.303520733057391,47.990671531194565],[11.304075601747199,47.990958858995924],[11.303918042636232,47.99127964874907],[11.304189562922494,47.9918261340553],[11.304499194234653,47.99198827112037],[11.305316133832253,47.991857236376845],[11.305576048783346,47.991965481447686],[11.30555022311722,47.99174393089292],[11.305842428909514,47.99174661038086],[11.305914741493275,47.99159462241754],[11.305815014123656,47.9911796602275],[11.30747845507821,47.99162322153248],[11.308755267422645,47.99224252606515],[11.309596466922796,47.992351758666636],[11.31047373557824,47.992284079052446],[11.310511101002513,47.99202220611946],[11.310228884476178,47.991051607159164],[11.310234722627216,47.99037790239556],[11.30961562708949,47.98909087323025],[11.309278943910867,47.98776405847053],[11.30931728490549,47.98552693335299],[11.309428490947786,47.985291739589925],[11.308527464548035,47.98547929258493],[11.308372106309523,47.98523254294607],[11.308529276449947,47.98520445797671],[11.308418291393236,47.98487079582739],[11.308639158375522,47.98483747122178],[11.308597785566796,47.984712241606026],[11.30781397583689,47.9852077715349],[11.307169784065081,47.98536000738847],[11.303224361777122,47.98569440892769],[11.300744027039054,47.98520984288442],[11.300149389931603,47.98521096003026],[11.296381880782315,47.98622684563311]]],[[[11.295795598006972,47.98763991216458],[11.295475894783854,47.98768157647878],[11.295695789789015,47.987873605375995],[11.295761919268653,47.98820700702173],[11.295865362070266,47.98793742906932],[11.295795598006972,47.98763991216458]]],[[[11.295763734763854,47.9894320413032],[11.295903432672029,47.98944778347175],[11.295939175738877,47.989449768076454],[11.295831731840991,47.98931208887533],[11.295763734763854,47.9894320413032]]],[[[11.295738973601356,47.98947212779046],[11.29586924728388,47.9895262092678],[11.296001402038593,47.98950485119734],[11.295738973601356,47.98947212779046]]],[[[11.296460939713846,47.98947874413808],[11.296742706184203,47.989678350619606],[11.296779695214358,47.98959365983018],[11.296120032656736,47.989202937016],[11.295856520851233,47.98926660335066],[11.295968531784029,47.98944981136375],[11.296460939713846,47.98947874413808]]],[[[11.296888472212103,47.98961334890147],[11.297608712660935,47.989855739277296],[11.29700357604444,47.98955516905377],[11.296888472212103,47.98961334890147]]],[[[11.29795371783237,47.99049209765031],[11.29852417498731,47.99063625282913],[11.298678427399727,47.99056918899871],[11.298222956397803,47.99044261818111],[11.297769246992122,47.990056869560604],[11.29795371783237,47.99049209765031]]],[[[11.298923340485556,47.99062385188876],[11.29895130414204,47.990655864549176],[11.298961391324381,47.990629478514464],[11.298923340485556,47.99062385188876]]],[[[11.301724098895646,47.99157118749578],[11.30111515791391,47.99139704635373],[11.301572290799099,47.99170524092393],[11.302429624041787,47.99136133562681],[11.301724098895646,47.99157118749578]]],[[[11.303835201797353,47.99143913508094],[11.304141690802666,47.9919130251234],[11.304320040522558,47.992010852773525],[11.304512745320705,47.99202768049341],[11.304171288494638,47.99187931910392],[11.303894211230064,47.99132844566477],[11.303835201797353,47.99143913508094]]],[[[11.302548479238705,47.99243852620935],[11.303458714268471,47.99299055767903],[11.304232281407506,47.992195362821896],[11.305433088194045,47.992114389064],[11.305608447422365,47.992069837241104],[11.305814427523785,47.99180107062647],[11.305589517224396,47.99178345227317],[11.305606190854391,47.991992140337835],[11.305289483512691,47.99189088409587],[11.304357344861398,47.99204483645362],[11.304036762187586,47.99185349520172],[11.303818176926093,47.99147825810594],[11.303212465387825,47.99276775988],[11.302550907384928,47.9924298391815],[11.302013333959273,47.99228432493513],[11.302358422674036,47.99149935264002],[11.301651246424397,47.99174144979644],[11.301232713248627,47.9915777987648],[11.300811955844214,47.99183124533405],[11.301441893149075,47.992187985727114],[11.299416028689732,47.991644970700584],[11.299776850498365,47.990860320540584],[11.299405460908744,47.99163942354239],[11.29866628038044,47.99129133772082],[11.298941708338177,47.990681250776824],[11.29784598467695,47.990508020456936],[11.297618740554467,47.98990043790282],[11.297346753144282,47.98976722268205],[11.296767385599997,47.99099209788678],[11.29817554421539,47.99116466346565],[11.299681112546956,47.991794425719675],[11.302548479238705,47.99243852620935]]],[[[11.301038284583452,47.994369979904334],[11.301592081583156,47.9947290550532],[11.302264210061967,47.99471359944166],[11.302681182864077,47.99432057508981],[11.303042228353222,47.993782544501585],[11.30343799462645,47.99301292848357],[11.302673266909787,47.994317404590795],[11.302260472172078,47.994707915550684],[11.301600769190253,47.99472546136846],[11.301049060773602,47.994368143974356],[11.301368827777113,47.9936943574666],[11.300701862814552,47.99354531133217],[11.30135018234509,47.992205570276134],[11.300691962481807,47.993548749397306],[11.301359041530432,47.99369734284556],[11.301046753899955,47.99435244418535],[11.299755706851546,47.99385229195086],[11.300648787652603,47.99204749668806],[11.299941607809707,47.99184967406867],[11.299076543665729,47.993657951580204],[11.301038284583452,47.994369979904334]]]]}},{"type":"Feature","properties":{"OBJECTID":127,"we_nr":"3482","lgbez":"StOÜbPl Volkach-Nordheim","typ":"9","plz":"97334","ort":"Nordheim a.Main","strasse":"Volkacher Str.","nr":"35","bl":"BY"},"geometry":{"type":"MultiPolygon","coordinates":[[[[10.197404464112136,49.85858954351639],[10.194203892518527,49.859842947741214],[10.193127179005346,49.860076741583164],[10.194481742334238,49.859707414955686],[10.192826176011478,49.85997289351134],[10.192968284997862,49.860088001115635],[10.19283739686769,49.860066951816286],[10.192854920303938,49.86040568760023],[10.191237686890956,49.860992215874354],[10.190293758749853,49.86124647559602],[10.18864418688499,49.86131134298025],[10.188656190173807,49.86182885900536],[10.188249524641261,49.86252264384658],[10.184923014634686,49.861992643302365],[10.18453741010396,49.862252570414164],[10.18415245685183,49.8632621887475],[10.184580067503537,49.86379209834927],[10.185088701702325,49.86407868424735],[10.185324107019206,49.86449245676763],[10.187027834719295,49.864333268788386],[10.188438746671059,49.863786872330515],[10.189126257900803,49.863678722857145],[10.191566013940845,49.862540499055335],[10.191962012877688,49.86294190422641],[10.197591971258042,49.86025943315227],[10.19791126305279,49.860016427785254],[10.197516371738669,49.85962708433783],[10.198043276772026,49.85905893746151],[10.199758081597889,49.857727090257164],[10.199294783574889,49.85771029713707],[10.197404464112136,49.85858954351639]]],[[[10.197567882035374,49.86160383522056],[10.198738786601059,49.86106563854018],[10.198865231663854,49.86108124045859],[10.199450761650963,49.861936776354234],[10.199835579257465,49.861771970362916],[10.199620847768555,49.861731108989645],[10.19870296358417,49.86048387830781],[10.198159949062829,49.860811678996676],[10.198212320843883,49.861168313339945],[10.197567882035374,49.86160383522056]]],[[[10.192882956723953,49.863764791019626],[10.193437361883094,49.86488484790779],[10.193361902500898,49.86496792488535],[10.193773337189302,49.86487068499211],[10.193618449668005,49.86483621139917],[10.193152087491535,49.863726132342784],[10.194115335699484,49.86325515135094],[10.195491516985696,49.8628169615162],[10.195556863134431,49.862521714430464],[10.194796300905747,49.86246497484736],[10.192348362111774,49.863521950365524],[10.192426758086649,49.86369383983646],[10.192882956723953,49.863764791019626]]]]}},{"type":"Feature","properties":{"OBJECTID":128,"we_nr":"3297","lgbez":"StOÜbPl Bogen 2","typ":"9","plz":"94327","ort":"Bogen","strasse":"Sollinger Lochgraben","bl":"BY"},"geometry":{"type":"MultiPolygon","coordinates":[[[[12.721236538235171,48.9202701694893],[12.719105142391198,48.9204281877002],[12.719016532571558,48.92024829331093],[12.718618153997506,48.920261786179985],[12.718348806735921,48.92010446280744],[12.717938335041508,48.91907345880474],[12.717271615319019,48.91881612123619],[12.716106298274413,48.919132584293735],[12.715678544790569,48.91905748161114],[12.715570675989555,48.919239397944644],[12.715179984299398,48.91931768916504],[12.71483094479403,48.919662695268386],[12.718259945387995,48.92069996125466],[12.716109135154081,48.92158030547955],[12.71497961507525,48.92171968461217],[12.714741793290276,48.92193899555523],[12.714606286921224,48.92182611790759],[12.71329790328613,48.92250835825557],[12.713069267673243,48.92315505939016],[12.712838660258292,48.92332644246397],[12.710659374328182,48.92403186431209],[12.71088850670943,48.92375948145294],[12.711131297076252,48.92244186494311],[12.711492957911371,48.92229028760225],[12.71191251067498,48.92162717862268],[12.712241068591888,48.921506179842694],[12.712348200774347,48.92132330016711],[12.712248030535328,48.921274338922636],[12.71243301431362,48.92103289068301],[12.713033217382554,48.92086498064151],[12.713424054599805,48.9203102313229],[12.713021190737544,48.920274358782294],[12.712530980985258,48.91997962932964],[12.711363368745102,48.91962916279544],[12.711322034563917,48.91990755259224],[12.711228569350169,48.920107177563324],[12.711344021728813,48.91968125659165],[12.711163376813369,48.91958917597385],[12.708739965619918,48.919361024984255],[12.706852554902069,48.91940648821036],[12.706061668244326,48.919269340459394],[12.706226939392009,48.92016394302204],[12.706547549015264,48.921006215255936],[12.70724992107476,48.92236394989715],[12.708355136335285,48.923397279456694],[12.7085930075276,48.9233402201846],[12.708791895429867,48.92371318462431],[12.711102122490747,48.92472081740917],[12.712172687934123,48.92605451106446],[12.712798839738385,48.9264909927435],[12.713738703901154,48.92687632457787],[12.717786314044279,48.925013748770084],[12.721224991290514,48.92382236245981],[12.725258711682718,48.9226987305101],[12.731674092268904,48.921294451489395],[12.731924938727197,48.92134040347676],[12.731816222814853,48.921259521741014],[12.732027235278512,48.92038362441474],[12.73226129132582,48.920129575621935],[12.732629117298721,48.92011657561143],[12.732631530173592,48.91989639778659],[12.731933144837315,48.920220563794885],[12.731730431908606,48.92097894362949],[12.731456360406954,48.9212256497489],[12.727463111813254,48.922112075103215],[12.726042138730328,48.91755414567664],[12.720741180237988,48.91809139143964],[12.721236538235171,48.9202701694893]]],[[[12.71109466018569,48.926007815602105],[12.71183189945463,48.92577376865779],[12.711805042522572,48.92563453068929],[12.711312273470023,48.92580095149318],[12.71109466018569,48.926007815602105]]]]}},{"type":"Feature","properties":{"OBJECTID":129,"we_nr":"3499","lgbez":"StOÜbPl Würzburg - Geländebetreuung","typ":"0","plz":"97080","ort":"Würzburg","strasse":"Riedelkreuzweg","nr":"11","bl":"BY"},"geometry":{"type":"Polygon","coordinates":[[[9.902312622867782,49.81773382893702],[9.900652458069045,49.81785488193442],[9.8989437546006,49.818209972727786],[9.898673101188603,49.8201019310272],[9.899319598037431,49.82009912004595],[9.900017602488004,49.81960548834152],[9.900098878461671,49.81935179605188],[9.90235895168193,49.81934331545029],[9.902401308145876,49.81785657787516],[9.902312622867782,49.81773382893702]]]}},{"type":"Feature","properties":{"OBJECTID":130,"we_nr":"2449","lgbez":"StOÜbPl Rennerod","typ":"9","plz":"56477","ort":"Rennerod","strasse":"Am Alsberg","bl":"RP"},"geometry":{"type":"Polygon","coordinates":[[[8.08056772641624,50.62319268844967],[8.077713888352648,50.62252358541362],[8.077640494197315,50.6226482901021],[8.077429532937622,50.622619747676254],[8.077190467884298,50.623166815230725],[8.077280516805022,50.62328703134419],[8.077761850303984,50.62306159424944],[8.08237045564719,50.624127195138314],[8.084831930255863,50.62621300098693],[8.084077736184232,50.62656611420648],[8.086983853502414,50.62950983004215],[8.087983023541934,50.629669471211386],[8.091942510752316,50.628930678652225],[8.093563184712815,50.6267042193682],[8.097314778410226,50.626165139820245],[8.099288965486238,50.62493245437352],[8.099119866617123,50.624821303106415],[8.102733778225847,50.6221579640168],[8.102702953435173,50.62168954417231],[8.102900833427698,50.620952124578054],[8.105291142601235,50.617875199160764],[8.10546774958949,50.617321785468334],[8.105449455398697,50.61661997800026],[8.105132878312746,50.615971198088104],[8.104133067774429,50.6151089069095],[8.102845117218815,50.61460177353106],[8.101355397863808,50.61441119959143],[8.099644875306906,50.614638410986515],[8.093542172220006,50.61666612467408],[8.09236499382039,50.6167820745401],[8.08801696997822,50.6166987193226],[8.08662712711315,50.616886008299296],[8.085385221504065,50.61738711233849],[8.08507725836335,50.61758773656128],[8.08515183559996,50.61766944183846],[8.084391264388136,50.6181565522253],[8.08369947627931,50.61782340467943],[8.08370536204106,50.61834736690531],[8.082747472283765,50.618994120329035],[8.082730817518408,50.619236979362846],[8.082935603758818,50.61913757853122],[8.087669577084768,50.62037979541044],[8.08787717145874,50.62066699416192],[8.087155244872122,50.62190174227227],[8.087654887833228,50.622093867962214],[8.087693892682871,50.622253093764925],[8.087440821995934,50.623012179721776],[8.08662762477984,50.62440417620033],[8.085365253751913,50.62432702125383],[8.084161923597728,50.62404905552575],[8.083985471119705,50.62389556442486],[8.083799046443735,50.62396430952922],[8.082009311343366,50.623544110653434],[8.082059537049224,50.623469556476294],[8.081302279722493,50.62328963923372],[8.081393686895927,50.62311934306007],[8.08103602446212,50.62303462958258],[8.08056772641624,50.62319268844967]]]}},{"type":"Feature","properties":{"OBJECTID":131,"we_nr":"0011","lgbez":"ÜbPl Panzer Stapel (Orne) -UK- - Zufahrtstraße","typ":"13","plz":"32832","ort":"Augustdorf","strasse":"Brücke L 758 bei km 78,71","bl":"NW"},"geometry":{"type":"MultiPolygon","coordinates":[[[[8.754315705103293,51.92255590559664],[8.757749085882605,51.92203330130651],[8.758608917340089,51.922111069702595],[8.761705467617055,51.923082932542144],[8.763026751059606,51.92331480974014],[8.76327891175315,51.923484906697404],[8.763275867362653,51.923864495728495],[8.763572998617668,51.92375996887533],[8.763675243964984,51.92385940005207],[8.76327534813643,51.923919052890845],[8.763278984516715,51.92527903489202],[8.764076373180451,51.925195265159545],[8.764011816650862,51.924976814075116],[8.765382795793283,51.924596057223354],[8.764795252681612,51.92395281293767],[8.763298443822377,51.92288989748717],[8.763115110249288,51.92281412931292],[8.762488547914952,51.922997894462654],[8.761893991655874,51.92292774080665],[8.761782952700203,51.922889187246],[8.761839586088989,51.922747565921945],[8.761721604054486,51.92286964231212],[8.758700972198831,51.92194953548895],[8.759085620023749,51.92175092761564],[8.758646335764924,51.921945053451516],[8.757419781465709,51.92187169146587],[8.756312895338782,51.92200705012796],[8.756254289249636,51.92191655012074],[8.756275979970487,51.921998027891924],[8.754121015926692,51.922349809543356],[8.754315705103293,51.92255590559664]]],[[[8.763419806217293,51.92264407302686],[8.764704654890263,51.92345801372395],[8.764565988248021,51.92353241630359],[8.764899596493448,51.923728999181286],[8.765214019419359,51.92344489658621],[8.765315417655378,51.92315239400082],[8.765009206229502,51.92278909132226],[8.766309972150978,51.922568845155595],[8.769373445560847,51.92236636578325],[8.769609345849428,51.92219109669921],[8.764199138743834,51.92248955124058],[8.763419806217293,51.92264407302686]]]]}},{"type":"Feature","properties":{"OBJECTID":132,"we_nr":"0016","lgbez":"PiÜbPl (W) Minden","typ":"9","plz":"32423","ort":"Minden","strasse":"Weseraue","nr":"1","bl":"NW"},"geometry":{"type":"MultiPolygon","coordinates":[[[[8.919418518380526,52.2744924988981],[8.919628910108292,52.27578938344095],[8.919562356623825,52.27662948602192],[8.919132892747704,52.278061708392094],[8.918537215391117,52.27909084122895],[8.919001122471917,52.27916314754731],[8.919194550413858,52.28008004437099],[8.919507947463684,52.28010158394274],[8.919477547576172,52.280254644743664],[8.920666891859678,52.280392178078365],[8.920195537745206,52.281478590573606],[8.920331389067309,52.281653215662374],[8.921098846764117,52.280100850238874],[8.921688137997306,52.27921805775311],[8.923691358623277,52.276419725969944],[8.923915157706691,52.27628150590061],[8.925382327551421,52.27444220493755],[8.92622327282836,52.272520924121025],[8.925813707534083,52.27249295834284],[8.925435923736222,52.273570111229596],[8.924802613257455,52.274536093546985],[8.920371213180506,52.274261872312216],[8.919418518380526,52.2744924988981]]],[[[8.923759659331,52.27860684351273],[8.92309951347974,52.27972012664686],[8.922799716923304,52.279725648983394],[8.92306555356873,52.27978608576765],[8.922340545760703,52.281482546955345],[8.921734276368635,52.2823571860804],[8.921674500672967,52.28331167042624],[8.923194581287945,52.283080506654265],[8.922827645545468,52.28232202448098],[8.923028128855682,52.2811585291655],[8.92416133741706,52.27976662900786],[8.926333664996987,52.27972264654275],[8.927321826182709,52.27932730692578],[8.927617238960577,52.279392202056634],[8.927252165425681,52.27907137537026],[8.927223265724688,52.27920225120095],[8.926453196625351,52.279575168913794],[8.92402130713226,52.27964798996343],[8.92382924462954,52.279544151272916],[8.925930438215365,52.27651266611688],[8.926104620650655,52.27651335975675],[8.92629311414674,52.276007175092886],[8.92745715019375,52.274415510089355],[8.927944366759538,52.27345021498413],[8.928264743719147,52.27167280936117],[8.92809067267493,52.271651000189834],[8.927865467728125,52.272830826594124],[8.92743485490672,52.27395964000509],[8.92666246096746,52.275086827927254],[8.92418552545441,52.2780563485346],[8.92433278807561,52.27805716196667],[8.923759659331,52.27860684351273]]]]}},{"type":"Feature","properties":{"OBJECTID":133,"we_nr":"0017","lgbez":"PiÜbPl (L) Lerbeck","typ":"9","plz":"32457","ort":"Porta Westfalica","strasse":"Bergstr.","nr":"43 a","bl":"NW"},"geometry":{"type":"Polygon","coordinates":[[[8.93668667947763,52.24928667006777],[8.937010259829552,52.24875542818382],[8.937526904305729,52.24867227889487],[8.938509283934264,52.2482210274178],[8.938524980197217,52.248543662445364],[8.941390180152533,52.24848461301784],[8.941388136485235,52.24833454112302],[8.942790432695105,52.24831437097637],[8.942770347263668,52.248066455178865],[8.943056486732829,52.247862147325456],[8.943940790993574,52.24760499075558],[8.943741070353065,52.24566173419952],[8.94043213229175,52.245440435037864],[8.936541579999673,52.244458146663874],[8.93611094831366,52.24454814404577],[8.936044057960949,52.24413009046508],[8.928351549721679,52.24400508175132],[8.928652157456828,52.246247299763084],[8.927851946286447,52.24800795125512],[8.927439918709991,52.24814558739751],[8.927273467176024,52.24844720866329],[8.927630348075521,52.24890494097761],[8.92843225077357,52.248984690424464],[8.928635041855728,52.24875335091094],[8.929021264427357,52.24866000992593],[8.929240266507103,52.24879646544034],[8.928890796708727,52.24911795618486],[8.9304212573568,52.24966346320789],[8.932691495014517,52.249697352242265],[8.935398701972568,52.24935041684042],[8.935412517163298,52.249238527606586],[8.935645127821308,52.24923807937812],[8.935628298782783,52.24900453083044],[8.936160801218655,52.248683892283665],[8.936594212292187,52.2487376016925],[8.93649886331129,52.24931692132137],[8.93668667947763,52.24928667006777]]]}},{"type":"Feature","properties":{"OBJECTID":134,"we_nr":"0019","lgbez":"PiÜbPl (W) Windheim","typ":"9","plz":"32469","ort":"Petershagen","strasse":"Logeweg","nr":"48","bl":"NW"},"geometry":{"type":"MultiPolygon","coordinates":[[[[8.983030289783041,52.40444365929665],[8.982817471705683,52.4043695840348],[8.98128442211294,52.405680439445014],[8.980575813050429,52.40646592749691],[8.981262406201973,52.406503419885674],[8.98182107835869,52.405976026177406],[8.984445691514567,52.40624046502375],[8.984584820789145,52.405919644970375],[8.985062234938539,52.40594309896938],[8.985054462714716,52.40610631756624],[8.985334729896884,52.40610965230963],[8.985417001203869,52.40634652202195],[8.985745989413788,52.40638297271966],[8.985561263451999,52.40622031522845],[8.985614388021254,52.40536483700692],[8.98695400428217,52.40419961086622],[8.98457388559721,52.403007969541946],[8.983030289783041,52.40444365929665]]],[[[8.980640357003589,52.40301492503889],[8.980494697875208,52.403166702686505],[8.978392105612471,52.405356258049274],[8.979723117809588,52.40583530977383],[8.982389884410168,52.40355326106242],[8.980640357003589,52.40301492503889]]]]}},{"type":"Feature","properties":{"OBJECTID":135,"we_nr":"0030","lgbez":"StOÜbPl Brückfeld","typ":"9","plz":"37671","ort":"Höxter","strasse":"Im Brückfeld","bl":"NW"},"geometry":{"type":"Polygon","coordinates":[[[9.400797172069963,51.77228298472281],[9.399482619703797,51.77287657245212],[9.395301616029192,51.774152543465824],[9.393901145195994,51.774414468686494],[9.392105947440374,51.77441756527603],[9.390005562338306,51.77422682252276],[9.38921610669684,51.77402217059354],[9.38868041614,51.77460067500386],[9.390948575096132,51.775372767688076],[9.392788889838581,51.775834013436906],[9.39584428380082,51.77613782438156],[9.397070607233017,51.77606450948381],[9.398134663483825,51.77584472304121],[9.400503532566468,51.774954301474885],[9.403515551375184,51.773263877252205],[9.405346052023175,51.77239027362617],[9.406644567664854,51.77191081178598],[9.407477307729968,51.77174638073567],[9.406363921393643,51.77044035478054],[9.400747619202232,51.771752753272004],[9.400797172069963,51.77228298472281]]]}},{"type":"Feature","properties":{"OBJECTID":136,"we_nr":"0031","lgbez":"StOÜbPl Bielenberg","typ":"9","plz":"37671","ort":"Höxter","strasse":"Pionierstr.","bl":"NW"},"geometry":{"type":"MultiPolygon","coordinates":[[[[9.355416544071192,51.780263236780016],[9.355115409024947,51.78013931071381],[9.353124310265411,51.78034170571701],[9.352878500660946,51.780608587448576],[9.353062070490973,51.7810870943459],[9.351564111788186,51.78152525294189],[9.351934602164212,51.782968970802806],[9.352569154114697,51.782841523793664],[9.35268717208182,51.784375513835585],[9.353691327771166,51.78413128669406],[9.35352752447064,51.78264904606151],[9.353618607352255,51.78263075333738],[9.353810022169668,51.78416563636481],[9.355673826060157,51.783765527292516],[9.356349378916837,51.78662855089852],[9.356835925339425,51.787738511132716],[9.358383339891855,51.78955705675032],[9.359814204324387,51.78921113334966],[9.35946059598745,51.788701966022025],[9.358379111521815,51.78805762239571],[9.357737738663367,51.78687353859303],[9.357735098514764,51.78579023516531],[9.356879269950214,51.785948502914366],[9.357737555407061,51.7857158878972],[9.357758950582198,51.784976933074],[9.35900283877311,51.78497096585112],[9.359537867271587,51.7847895670104],[9.361198214428304,51.7816654298267],[9.36197478104208,51.781606450095225],[9.36300306009005,51.78039907926737],[9.363961281325674,51.77988831299406],[9.364663336279863,51.77985284240528],[9.36556732532344,51.779198163217536],[9.363410678735116,51.778444693858326],[9.358921275338574,51.77802307919928],[9.355864270697037,51.778565783381694],[9.35564518417563,51.778869202446344],[9.355304634647998,51.780168760976935],[9.355416544071192,51.780263236780016]]],[[[9.353498145967595,51.78428582638554],[9.353086146238883,51.78440904085808],[9.354339761387735,51.7841052555935],[9.353498145967595,51.78428582638554]]],[[[9.355612030951747,51.783869510123225],[9.353086766076448,51.7844197745459],[9.353175032739628,51.785933954716775],[9.355998346948175,51.785667452355995],[9.355612030951747,51.783869510123225]]],[[[9.35592137839629,51.78881174527013],[9.356878810012766,51.78992096166587],[9.357192559202222,51.78984505760443],[9.356246982652543,51.78873238199748],[9.35592137839629,51.78881174527013]]],[[[9.356734280965002,51.78861360354633],[9.35768017821321,51.78972709278009],[9.358205998081706,51.78959992824308],[9.357298835290214,51.78847607544712],[9.356734280965002,51.78861360354633]]]]}},{"type":"Feature","properties":{"OBJECTID":137,"we_nr":"0055","lgbez":"ÜbPl Panzer Stapel (Orne) -UK-","typ":"9","plz":"32832","ort":"Augustdorf","strasse":"Stapelager Senne (Orne)","bl":"NW"},"geometry":{"type":"MultiPolygon","coordinates":[[[[8.746077331988293,51.92153521439075],[8.745846796438578,51.919122431148246],[8.742549880530719,51.919605928976274],[8.742538573436219,51.91948543273258],[8.740906623822285,51.91955576795658],[8.74083391058992,51.91881520837506],[8.738946380396124,51.91864455794449],[8.737031726470663,51.918860731631874],[8.73708644375294,51.919408043192696],[8.735990151458118,51.91946741273151],[8.735640810118827,51.91693338415965],[8.733117430807267,51.91678220490823],[8.733276305950149,51.91621529799054],[8.73193911244557,51.916061766960325],[8.73210757620577,51.915368522261616],[8.722048800404888,51.914473772562154],[8.721775251722745,51.91507123276292],[8.7181749334209,51.9147892934776],[8.715691252458413,51.91499442296818],[8.713860238872414,51.91453846146521],[8.712759667003587,51.91447787799382],[8.71223160224521,51.914320628445275],[8.710429754261577,51.91509249328127],[8.70920819100207,51.91577963996038],[8.700300719425698,51.921177284917675],[8.701584754225,51.92163306044155],[8.696965396946164,51.92444870193746],[8.696184499554414,51.92461251236272],[8.698056997340213,51.92625670453638],[8.69901722900544,51.92605992055793],[8.701094912781956,51.92472985595123],[8.70975448617081,51.928593961344035],[8.710663776172895,51.92912466918661],[8.71111048680419,51.9322794635073],[8.70936759525264,51.9322176577114],[8.709457039607148,51.93354040523692],[8.70816303081324,51.93377946923146],[8.709467332503692,51.933604186001745],[8.709860858378558,51.934710035326596],[8.71056371642665,51.935314618004824],[8.72584031343692,51.93047766422369],[8.727452991493053,51.92958614813018],[8.730743673092855,51.928395881971035],[8.737466576645245,51.92680115778075],[8.749804486120068,51.92482390244773],[8.75176471068159,51.92408436269908],[8.752385704359485,51.924032775711275],[8.753433572070564,51.92351202624181],[8.754315705103293,51.92255590559664],[8.7541961716783,51.922532449728],[8.75370012916486,51.92155003461102],[8.753101820642842,51.920136927040474],[8.746077331988293,51.92153521439075]]],[[[8.753458582964722,51.9235785945932],[8.754198589044725,51.92309611571258],[8.754154255388832,51.92285054833452],[8.7541443505645,51.92286685508496],[8.753458582964722,51.9235785945932]]]]}},{"type":"Feature","properties":{"OBJECTID":138,"we_nr":"0099","lgbez":"StOÜbPl Hille-Wickriede","typ":"9","plz":"32479","ort":"Hille","strasse":"Wickriede","bl":"NW"},"geometry":{"type":"MultiPolygon","coordinates":[[[[8.724183871256722,52.388430526034306],[8.720013004171767,52.39045002231866],[8.719068593635354,52.39068266491689],[8.72106565002184,52.39679021771703],[8.721076309431,52.3979806407605],[8.724865821914864,52.400752558811874],[8.728266055758507,52.398611004616974],[8.730212491180449,52.397812433718094],[8.727364166976075,52.396721165399335],[8.727556817875294,52.39615962119734],[8.731414300486817,52.3949963813202],[8.730692987449551,52.393857789807534],[8.732151935014514,52.39301810366995],[8.733708733368392,52.39140584192041],[8.732665573727735,52.390693202222636],[8.733657134138474,52.39014937341809],[8.731749592175102,52.38877480864754],[8.73016146956723,52.38790051987002],[8.728668310563004,52.3866268231209],[8.725950519654281,52.38765094233128],[8.72576270348791,52.38806586280065],[8.72548666647244,52.38822396548454],[8.725328014111774,52.38808683503966],[8.724183871256722,52.388430526034306]]],[[[8.72077849725302,52.38218036541166],[8.720348917494208,52.38262451827334],[8.71971079474046,52.38409753116705],[8.72251761138881,52.385167546415474],[8.722073195953067,52.38652632642603],[8.723160495213543,52.38673327432079],[8.723753480319198,52.385349304812124],[8.724110595679006,52.384920352742384],[8.724189836070217,52.38447924408493],[8.723305907305257,52.3833293925776],[8.72276405789885,52.38289454294345],[8.722755980247817,52.38252333748576],[8.723255691480869,52.38167703724996],[8.72325048394716,52.380789789324936],[8.722134720668581,52.380347343654044],[8.719227756239071,52.37977601192401],[8.7180596023148,52.38078797815349],[8.717953758316444,52.381051818932505],[8.715865107008629,52.38028045680682],[8.715243591409555,52.381339585813876],[8.717169314375951,52.38204720471416],[8.716624779006825,52.38246598593953],[8.714944668913862,52.38184894504603],[8.714459126807796,52.38267629212432],[8.714352574936996,52.38265874649652],[8.715066666417693,52.38143880024945],[8.712766531030676,52.38100960565437],[8.713132842444036,52.38245290630017],[8.711714178031386,52.382591916885914],[8.711430764050787,52.381821602105006],[8.709942096622981,52.381872512184486],[8.7100023816634,52.38290782368353],[8.711803031294473,52.38515135824011],[8.711421920136829,52.3860465825643],[8.71225317977836,52.387169711194446],[8.713066798304322,52.3879174597884],[8.713702026686224,52.388858414948714],[8.715317674572729,52.389668979255696],[8.715915519564048,52.39036490703477],[8.719838083321296,52.38899624858083],[8.721307206103448,52.387726349412645],[8.72226908438059,52.386641692717376],[8.721996021687012,52.386578324878116],[8.722417474387449,52.385179933860925],[8.719614872634414,52.384105763894475],[8.720294425689069,52.38261028337342],[8.72077849725302,52.38218036541166]]],[[[8.707347963304725,52.38242965420774],[8.710462286749566,52.38636763813828],[8.709160190423157,52.38687003450501],[8.710365009085768,52.38838713724221],[8.711649763435608,52.3878695989375],[8.713539524146263,52.39024754013684],[8.715075532789546,52.3896766402357],[8.713641473947868,52.38888531110145],[8.713001726141767,52.387938950744775],[8.712187973766804,52.3871915698503],[8.711346401465825,52.38605034483432],[8.711728262716713,52.38515305518882],[8.709872840107845,52.38293023386108],[8.709693009066038,52.38092507643747],[8.707347963304725,52.38242965420774]]],[[[8.713630373465898,52.3903054604982],[8.714247387607083,52.39097931753702],[8.715814504010325,52.39040212748285],[8.715198433100193,52.389752707214996],[8.713630373465898,52.3903054604982]]],[[[8.71478564015911,52.3910968721709],[8.716229646045917,52.39091305038176],[8.716021199170735,52.39065653955853],[8.71478564015911,52.3910968721709]]],[[[8.719055936372982,52.389630426535014],[8.71612308968353,52.39062031050537],[8.716262007854024,52.39079098452815],[8.718097080028476,52.39055950308258],[8.718159627026756,52.39034164430733],[8.719055936372982,52.389630426535014]]],[[[8.719861952456707,52.39708872036608],[8.721022782416478,52.39794106481861],[8.720947184693731,52.39681953456599],[8.719861952456707,52.39708872036608]]],[[[8.718197948258474,52.390545098600036],[8.71986993668298,52.39033157674459],[8.724034611680672,52.38831450706868],[8.724652504374218,52.38782686201622],[8.719098059274984,52.38963592968278],[8.718265999234537,52.39033056088772],[8.718197948258474,52.390545098600036]]],[[[8.724644315332078,52.3881250716716],[8.72535458088797,52.387845298147205],[8.725337029603946,52.387661808217835],[8.724999230717726,52.38771894796713],[8.724644315332078,52.3881250716716]]],[[[8.723311072618133,52.386733599443396],[8.722352169561212,52.38666387840262],[8.722206451144023,52.38695464499704],[8.72092598175807,52.388186486070765],[8.719952319381036,52.3889586069955],[8.724833617311917,52.38740439360994],[8.725105839182412,52.38561995759632],[8.723761999043042,52.38555467423749],[8.723311072618133,52.386733599443396]]],[[[8.725151291240858,52.38668595497141],[8.725740376759845,52.38710435172578],[8.728332386460794,52.38634217089417],[8.728411647513273,52.38475391241177],[8.725398790576397,52.385035193035584],[8.725151291240858,52.38668595497141]]]]}},{"type":"Feature","properties":{"OBJECTID":139,"we_nr":"1375","lgbez":"StOÜbPl Wesel Bislicher Wald","typ":"9","plz":"46487","ort":"Wesel","strasse":"Berger Furth","nr":"33","bl":"NW"},"geometry":{"type":"MultiPolygon","coordinates":[[[[6.519157182893526,51.71518259324838],[6.528645011957615,51.71691729006154],[6.529653087894861,51.71706476634822],[6.530300015935028,51.7169524661582],[6.531831405441101,51.71705885581888],[6.53272192604363,51.715184769437656],[6.532066258294067,51.70788932336449],[6.530413399493557,51.708420462856786],[6.519917245658893,51.70975991745927],[6.518268804772975,51.710360840832465],[6.517505059813239,51.71091524541307],[6.516643853933395,51.71184370419574],[6.516136723514414,51.71276506842262],[6.5158665641758216,51.71361257177241],[6.517028401147004,51.714099743006315],[6.5171188282584716,51.7138828107373],[6.518969323608025,51.714426213657255],[6.520575384673804,51.71320717133587],[6.52164484159613,51.71257817793153],[6.523501479625604,51.71087284410517],[6.525078758669676,51.70987192435052],[6.525093303292416,51.70990169320744],[6.523538309653941,51.71089110356843],[6.521683086471029,51.71259651351745],[6.520608247741858,51.713219871149875],[6.519024339130972,51.714442332195446],[6.51970087654124,51.71464245260802],[6.519157182893526,51.71518259324838]]],[[[6.522578774183063,51.713213534879856],[6.522579502716776,51.71319915804473],[6.5225907091999344,51.71320657244022],[6.522578774183063,51.713213534879856]]],[[[6.528087540848417,51.7209005664599],[6.529823536033517,51.72136666767949],[6.529677216643402,51.72129124764891],[6.529839941965576,51.721322576635224],[6.5302535281190615,51.720149174218996],[6.531783633932616,51.7171573272522],[6.529052017951662,51.71710179117776],[6.519057601051005,51.71528153906802],[6.518008687700936,51.716330797916015],[6.520406622672934,51.71806160781431],[6.521574334626102,51.71904303166669],[6.522113745106488,51.71971123344339],[6.528087540848417,51.7209005664599]]],[[[6.514514166685066,51.71834509291002],[6.5128431035253405,51.720591454820195],[6.525099613058996,51.72296150361029],[6.525450741147415,51.72211204523379],[6.525660240848096,51.722081816965776],[6.525708141713997,51.72181853913799],[6.5249279539913205,51.721682308327445],[6.524525903104398,51.72115651055608],[6.519198965334028,51.71886339192415],[6.515324122779629,51.7178273433797],[6.514811718351622,51.71840329101262],[6.514644007379623,51.718369775619735],[6.514755145149974,51.71780442237286],[6.514514166685066,51.71834509291002]]],[[[6.5179872161690104,51.71635220695128],[6.516456698927086,51.71787757031365],[6.518889235207188,51.7185565342119],[6.522033168022129,51.719700890621844],[6.521536103225893,51.71905426674431],[6.520374255474945,51.71807945977493],[6.5179872161690104,51.71635220695128]]],[[[6.531477418015154,51.71808471290372],[6.529876999267679,51.7213732510035],[6.530718461075882,51.721784161492735],[6.531499786065717,51.72137129047524],[6.5318333359206635,51.72088908197258],[6.532022433084632,51.719811401474836],[6.531611166381185,51.71971027122996],[6.531735998968022,51.719323195981644],[6.532648398937626,51.7183683915273],[6.531477418015154,51.71808471290372]]],[[[6.525866581173952,51.72147548049756],[6.526457510035917,51.72058331595458],[6.521819467799153,51.71974109655348],[6.524758878478397,51.72105061413261],[6.525866581173952,51.72147548049756]]],[[[6.5148346640189185,51.717757675949315],[6.514741232941157,51.71831225254689],[6.515182984872074,51.71780196414495],[6.5148346640189185,51.717757675949315]]],[[[6.5281243906396895,51.72094543645809],[6.52757549933977,51.72087231351397],[6.52857492629746,51.72108513257295],[6.5281243906396895,51.72094543645809]]],[[[6.517431757286043,51.71833086518693],[6.518434572688985,51.718642805527494],[6.518765474310488,51.718716914903275],[6.518331066107011,51.71857531760564],[6.517431757286043,51.71833086518693]]]]}},{"type":"Feature","properties":{"OBJECTID":140,"we_nr":"1417","lgbez":"StOÜbPl Unna Hengsen-Opherdicke","typ":"9","plz":"59439","ort":"Holzwickede","strasse":"Brauckstr.","bl":"NW"},"geometry":{"type":"MultiPolygon","coordinates":[[[[7.631331121482148,51.477467759968924],[7.6308186308158525,51.47775948595438],[7.631066383476306,51.47827678494655],[7.631079322809667,51.47881668307689],[7.630606482881695,51.48002168304138],[7.631276656626456,51.480211224734276],[7.630970167621144,51.48077635747386],[7.630195606047089,51.48056755617307],[7.629920598500926,51.480943783845404],[7.63296870353295,51.48221522853248],[7.631879981341037,51.4825038551251],[7.631077067139988,51.483024357266366],[7.632380909791323,51.483944253136606],[7.63414947519369,51.48433407338694],[7.63364570177893,51.4851555971163],[7.634527444942783,51.4853367936857],[7.634762175624878,51.48496380089734],[7.635271528475878,51.48508876092844],[7.63505038121923,51.48543675286498],[7.635488534499107,51.48551049032404],[7.636417232602887,51.484181860271036],[7.6369900702933355,51.483703923772836],[7.639091249506141,51.484032205949354],[7.640790866515511,51.484924003005354],[7.640930958784078,51.4845728940744],[7.642593945191098,51.484954519350055],[7.6435323046757615,51.48558911170891],[7.644701979447821,51.484902827496384],[7.645008235789486,51.485030712787136],[7.645577287081003,51.484171389821284],[7.647314032359379,51.48319235494495],[7.648215440543164,51.48286589771923],[7.652775826118534,51.48272532584194],[7.649860952022945,51.482388407280666],[7.644206095037871,51.48229172360487],[7.643939509197501,51.47982747912447],[7.644574740274326,51.478910952720135],[7.648398891795541,51.47890909023403],[7.648739738665544,51.48057180465761],[7.653201087675762,51.48180001072574],[7.654864172897464,51.47778955446856],[7.6559406564419215,51.47444196390062],[7.655822796578323,51.47266036747194],[7.654866733994357,51.47269587537002],[7.6539174447076075,51.472222397898875],[7.648374214176372,51.470348652519625],[7.646337538492593,51.469951776694955],[7.641697908932724,51.46970696014011],[7.640940357856908,51.469450289614635],[7.63804221308687,51.47209009256269],[7.636809970655264,51.47294755271074],[7.637615734312407,51.47343821453379],[7.637231974921284,51.47368296854176],[7.637010310235009,51.47354832185436],[7.6366858585173,51.473753909419116],[7.635997977181651,51.47345131113146],[7.634997537822632,51.474174000698035],[7.632971049932469,51.47510197886519],[7.632449010174693,51.475603526915364],[7.631331121482148,51.477467759968924]]],[[[7.631104710097909,51.477403591359405],[7.632622659010707,51.475159982014425],[7.633425070155214,51.47467028878418],[7.634694660943082,51.47415618577923],[7.636212828146475,51.473208391181984],[7.634397034716367,51.472116305553264],[7.633764520144931,51.471897778638386],[7.634212121904981,51.47165507480075],[7.631571427108896,51.47080378762648],[7.631419009954619,51.471161162852326],[7.627279930654289,51.47128097855698],[7.6275548816066,51.47175938881544],[7.626960840082192,51.47360229438708],[7.6277838262399555,51.47385370598378],[7.627259154418418,51.4753667490506],[7.630182107961634,51.47702718845461],[7.63060644515245,51.477453525960115],[7.631104710097909,51.477403591359405]]]]}},{"type":"Feature","properties":{"OBJECTID":141,"we_nr":"1540","lgbez":"StOÜbPl Münster-Handorf","typ":"9","plz":"48157","ort":"Münster","strasse":"Flugplatz","bl":"NW"},"geometry":{"type":"MultiPolygon","coordinates":[[[[7.717434374677353,51.99588126723147],[7.7208210502484,51.995911237985624],[7.720699342900431,51.99639523362751],[7.721430560762029,51.99643172179432],[7.7220280616986265,51.99683312174666],[7.722045761204674,51.99702363402592],[7.723235273473137,51.997207823646335],[7.723983046387113,51.99783109771007],[7.722028156920052,51.99870696159447],[7.719403171861646,51.99832058734664],[7.7166929285979355,51.99854032337995],[7.716721078205686,51.998641460429226],[7.7196791738428265,51.99842918424945],[7.722191354756033,51.99878867545113],[7.725207233625544,51.997437574408266],[7.725924207799995,51.9978662158226],[7.729506974817813,52.000697487396394],[7.731252455314032,52.000200209627074],[7.732584512251808,52.00126953159325],[7.730222555705265,52.0016378104329],[7.730636318826879,52.001978515863534],[7.730829647055811,52.00247566161299],[7.7324646698063475,52.00369760625976],[7.734652622682322,52.00371365965464],[7.735646098301275,52.00390095897502],[7.738105246273362,52.00140554277011],[7.7396223759226075,52.0013996235746],[7.740911421524584,51.99879100886637],[7.744141672556901,51.998268627216646],[7.744378183699875,51.9986844155236],[7.747433099758361,51.997852737151916],[7.743732153076676,51.99477983501376],[7.742792387728588,51.994753901299745],[7.742664932061126,51.99502864214527],[7.7429474333533745,51.99411186423848],[7.739929983330474,51.990172824019346],[7.739450107797199,51.99036279154806],[7.737109579663455,51.990278241103375],[7.73447739909963,51.99062943708683],[7.726538713844917,51.99023934933884],[7.721822959251238,51.98959945807536],[7.716473182713093,51.98937355269312],[7.715117180283119,51.98955964245203],[7.71477903285056,51.989862844930975],[7.71460616105727,51.990449763084904],[7.715408768034477,51.99291639421352],[7.715660793082426,51.99488277709664],[7.716014548743055,51.99531485569767],[7.716589060893194,51.995651083692835],[7.717434374677353,51.99588126723147]]],[[[7.731906238398117,52.01201176953908],[7.731011600816624,52.01231319498595],[7.730520185525235,52.012780500380025],[7.729618360523164,52.01283525571182],[7.730545452439232,52.01282219677614],[7.731194972118991,52.013468362099196],[7.731424364113336,52.01298963660273],[7.731893930580418,52.01267591807954],[7.7335004309223425,52.01246978210658],[7.733125295357959,52.01161940761621],[7.73191569316647,52.01183815611024],[7.731906238398117,52.01201176953908]]],[[[7.754550191244012,51.99508113315805],[7.755296924807178,51.998537644832105],[7.757224715695358,51.99809492341221],[7.757086332920768,51.99784192655821],[7.758274007236172,51.997456671487804],[7.758413057459039,51.997609437322204],[7.758787619898275,51.99757214094734],[7.758073461942227,51.99336976611452],[7.754550191244012,51.99508113315805]]],[[[7.7432607558430755,51.99399051435462],[7.749146319956079,51.99887366555737],[7.750909093021492,51.99794925750802],[7.754442469766688,51.99525878076292],[7.754267295591303,51.9948858856384],[7.747553843214043,51.990397193623174],[7.7432607558430755,51.99399051435462]]],[[[7.738646221618992,51.98893068035244],[7.737162093378319,51.989176239559654],[7.737276312370081,51.989311581055375],[7.738646221618992,51.98893068035244]]],[[[7.751002337249692,51.99254680733189],[7.7545712567374165,51.994926145106916],[7.75711329765068,51.99372626510096],[7.755833652918164,51.99152291462057],[7.755697727934164,51.99095791053076],[7.751002337249692,51.99254680733189]]]]}},{"type":"Feature","properties":{"OBJECTID":142,"we_nr":"1576","lgbez":"StOÜbPl Rheine-Gellendorf","typ":"9","plz":"48432","ort":"Rheine","strasse":"Elter Str.","nr":"559","bl":"NW"},"geometry":{"type":"MultiPolygon","coordinates":[[[[7.4943624352847005,52.25453322580624],[7.490933130161853,52.25458194652315],[7.488286696927711,52.2552816700442],[7.488094266115747,52.255373444736435],[7.489061895407308,52.25626788473233],[7.488319796252669,52.25658239611239],[7.487954389442817,52.256190969300604],[7.487752030450331,52.256242072505714],[7.487843927205583,52.25639508318016],[7.4870271726609525,52.25661412322354],[7.487358329403963,52.25686683568869],[7.486638062005686,52.25704813867545],[7.4867484344113775,52.25746986410233],[7.486287028240363,52.25778034467705],[7.488785176570508,52.25979270861583],[7.487894788918651,52.26004599734618],[7.48742566352441,52.25963895197699],[7.484502117093076,52.26075028733588],[7.483932178266025,52.26018599123404],[7.481952675858522,52.26115725212687],[7.4796828505275075,52.26040188179381],[7.47924264100394,52.26041657668642],[7.478345857347247,52.259535457898835],[7.475897799975659,52.26266650380209],[7.476315705229057,52.26282865371555],[7.475657196108242,52.26366894476291],[7.476423618945826,52.26403140751449],[7.4766861219432545,52.26390566152586],[7.476471724627631,52.264054191913175],[7.482070097344271,52.26684453633459],[7.482026510188366,52.266916284290524],[7.485661842125048,52.26874750039144],[7.4873997641964225,52.26982635166783],[7.494388216933368,52.26624233469107],[7.497845055419723,52.26425977822069],[7.496643800373831,52.26326787543289],[7.5009753518086555,52.26126605702378],[7.5005874745402705,52.26036059520074],[7.501115390178296,52.25711420906844],[7.500472956409508,52.25547821383837],[7.500138994227861,52.2555107995769],[7.499624133805854,52.25524418178692],[7.499064831930105,52.254264010958124],[7.496093584058859,52.25435137032764],[7.4943624352847005,52.25453322580624]]],[[[7.489787476340483,52.255551514394696],[7.489362583990827,52.25577622909616],[7.488988171570241,52.25549287626889],[7.4894144140878005,52.25527753975515],[7.489787476340483,52.255551514394696]]]]}},{"type":"Feature","properties":{"OBJECTID":143,"we_nr":"1646","lgbez":"StOÜbPl Schavener Heide","typ":"9","plz":"53894","ort":"Mechernich","strasse":"Schavener Heide","bl":"NW"},"geometry":{"type":"Polygon","coordinates":[[[6.695918755036192,50.6214223099973],[6.69851353334483,50.618763388237895],[6.696547657481865,50.61768813641272],[6.695425594318175,50.617312965054296],[6.6939956479638765,50.617200549801346],[6.695948099403282,50.61596374882809],[6.695602126746272,50.61557210897413],[6.697506312603754,50.615189227392804],[6.6980615343314875,50.614940280872744],[6.697927311654956,50.61422658496466],[6.696734968795036,50.612895304617325],[6.6968699900738216,50.612834959864195],[6.69620629947048,50.61268368436767],[6.695428901016758,50.61189884813323],[6.695235774010411,50.61191308725891],[6.6926421239857605,50.61011524883981],[6.691149635124768,50.61209017501547],[6.687078937380502,50.6112257354211],[6.687226733600945,50.61103827455241],[6.6865855907112195,50.610969610882364],[6.686660127523627,50.61070602288534],[6.686410706691697,50.610091014206375],[6.6857165281658935,50.60956071771598],[6.684707950968734,50.609104910224424],[6.684696902589032,50.60899368905338],[6.685139811550043,50.60863257672908],[6.685054170662412,50.607780333471474],[6.682653393420864,50.60684043885027],[6.68031827134852,50.60558060740914],[6.679970706876821,50.605843968709564],[6.680345819983345,50.60624228176746],[6.680269645542162,50.606388058735355],[6.677365655434575,50.60744759758675],[6.677250192276166,50.60754713030132],[6.677109723613482,50.60852693671216],[6.676037028264585,50.60965257964391],[6.675376394628134,50.60986726111544],[6.673632945222785,50.61149114409269],[6.67295323496297,50.612339851447636],[6.672742665368745,50.613206656137606],[6.672760681081771,50.61420906210741],[6.672608537015342,50.61459574566228],[6.671819770381683,50.61502216745075],[6.672009424501152,50.615198321807],[6.670990693646298,50.61544754455184],[6.671342683219067,50.616239510312134],[6.671231084613004,50.61649675297537],[6.670569343353798,50.61663674814713],[6.669959935248139,50.61713020228356],[6.670420554494963,50.61733574138336],[6.669958294026109,50.61817211463229],[6.670041275002167,50.618539492297174],[6.66944451966726,50.61851225145475],[6.669398400160571,50.619323157053856],[6.66922997053636,50.6195173331353],[6.669435848229844,50.61961229837984],[6.668700318454879,50.62025894435809],[6.668513402400431,50.62014818499432],[6.668784180678223,50.62040886183156],[6.668562785486543,50.620781300727415],[6.667428027331269,50.620773282862714],[6.667059953423335,50.621212110762094],[6.6672103736227335,50.621811398603846],[6.667721993821508,50.622415537347095],[6.66764369576302,50.62244204130672],[6.6680466611349205,50.62277915805963],[6.668341600500616,50.622632894451264],[6.668927409863789,50.623227782175206],[6.670224834950725,50.6239375277474],[6.669907119699317,50.62409369323414],[6.671956755377724,50.624931474739505],[6.6741164804925015,50.625684018015846],[6.674919368642434,50.62576960489918],[6.675635765200151,50.626092831674924],[6.676981169306402,50.624817324152815],[6.676858414522818,50.624573111951804],[6.677052800068866,50.62480930925578],[6.677954696936139,50.625168700592084],[6.679805532747192,50.62556525324177],[6.680298448225135,50.624585253464275],[6.680441666630902,50.624533015019054],[6.681345047515046,50.624819257210824],[6.681396032297316,50.62469144383667],[6.682079608906107,50.624794780541734],[6.682323777288575,50.62513940801972],[6.682855848533106,50.625376261831015],[6.683731249591085,50.62498359876498],[6.68477353786596,50.624948145042175],[6.686062147785011,50.625160419049585],[6.687315284131775,50.62578803354098],[6.688500019159575,50.62467245456399],[6.688927601963504,50.62490514656817],[6.689161266345377,50.624695696347636],[6.690816267627832,50.62475264758762],[6.6911698948293425,50.62523935351077],[6.69097514995719,50.625376364409526],[6.692745705127927,50.62660307457412],[6.692202823557256,50.62720754097106],[6.692906510750337,50.62645428922863],[6.6913850081022535,50.62545372108128],[6.691379520294184,50.62530973619951],[6.69207954954745,50.62481328991975],[6.692552053505475,50.62520837355993],[6.6930551019798115,50.624956015164614],[6.693549573339826,50.62539128502159],[6.694435328379753,50.62461030127211],[6.695428986356715,50.62429293649072],[6.695913819692038,50.62477815862512],[6.695456433481901,50.62515334451852],[6.698123910649885,50.624048661157225],[6.697667065225535,50.6237421645769],[6.698736714387307,50.622547349731455],[6.695918755036192,50.6214223099973]]]}},{"type":"Feature","properties":{"OBJECTID":144,"we_nr":"1671","lgbez":"StOÜbPl Aachen-Brand/Münsterbusch","typ":"9","plz":"52078","ort":"Aachen","strasse":"Freunder Landstr.","nr":"112","bl":"NW"},"geometry":{"type":"MultiPolygon","coordinates":[[[[6.201571474829389,50.76693446955278],[6.202146042675082,50.766558277503805],[6.203022514524902,50.766538765481066],[6.2032081531750105,50.76621681877133],[6.203042911671733,50.766568218734825],[6.20213883369494,50.76659801514311],[6.2016709973831015,50.766940952294846],[6.202721224070126,50.76685255681937],[6.20347247705749,50.767049100322104],[6.204056558960377,50.76628346358908],[6.204471171888246,50.76596496621767],[6.20439339395431,50.765616505459946],[6.204581609870958,50.76545113148619],[6.205251011064582,50.76530534788244],[6.205222467994737,50.765195562862516],[6.204576906292155,50.765412043440854],[6.203906012996819,50.76533977578348],[6.203947726267045,50.76518805941938],[6.204366762499388,50.76507064338865],[6.201764809346566,50.7647793216546],[6.200369332248032,50.76362206177286],[6.199697371754177,50.76345635744063],[6.1981106397383465,50.76264999249147],[6.197010064276297,50.76156639741179],[6.195167733714363,50.76078913061544],[6.196736173336029,50.75925113035881],[6.18721114234107,50.75529789360473],[6.186180113549984,50.755752393522876],[6.185557404089901,50.75553804428003],[6.185771407045133,50.75528482998643],[6.183992689781733,50.754677071901874],[6.184097586955781,50.75404053588071],[6.184463978319185,50.7535639438732],[6.184104914513539,50.75350006573773],[6.183817043092508,50.753803662995246],[6.1828021543321405,50.75369138616777],[6.182604188999692,50.75379693348587],[6.183124517466831,50.75328698037335],[6.183024561026853,50.7532646223068],[6.182501657089769,50.7537768512283],[6.181871812311373,50.75365503898917],[6.181624966949355,50.7539073527858],[6.181164866928753,50.7560826775199],[6.181015369299174,50.757551577163945],[6.182936945642235,50.75824856506637],[6.1835006492628635,50.76132350754171],[6.183248066361149,50.76445129964635],[6.18364590864097,50.765929830261946],[6.184224242224329,50.766042812947205],[6.183176967401334,50.76703929612032],[6.184138478267496,50.76744284107192],[6.184721930451351,50.768852865766796],[6.183883107893455,50.76966177982398],[6.184846206082721,50.77006136277405],[6.185484357582578,50.77065117931494],[6.185035710183508,50.771209396327464],[6.185121717583788,50.77193389967084],[6.186632428770338,50.771538057795865],[6.187430131844423,50.77175163044003],[6.187445720309557,50.7719936844692],[6.1883119980775145,50.772231042476676],[6.189075752020388,50.77226809387288],[6.189278045435886,50.7724202207352],[6.1911481330417715,50.77237607449475],[6.192672805844479,50.772690656096295],[6.193548778230979,50.77235343581796],[6.1937313787788035,50.77246109526856],[6.194112508801087,50.772479599291515],[6.194342596989781,50.77234355717084],[6.195455908765947,50.772537560375035],[6.196856970690603,50.772137670782975],[6.197620185644318,50.772217253009856],[6.197912155179676,50.77241709904419],[6.197569641934857,50.77158390517077],[6.197637997439769,50.77101532853083],[6.197134124311997,50.77085850957805],[6.197143147889009,50.7702742848425],[6.197020553903872,50.770079967736336],[6.197295483296619,50.769692328738266],[6.198228002833618,50.76950411379375],[6.198420164151019,50.76932391276198],[6.198420110252093,50.769010642506295],[6.197910296565348,50.76862751308618],[6.198068141340591,50.768044950733085],[6.19898757152558,50.76763962696951],[6.199688737147642,50.76772247236951],[6.200078734440108,50.76738272831181],[6.199987918358132,50.76706475885988],[6.200579638635873,50.766719119282634],[6.200970049153338,50.76669785964802],[6.201571474829389,50.76693446955278]]],[[[6.201041980851397,50.76731363970523],[6.200118496569539,50.7674985227034],[6.1997052005718825,50.76780063888545],[6.198887859427346,50.76776446458806],[6.198187927192167,50.76808169693995],[6.198034565908505,50.768551794946355],[6.198518899780541,50.769009760756084],[6.1985229655555045,50.769332104688544],[6.198316017968544,50.769538035808544],[6.197420599751073,50.76971494654598],[6.197210195446881,50.7698725340321],[6.197228311771248,50.77080585091542],[6.197620677921095,50.77087700969009],[6.197774285343129,50.771201078040825],[6.198563009755957,50.77103712534309],[6.198393479695502,50.77066895061374],[6.1991992712004205,50.770518528096204],[6.199306267737286,50.770040208625176],[6.199244250744993,50.7691078610471],[6.199416848552136,50.76858793284191],[6.200044522102514,50.76800508023931],[6.201048233125796,50.76744837321691],[6.201041980851397,50.76731363970523]]],[[[6.199086397884943,50.77098049746848],[6.199091225431279,50.77098183651342],[6.199102024079322,50.77095377053316],[6.199086397884943,50.77098049746848]]],[[[6.204612165167035,50.7658565764821],[6.20350749877717,50.76711824897624],[6.202582415494078,50.7669399040338],[6.201566811674755,50.767038475126284],[6.20118156467354,50.7672369007288],[6.201052114746121,50.767491687213415],[6.1998697512706915,50.768169780452254],[6.199366593201876,50.76878022617874],[6.199280177068183,50.76923086762451],[6.199358136461799,50.77007184866076],[6.199167063004217,50.770892260744276],[6.200406963573613,50.771208505528904],[6.200368601917691,50.772105698669726],[6.20618045746501,50.773340973571194],[6.206346613453233,50.77302138863636],[6.207079662081381,50.77317775836615],[6.207598779619532,50.769185565626316],[6.207765217678777,50.76898913620473],[6.207876032953904,50.76902758210646],[6.20802236941203,50.76876879347965],[6.206814360831859,50.768456263776194],[6.205570380114446,50.767218550875825],[6.2053844683764865,50.76678757696762],[6.2059721354556565,50.766039719239295],[6.20544548734047,50.76578859015819],[6.2052900482535875,50.76544989796467],[6.204964426031027,50.76544237694867],[6.2045051398840965,50.76562988096555],[6.204612165167035,50.7658565764821]]],[[[6.2010392841089095,50.7672447901918],[6.20147611057714,50.76700896989763],[6.20069015567033,50.7667433708675],[6.200049529311903,50.767184478321106],[6.200153936005802,50.76743284718819],[6.2010392841089095,50.7672447901918]]]]}},{"type":"Feature","properties":{"OBJECTID":145,"we_nr":"0013","lgbez":"StOÜbPl Augustdorf","typ":"9","plz":"32832","ort":"Augustdorf","strasse":"Schapeler Hof","bl":"NW"},"geometry":{"type":"MultiPolygon","coordinates":[[[[8.70009168595061,51.93152058298252],[8.70493311575087,51.9345993625589],[8.709457039607148,51.93354040523692],[8.70936759525264,51.9322176577114],[8.71111048680419,51.9322794635073],[8.710663776172895,51.92912466918661],[8.70975448617081,51.928593961344035],[8.701094912781956,51.92472985595123],[8.69901722900544,51.92605992055793],[8.698056997340213,51.92625670453638],[8.696268190199545,51.92468563719406],[8.688916091350727,51.92618436114583],[8.692300553472927,51.927438469945706],[8.70009168595061,51.93152058298252]]],[[[8.708539421324105,51.93410619389066],[8.708222551387365,51.933833024013154],[8.705008532013936,51.93464615256088],[8.70891796958823,51.93708545422356],[8.71008416788012,51.93556421737154],[8.71003998064962,51.935484744257025],[8.71056371642665,51.935314618004824],[8.709860858378558,51.934710035326596],[8.709467332503692,51.933604186001745],[8.708539421324105,51.93410619389066]]]]}},{"type":"Feature","properties":{"OBJECTID":146,"we_nr":"1805","lgbez":"StOÜbPl Wahner Heide","typ":"9","plz":"51147","ort":"Köln","strasse":"Planitzweg","bl":"NW"},"geometry":{"type":"MultiPolygon","coordinates":[[[[7.15591459262245,50.8302834115126],[7.1535931635699646,50.83040080622725],[7.152394418416997,50.830744928854564],[7.151607138495168,50.83118743942763],[7.150683629060458,50.83250468912508],[7.150151116743086,50.83299409241412],[7.14918826648885,50.83350059858086],[7.148068692556817,50.833787456082206],[7.142746642519923,50.83461711893189],[7.141822732436609,50.834652410925365],[7.140494399015702,50.83444682841917],[7.138240466678703,50.833465396493196],[7.136726208045083,50.833277992558905],[7.135015500435245,50.83359453025689],[7.129477154044197,50.835559877906185],[7.129237181692437,50.83539524882993],[7.125509878440311,50.835307139340316],[7.125298318902652,50.836126836253285],[7.125457233571405,50.83606091219429],[7.126052308158408,50.836636096782755],[7.126467180699371,50.83859336404535],[7.125420272389024,50.84000023345227],[7.124525924963394,50.84005931061386],[7.124514519952543,50.84080173003934],[7.124786891841685,50.84174759686114],[7.125072942377635,50.84219896508325],[7.125638330339454,50.8426625246666],[7.1263092757370226,50.84352832980281],[7.1271338573027645,50.84420402366712],[7.127487659675776,50.844713943078126],[7.127897960690277,50.8449479523033],[7.129183789425212,50.84528963587053],[7.131251470461014,50.84650865763841],[7.130359298755021,50.84768784614271],[7.131206092962762,50.848799643425885],[7.133235116796963,50.8520074963528],[7.133296275898161,50.852851975094524],[7.1329528266088,50.85338782819293],[7.132345246574699,50.85363651948083],[7.125193234879041,50.85469008388793],[7.126974251829577,50.85505189707284],[7.127206890335365,50.855459322856326],[7.12957322976218,50.85573932996788],[7.131471411280295,50.855102043896146],[7.131902817314073,50.85448178648548],[7.13326319633614,50.85416003701034],[7.137749504138219,50.8538991540254],[7.139070752546481,50.85416168898217],[7.145199657693592,50.854588642062154],[7.1490571699495185,50.85559750315786],[7.150550737687192,50.85573327634493],[7.152242906764526,50.85610166693358],[7.154914326638305,50.85691560006221],[7.158307731489143,50.85456979398682],[7.158333561646821,50.853487841241204],[7.159489697909223,50.852687985487265],[7.161196085520883,50.852576442825395],[7.164657458702786,50.8501980420959],[7.174477168551981,50.848589292647354],[7.175660345901082,50.84927619975319],[7.175393928045668,50.84985323031673],[7.178782370602873,50.85181914944415],[7.178273766946819,50.85208036165565],[7.190882093576734,50.849035699476204],[7.192094072710442,50.84789956845571],[7.195393079896276,50.845212476374314],[7.195690622579695,50.84482930829748],[7.196914254659286,50.843961210747246],[7.198615771605484,50.84304006027648],[7.198446455344073,50.84250746851439],[7.198046158866882,50.84194333885672],[7.197393435794838,50.8414679692008],[7.19434719117377,50.84089030792662],[7.1908350901278,50.83874166996489],[7.1862534513110985,50.83710337418919],[7.184596198850551,50.83665859994717],[7.181930826435301,50.8364492070894],[7.179683151762583,50.83647080774044],[7.1792533959339755,50.836618072571945],[7.179098769822399,50.836872023762425],[7.177393991093407,50.83629220990993],[7.176027049878209,50.8360667431431],[7.175295902085218,50.83575603561235],[7.174801837662022,50.835248258700425],[7.174427018304614,50.834092111209586],[7.173313340914132,50.83214206218874],[7.173349498104307,50.831009361529055],[7.173061308679671,50.82945037104018],[7.172605926610926,50.82801729840838],[7.172047724273089,50.82726317378198],[7.170760599269208,50.82609775846261],[7.1695596837865185,50.824727617097764],[7.168039327388765,50.823837935748884],[7.16689841307885,50.82428163140896],[7.16534944533927,50.82515097406342],[7.164019706953239,50.82571515578176],[7.157036212018373,50.82982297844653],[7.15591459262245,50.8302834115126]]],[[[7.153506954048771,50.83115741296496],[7.154494511566611,50.83122097739935],[7.154395115675355,50.83184633785866],[7.1534067856063785,50.83178259838952],[7.153144690444098,50.831887138312936],[7.153638168267388,50.83237168800159],[7.153102227080596,50.83260235550235],[7.152509659691557,50.83252441361935],[7.152117491171072,50.831732431035334],[7.152159513461767,50.83144081023553],[7.152809808387589,50.83117491275355],[7.153188265921907,50.83141821320709],[7.153466897271926,50.83140737965659],[7.153506954048771,50.83115741296496]]],[[[7.1946351847657075,50.823602071699106],[7.194445866616187,50.823777755882325],[7.193380467384017,50.823043371287106],[7.192523700079967,50.82201797419302],[7.192503394561307,50.82167130783287],[7.192921947499978,50.82065956158528],[7.192866191765256,50.820053260042485],[7.1931555624745105,50.81815452731039],[7.193061839444259,50.816702447741754],[7.192846922004083,50.81604025367154],[7.192430534903547,50.81545020876809],[7.190692370286989,50.81391231033967],[7.188924835252261,50.814407780800565],[7.188360826204419,50.81485642342952],[7.188345693185146,50.815020035193804],[7.187652101259214,50.81477157509251],[7.187314277220177,50.81501935409893],[7.1843406326437425,50.81536193676289],[7.184623327073834,50.816351397792296],[7.184439804854521,50.81640929371167],[7.184461151520617,50.816498366836235],[7.1846483739005755,50.81643659798532],[7.185480665706374,50.81791778664015],[7.186632039101129,50.819076190004814],[7.18816909428173,50.8215410775887],[7.18805175454265,50.82167950250667],[7.188218268958681,50.82164214806192],[7.1882525819076175,50.82173652071203],[7.187860565202408,50.82233467167044],[7.188229408966523,50.82313397643995],[7.18818045617342,50.823621671706064],[7.187120798972565,50.824654500246645],[7.1869328669235335,50.824696431128274],[7.186059963182052,50.8235101202669],[7.184908269088731,50.82243889225936],[7.184454908229389,50.82216408608278],[7.183144558182146,50.821709603165566],[7.18287844844887,50.82215957622171],[7.182381350414975,50.82198290304929],[7.182699097107414,50.821540058359005],[7.1809259440088695,50.82243923729263],[7.183261108302044,50.82577886551698],[7.184239731176085,50.82592325194917],[7.184520565195188,50.82611990808344],[7.184631668829549,50.82647335296324],[7.1842256321177045,50.827064249328224],[7.18216901473289,50.82706210386519],[7.17708095157306,50.82545770682626],[7.175905642567537,50.82381497469512],[7.175615996973804,50.822406160622734],[7.17380107131626,50.822795544622586],[7.173574703949443,50.82260995920682],[7.1723995835901455,50.822273374746615],[7.170671168389388,50.822382886178104],[7.169775709747748,50.822590237332946],[7.168205461817426,50.82349169715861],[7.1687473839873626,50.8240230549309],[7.170074157034643,50.82493840742043],[7.170816435852336,50.82591858016143],[7.172433321617272,50.827433044505575],[7.172820671574592,50.82798323043285],[7.173264898364114,50.82921806858452],[7.173554832317048,50.83102755131275],[7.173564399374836,50.83228270586372],[7.174582181608722,50.834062108174656],[7.175035150802596,50.83522104258381],[7.175536227474903,50.835685291012005],[7.17632147900082,50.83596636312703],[7.17817285649599,50.83632094241603],[7.1831125449203475,50.83629180938166],[7.18523718902667,50.836608000432676],[7.19016838657496,50.83821733266751],[7.191810140401917,50.839012512499295],[7.194386539179872,50.84061098939513],[7.19523050728771,50.84089381305457],[7.197539578216857,50.84133285845605],[7.198071096997507,50.84166141385125],[7.198757078396329,50.84241422526192],[7.19935110105613,50.842571700453234],[7.200155025861881,50.841459163093006],[7.200924777855908,50.840979596426976],[7.199951843114256,50.83999519094063],[7.1972830957284755,50.83819732579586],[7.196695150171572,50.83732126919427],[7.196459268747595,50.83651300599468],[7.196394205568179,50.83570371327977],[7.196575405642496,50.83502461598114],[7.19701061783814,50.83419446564963],[7.1978362315681155,50.833149857038094],[7.198520917596287,50.832511639364924],[7.200143027064614,50.831388034835],[7.20076478161555,50.830734820837165],[7.201130976247922,50.82995339779738],[7.201244005870261,50.82928390811979],[7.20097158367548,50.82848943463844],[7.201276418882336,50.828373871844995],[7.201565409604218,50.82879836745126],[7.201788917633472,50.82880556336475],[7.201604401877468,50.828571204227735],[7.202180169872351,50.82643119783626],[7.202136875567233,50.826357618918706],[7.201998438893751,50.82680417888206],[7.201860192663052,50.826804845051726],[7.20117258890684,50.82619624628474],[7.202023686943109,50.826165901112816],[7.200953796134518,50.824353658742524],[7.201133854450089,50.82256279308286],[7.2007444500457405,50.82243084015859],[7.1997456240609745,50.821593794887036],[7.201218745244445,50.822256573040015],[7.1998078395809255,50.8215598686389],[7.199180254963793,50.82088335485464],[7.198775745387915,50.82014643617347],[7.198610100541074,50.81915627406274],[7.1987326109829155,50.81651315293578],[7.198332084537033,50.81642156326941],[7.1948453815590705,50.814471165981075],[7.191670381408307,50.81351212126759],[7.1911488258424985,50.81392222277458],[7.192106490122622,50.814704961908305],[7.19296802478587,50.815679221981426],[7.193285245963875,50.816261543986954],[7.193469535344443,50.81705192008911],[7.193512360728976,50.81813224507877],[7.1931972694565225,50.82064131214555],[7.192908282327895,50.82163286321657],[7.192927305950665,50.822064230607836],[7.19335840116738,50.822643253079626],[7.1946351847657075,50.823602071699106]]],[[[7.185477729113694,50.81658495671576],[7.185661307028561,50.8162376972126],[7.186023034339034,50.81605457280888],[7.187424633456222,50.81717757589146],[7.186536374811584,50.81783174861534],[7.18566165737153,50.817319832228954],[7.185477729113694,50.81658495671576]]],[[[7.201521606852642,50.82521331416427],[7.202897643510121,50.82524116769373],[7.203461421690909,50.82433363174106],[7.201019171927658,50.82436944393141],[7.201521606852642,50.82521331416427]]],[[[7.201010416048581,50.824334611187176],[7.203451188083207,50.824300629048906],[7.2032236762627555,50.823684863357144],[7.201175664738369,50.82268628271778],[7.201010416048581,50.824334611187176]]],[[[7.186111709735661,50.819163180887706],[7.186399672784863,50.81933332228225],[7.1864812065750305,50.81924178411654],[7.186267946526532,50.81902593862134],[7.186111709735661,50.819163180887706]]]]}},{"type":"Feature","properties":{"OBJECTID":147,"we_nr":"4228","lgbez":"StOÜbPl Ahlen","typ":"9","plz":"59227","ort":"Ahlen","strasse":"Im Oestricher Holt","bl":"NW"},"geometry":{"type":"MultiPolygon","coordinates":[[[[7.840757240278722,51.71662998919715],[7.83871741599985,51.717074039533124],[7.8391996711703,51.7180821572975],[7.838606021311327,51.71813579828344],[7.83896204431973,51.719792291921216],[7.838142441217337,51.71988386444159],[7.838044455681057,51.72031157160819],[7.83637019272227,51.720445480912836],[7.836343124686126,51.720778584326936],[7.83554320995982,51.72205663321933],[7.8340952919099545,51.72231384567262],[7.834368648352616,51.72294432134671],[7.828943989150715,51.72406182766189],[7.8288416306156305,51.72601198673545],[7.82934520729936,51.72728163151857],[7.830391465229476,51.7286855923674],[7.832862183502412,51.73122860183172],[7.834201682084012,51.733361256972124],[7.834650199227337,51.73365359269352],[7.841690135311508,51.73443947681518],[7.842507604016797,51.732783510352775],[7.843418859532732,51.73265646406792],[7.844086999491697,51.73228594954085],[7.844493018237233,51.732798662081805],[7.844710790523386,51.73287116432002],[7.843942239576878,51.73356152176045],[7.843582114860894,51.73456233447442],[7.848917060213691,51.73435441951959],[7.850578601231416,51.73459002865374],[7.851523749284712,51.73359321443798],[7.85124026972709,51.73267963847633],[7.851046977430744,51.730638671607345],[7.850679469461414,51.72966051119487],[7.849946430714768,51.72849989884283],[7.849528034082924,51.72730236655117],[7.848368630647811,51.727376224699036],[7.84813322892422,51.72647944025086],[7.849213248237652,51.72641131745154],[7.849031053728315,51.72552213212191],[7.847942249789733,51.725615407435015],[7.847560155875162,51.724284074803776],[7.847825082527196,51.72417132567294],[7.848811254842877,51.72419787824401],[7.849140800906593,51.72395488410362],[7.849803366819234,51.72393511522374],[7.840726508014516,51.7167188488123],[7.840757240278722,51.71662998919715]]],[[[7.851320814472086,51.73191535964906],[7.8513306555160245,51.732023572912574],[7.855962035846612,51.73176495690852],[7.855949941827955,51.731652073434105],[7.851320814472086,51.73191535964906]]],[[[7.856066205385311,51.73164529242725],[7.856078115249331,51.731759163468475],[7.858663522332946,51.731673371731084],[7.858555243900157,51.73142642136457],[7.856066205385311,51.73164529242725]]]]}},{"type":"Feature","properties":{"OBJECTID":148,"we_nr":"2645","lgbez":"StOÜbPl Walldürn","typ":"9","plz":"74731","ort":"Walldürn","strasse":"N.N.","bl":"BW"},"geometry":{"type":"Polygon","coordinates":[[[9.379326014743413,49.55861012625654],[9.380225142104665,49.55922574621951],[9.381247143725451,49.55855263313571],[9.382420032669593,49.5593749336166],[9.38322792892721,49.56028801859145],[9.382012506551026,49.55777574942906],[9.381568922056898,49.55610589300216],[9.380384939817333,49.5544664449885],[9.380313231799752,49.55379611953475],[9.380658609772048,49.55276517140234],[9.381065129777532,49.55218474958675],[9.381776417616223,49.55182576214066],[9.38346979223266,49.551460551298945],[9.382533117089153,49.55152958336018],[9.380264921302107,49.552096804078154],[9.373692552933477,49.550497893847414],[9.371827340484607,49.55039587456878],[9.370092418786239,49.54989808809241],[9.36859424718274,49.549643999761145],[9.367875913857281,49.54936789698954],[9.364081681624898,49.54882132036925],[9.363727119277144,49.549943455478584],[9.362725485158817,49.550742817226],[9.361848471624915,49.552171685837976],[9.361141505581028,49.55268713596048],[9.359804989406193,49.554776918445086],[9.359929514769224,49.55635079700208],[9.358461262454556,49.55708716881883],[9.361021038806484,49.56138419831092],[9.361968959959022,49.56112335703496],[9.363212369347913,49.56168217431356],[9.363801359645509,49.56167034021555],[9.369749286602184,49.562846264376795],[9.3699352019334,49.56124361214553],[9.370614397458578,49.559594407426],[9.370634989539846,49.55968428913936],[9.373580901326786,49.5600941531557],[9.373656928444246,49.55981893746456],[9.374359614914093,49.55990508485781],[9.377942545425281,49.56059233333686],[9.378699853956014,49.55933526681784],[9.379326014743413,49.55861012625654]]]}},{"type":"Feature","properties":{"OBJECTID":149,"we_nr":"2666","lgbez":"StOÜbPl Walldürn - Zufahrtstraße","typ":"13","plz":"74731","ort":"Walldürn","strasse":"Panzerstr.","bl":"BW"},"geometry":{"type":"MultiPolygon","coordinates":[[[[9.361021038806484,49.56138419831092],[9.361793689663912,49.56292924492421],[9.361652735012663,49.56303591326637],[9.362081058028403,49.56395941567008],[9.36217940738234,49.56396306536578],[9.363077516054085,49.562778609404745],[9.363145562538563,49.56223933974606],[9.36297281381444,49.56174975680542],[9.362525404293871,49.561366993023015],[9.361968959959022,49.56112335703496],[9.361021038806484,49.56138419831092]]],[[[9.348290608671581,49.573546700779346],[9.348477571438412,49.57363842440261],[9.352055485757074,49.5710585164727],[9.352796976752245,49.569507182408174],[9.355810023233674,49.56592524132368],[9.357860481768856,49.56387944741139],[9.357230768144502,49.563563787964064],[9.355921355040099,49.56548847330729],[9.354509650774295,49.56703297872577],[9.352439711373822,49.5696377955064],[9.352007221073483,49.570751402485314],[9.351631191685385,49.57119805548053],[9.348290608671581,49.573546700779346]]],[[[9.35740217837885,49.56346017853386],[9.358021910822085,49.563734672193135],[9.359413806337558,49.56228876734081],[9.360628059107288,49.561667679145465],[9.36057106908732,49.56155254387882],[9.3586105444885,49.562480958810276],[9.35871259669804,49.56249971126032],[9.35740217837885,49.56346017853386]]]]}},{"type":"Feature","properties":{"OBJECTID":150,"we_nr":"2693","lgbez":"StOÜbPl Ulm","typ":"9","plz":"89081","ort":"Ulm","strasse":"Ulmer Str.","bl":"BW"},"geometry":{"type":"MultiPolygon","coordinates":[[[[9.95815013934015,48.43126049976502],[9.954917477229623,48.43269507935836],[9.952598401763167,48.4332387163104],[9.951294931014363,48.43367711126285],[9.95046050570976,48.43435848523679],[9.951145701981051,48.43482289874193],[9.949084003724986,48.43584331808207],[9.947707060667401,48.436080302904536],[9.948419636690229,48.43661387081463],[9.949174662601802,48.43770523638964],[9.950300964915296,48.43814199382165],[9.950420647460607,48.4383535059082],[9.950114802547347,48.438737489641184],[9.948017982858659,48.43808354365592],[9.947444640315005,48.43835636594542],[9.946611676569379,48.438184547688394],[9.945903291187344,48.438881854969246],[9.9452455653975,48.439227962974364],[9.945064551274447,48.439156846422456],[9.944614695641349,48.43957915446644],[9.94413232728316,48.44099072735147],[9.944309346598152,48.441342122979506],[9.944161023964943,48.44157608284855],[9.943180983549382,48.44227758056098],[9.94232769991201,48.442603502040456],[9.941696060299678,48.44263836188757],[9.941674842092667,48.44242684440092],[9.941027313079609,48.44264824096529],[9.94029100716022,48.442287286892395],[9.937362821828772,48.44314525477949],[9.936200620141602,48.44269013018818],[9.935893817624235,48.443205883721234],[9.936725243454097,48.4438577621355],[9.936037172573927,48.445201160152045],[9.93546455676736,48.44572015360363],[9.935232329689944,48.44645436695577],[9.936508446738358,48.44734194185558],[9.937540196876613,48.447712928177964],[9.938203117623775,48.448286098562214],[9.938362299092132,48.448719697617534],[9.937312658106684,48.44888443322066],[9.938875011642311,48.450262125089544],[9.938948680682124,48.45061221250059],[9.938294319981305,48.45124713313019],[9.938419950272133,48.45131997133755],[9.93827514364493,48.451586282425346],[9.938383758047634,48.45171917648139],[9.939657601460063,48.452502643647485],[9.939785033771333,48.452350459608006],[9.940789285580399,48.45313683581781],[9.94096335482799,48.4531005955764],[9.93992809317528,48.45231951250109],[9.940598778959751,48.45249558461746],[9.941951702863275,48.45259409696297],[9.942121110752858,48.45281042843779],[9.942543015305866,48.452704682346784],[9.945211375517763,48.4529646600337],[9.946549327200426,48.45239479254811],[9.946964862698113,48.452056339786346],[9.95156993496727,48.45323946681141],[9.952120621999454,48.45218319653232],[9.953168113316451,48.45071350144753],[9.95698303374979,48.44646243801721],[9.959500512028248,48.44698549369407],[9.966544895671415,48.45006891994847],[9.96466011701733,48.451959589386426],[9.9646882908796,48.45210296206205],[9.96417389578489,48.452622865069884],[9.965109298015642,48.453037014376555],[9.966012953784267,48.452228012814274],[9.966683849774526,48.45122780194183],[9.967476234822128,48.450893305379694],[9.96856720998876,48.44961965128076],[9.97114182201759,48.44524133112233],[9.9705376744462,48.44527908575127],[9.970260795709319,48.44652475646008],[9.969779154986515,48.447251695828605],[9.96000957472342,48.446130133866724],[9.960245306128712,48.44547887990327],[9.956822480553997,48.44496255475499],[9.957116388653759,48.44378568968437],[9.955987581837258,48.44362152808213],[9.955524962940594,48.44333189970396],[9.956804594198386,48.43961896933323],[9.957118872495501,48.43916085541721],[9.957167892662252,48.4385458867054],[9.959275609813664,48.43259018543031],[9.958553343663878,48.4313720292512],[9.958655742623133,48.43103029280931],[9.958106003313585,48.43095507109652],[9.95815013934015,48.43126049976502]]],[[[9.94550621517048,48.43950291798882],[9.946590494294984,48.4388419268884],[9.946768421806675,48.43903793938728],[9.94574490472802,48.43966541530341],[9.94550621517048,48.43950291798882]]],[[[9.94016626530322,48.44301613423573],[9.940156522175668,48.4431768933685],[9.938680342228615,48.44342033816309],[9.938441451448462,48.443562274387446],[9.938409562154195,48.44396720275362],[9.937865667283866,48.44373061703105],[9.93791913590791,48.443425195391164],[9.938426157630742,48.443172484835934],[9.94016626530322,48.44301613423573]]],[[[9.948944733414896,48.452449826612096],[9.94629902512121,48.45174288905613],[9.943530441669697,48.452101920000935],[9.943274433491784,48.451245687685436],[9.946827030590777,48.45078056335518],[9.94951945038094,48.45149258108687],[9.948944733414896,48.452449826612096]]]]}},{"type":"Feature","properties":{"OBJECTID":151,"we_nr":"2754","lgbez":"StOÜbPl Stetten am kalten Markt","typ":"9","plz":"72510","ort":"Stetten am kalten Markt","strasse":"Hardtstr.","bl":"BW"},"geometry":{"type":"Polygon","coordinates":[[[9.053366766758392,48.12311230744598],[9.05075310945572,48.12361975230557],[9.047757244152445,48.1247265865815],[9.048495822809492,48.125892917316776],[9.048434206465807,48.12653514800345],[9.046455517033609,48.13025999729418],[9.044631605528263,48.12975248073366],[9.042894838690323,48.12975503133374],[9.041608965937929,48.12959652694576],[9.041077905298097,48.13001039948474],[9.041360038281104,48.13056190317994],[9.04116425765143,48.132140853594386],[9.042040332445866,48.132792867410366],[9.04262030365797,48.134262881135925],[9.043159807563185,48.13462692595568],[9.043619915668627,48.134692978028696],[9.044292576848418,48.13457020174049],[9.046838764385019,48.1330128710575],[9.048119379298033,48.131757266692674],[9.049550043406246,48.13137564947135],[9.050281242403237,48.13078748874112],[9.052963982846205,48.130405275535914],[9.054638502723162,48.13003436744563],[9.054931098384266,48.12993625432446],[9.054898449115253,48.129816524501116],[9.056328996442476,48.129423936120055],[9.056723273308949,48.12941230904897],[9.056871001257447,48.129206597234024],[9.056506370591988,48.12886380293624],[9.057592104987256,48.12826465525341],[9.060208229961988,48.12717878693118],[9.060885622568392,48.12703215643864],[9.061178562284281,48.126659968396645],[9.061682673465587,48.126446000244826],[9.062916438541604,48.12619339599997],[9.062672950183806,48.12577898362005],[9.067570532774138,48.12437079817189],[9.067956999687512,48.124320666466495],[9.068164045190855,48.12444647744803],[9.065102608261741,48.12158108862822],[9.064211140834905,48.12111725499896],[9.063510948088267,48.12102029661527],[9.063410148130247,48.120893314461775],[9.05879070820638,48.12143999873417],[9.05776397156576,48.121679839569936],[9.056155411386856,48.12230997674685],[9.054289804577593,48.12273544124469],[9.053366766758392,48.12311230744598]]]}},{"type":"Feature","properties":{"OBJECTID":152,"we_nr":"2845","lgbez":"StOÜbPl Donaueschingen","typ":"9","plz":"78166","ort":"Donaueschingen","strasse":"Gewann Buchberg/Schorren","bl":"BW"},"geometry":{"type":"MultiPolygon","coordinates":[[[[8.48509596657767,47.97872787786965],[8.488165420970715,47.97975729642793],[8.488764749978905,47.97984606951796],[8.489073418297076,47.979500958305145],[8.490398231220425,47.97780735158337],[8.490818876335402,47.97702843486683],[8.490813916736727,47.97629261717342],[8.490593316554044,47.975207289110635],[8.489864101935542,47.97325110667967],[8.487009864121674,47.97336273636452],[8.484631659746594,47.97378539894012],[8.483322923971903,47.978341401863794],[8.483634393237157,47.97838005073712],[8.483363131665726,47.97927081893994],[8.483507724493853,47.97879600702156],[8.48350541312862,47.978795876531365],[8.483297233951406,47.97878406506341],[8.483169601315815,47.97878349078619],[8.482913269744413,47.97888946136292],[8.482566282889447,47.97955206643896],[8.48202876246439,47.98012097053955],[8.480724124804055,47.98081495561282],[8.479990247929216,47.981381113456955],[8.481608238621952,47.98171898323435],[8.481255991232716,47.98247505155649],[8.482856145875479,47.98283163053936],[8.482954528467108,47.98193072812135],[8.483039601619472,47.98189278302335],[8.48292316828053,47.982883666172285],[8.485147046581366,47.98297058191729],[8.486434022464895,47.98288439132761],[8.487493111930519,47.98131514280411],[8.485128696695053,47.98061124033451],[8.485998508435326,47.97910188714021],[8.485064388998797,47.978804033069416],[8.48509596657767,47.97872787786965]]],[[[8.483634395932082,47.978380051338455],[8.483634396830412,47.978380051338455],[8.48478702247669,47.978721453774725],[8.483634395932082,47.978380051338455]]],[[[8.483130114070864,47.97223445090306],[8.485601719879334,47.972667788095755],[8.485624924261428,47.97238195882642],[8.48655783905715,47.97220879699435],[8.486043244536486,47.97193459779691],[8.485281520786152,47.97182906821913],[8.483716949310088,47.971147610956415],[8.481744351353809,47.96987326121476],[8.481256936260362,47.96985990380568],[8.48065352171427,47.97019133601597],[8.483130114070864,47.97223445090306]]]]}},{"type":"Feature","properties":{"OBJECTID":153,"we_nr":"2981","lgbez":"StOÜbPl Müllheim","typ":"9","plz":"79379","ort":"Müllheim im Markgräflerland","strasse":"Senfbodenweg","bl":"BW"},"geometry":{"type":"Polygon","coordinates":[[[7.639248174406522,47.826584051578905],[7.639364841307408,47.82543309819302],[7.639675643124421,47.824772571099295],[7.641857421879443,47.82119455455448],[7.639547505635629,47.820728919794895],[7.639706441863944,47.82046987010531],[7.639464023399623,47.82044198271615],[7.639687493699632,47.819783839241396],[7.63874540351159,47.81950696780491],[7.638955117011313,47.819262827176054],[7.638209942923474,47.818501239023526],[7.638656486468142,47.81787489627475],[7.637622146486923,47.81684669122913],[7.637215470174578,47.81706239724463],[7.635888588431148,47.816392410612906],[7.6345564488483735,47.81647950437526],[7.63448923779713,47.8166889818293],[7.633097212924242,47.817306391987906],[7.63210698830832,47.81770030249837],[7.631172653276121,47.81788855292994],[7.631459866232046,47.81882909031409],[7.6293648323941206,47.81913466778518],[7.6266447732393265,47.81715774551935],[7.626122381341955,47.81754478414837],[7.626125885669899,47.81764488062473],[7.626622036879486,47.817822225224454],[7.627247255334163,47.81831315247213],[7.627674654881785,47.81839780305591],[7.628701819120491,47.81923562074708],[7.627667110830026,47.81932771744336],[7.62646628428055,47.8190624074353],[7.625384460251715,47.81938561120975],[7.626667373055241,47.82105169037085],[7.627699025277112,47.82283055138574],[7.628246457713011,47.822939848984895],[7.628794904346868,47.822625183873136],[7.629615975296453,47.82301289406382],[7.6294710069725395,47.823246633282956],[7.630620011509883,47.823952361530985],[7.6299759967062055,47.82455265167388],[7.631141568872353,47.825132694610055],[7.630607986661503,47.82553698514944],[7.631126388242367,47.82581157057828],[7.630611935655477,47.826377238785795],[7.630890942501283,47.82651346316281],[7.630355887951691,47.82695786503963],[7.630494772884526,47.82706731497685],[7.630802559057114,47.82698325931763],[7.631332917214413,47.8273118826866],[7.632093469561597,47.82746374233637],[7.632162222121894,47.82759817749072],[7.632907406091201,47.827653753987185],[7.6328458463413975,47.828369598210166],[7.633217764140444,47.82849450648448],[7.633272518253637,47.82884166022913],[7.635287946984331,47.829802571730795],[7.635963074039587,47.830355497118035],[7.637597591936925,47.83088966814727],[7.638911803841589,47.83105237233987],[7.639310433045601,47.82920114217845],[7.639589117396215,47.82912112698302],[7.639752856916345,47.8285361471327],[7.640299982128439,47.827504474340806],[7.640588173349704,47.827551167322454],[7.641192553584742,47.82680242628804],[7.640279948799266,47.82685964166932],[7.639248174406522,47.826584051578905]]]}},{"type":"Feature","properties":{"OBJECTID":154,"we_nr":"3006","lgbez":"StOÜbPl Bruchsal","typ":"9","plz":"76646","ort":"Bruchsal","strasse":"Schindgasse","bl":"BW"},"geometry":{"type":"Polygon","coordinates":[[[8.609117389093495,49.09087497524872],[8.609222384183926,49.09090015857029],[8.609383921034974,49.09009065978001],[8.610795296517407,49.08890802066201],[8.610694968174865,49.0888469626509],[8.610191660087434,49.089280196524896],[8.608407229538793,49.08834645038148],[8.607858458613117,49.088863538471706],[8.607446811024035,49.08871632197494],[8.607241110298647,49.0889571515161],[8.605739451435216,49.088626754793424],[8.605660250569878,49.08880423588223],[8.603846899658977,49.088712479216255],[8.602828440993678,49.08843767531173],[8.602670465064426,49.08702033871004],[8.601053166074458,49.0867753897685],[8.600840474659554,49.08699693367007],[8.599251810367566,49.08777304933694],[8.599243612342288,49.09148033913565],[8.596653022877815,49.09108190060342],[8.595399333168807,49.09025658359982],[8.595129386730926,49.09038931037327],[8.594892516261845,49.0901938165293],[8.592711935859384,49.09125606861866],[8.592787358410662,49.09290323207439],[8.592651035473017,49.092907248630006],[8.592523673230318,49.09320553992208],[8.591796151936146,49.093311005523596],[8.591789270841044,49.09319808745586],[8.590518841925052,49.09352876023127],[8.587370176785168,49.095080427004056],[8.587944600002094,49.095288025988125],[8.587968355051476,49.095032908057014],[8.588397550331363,49.09473048133945],[8.591088602885643,49.09353617735352],[8.591907046263016,49.093401442499875],[8.592047917370968,49.09364490874371],[8.59263238015949,49.09381446893092],[8.592301484826235,49.09469584951424],[8.591313099960034,49.096290224874565],[8.58997539890733,49.09737046057267],[8.591486790118548,49.09765482549517],[8.59300075679968,49.09875460431349],[8.593189250295797,49.09902723074114],[8.592397391660931,49.10156297397158],[8.59299809149826,49.102361999200944],[8.5924760768933,49.104172629518445],[8.593051230440569,49.1046856912512],[8.592658209418872,49.10612457636751],[8.589719361085011,49.10580519306277],[8.590410202369496,49.10681561623158],[8.591626788962317,49.106375729444025],[8.593905444732568,49.10662619554212],[8.594816362481927,49.106080581841155],[8.595234406075878,49.105252395497295],[8.594945428828721,49.10522187655212],[8.595213531923623,49.10450038978945],[8.596121675675379,49.10461079620994],[8.59624097643669,49.104513432899],[8.596410696939996,49.1041624827826],[8.596193649594268,49.104132488353535],[8.596312635046928,49.1033813319802],[8.596894713706721,49.102660128402846],[8.596628406344085,49.10253892892095],[8.596827580808894,49.10238984977053],[8.595975876409783,49.10198108577917],[8.598613012979063,49.09993904333449],[8.598476721482449,49.099885945588326],[8.598828836819346,49.099251998447066],[8.598123032297138,49.09910183718116],[8.599732745912883,49.09682860135142],[8.60373561995485,49.09827179569375],[8.60579284729573,49.09579122523609],[8.60589788820021,49.09584618611569],[8.60923134218395,49.0909803387361],[8.609117389093495,49.09087497524872]]]}},{"type":"Feature","properties":{"OBJECTID":155,"we_nr":"3138","lgbez":"StOÜbPl Calw","typ":"9","plz":"75365","ort":"Calw","strasse":"Gewann Muckberg/Galgenberg","bl":"BW"},"geometry":{"type":"MultiPolygon","coordinates":[[[[8.779998902897535,48.71356821350492],[8.780281117627245,48.713693257989114],[8.780802505208095,48.71336877318051],[8.78203873526125,48.71308981074863],[8.783501179069251,48.71315401106314],[8.783603261821526,48.7128072245438],[8.78476390672836,48.71268147427486],[8.784885953639497,48.71217765206644],[8.784766641200058,48.71184916234819],[8.785188040001602,48.711659052243654],[8.786169630909319,48.71076252960371],[8.788151951331884,48.71050494505241],[8.788526251463068,48.71029242560148],[8.788251455919289,48.709953938326294],[8.788476381490062,48.7099315012957],[8.789379655474685,48.711102556169024],[8.79029932371324,48.711609633279224],[8.790427278843989,48.711829370421654],[8.791041606124189,48.711822479699656],[8.792107650346708,48.711585202372774],[8.792775911578246,48.71128755644338],[8.793086840956013,48.71101139630325],[8.795372626654661,48.71036416237545],[8.795421408767847,48.710267990498856],[8.7948725156713,48.70946438483718],[8.794442196598977,48.70845407749062],[8.794717054126524,48.7084179534478],[8.794786045638649,48.7075299834927],[8.794513693512473,48.706351100942555],[8.794121232141201,48.705531306719905],[8.793282039477369,48.70487299993166],[8.790993232744446,48.7056472120623],[8.789452867272042,48.70557729683261],[8.789017258919342,48.70537840639595],[8.788902004170058,48.70547472278178],[8.787231259013938,48.705156516976245],[8.787231113486843,48.70531997563005],[8.785143480868536,48.70501131401178],[8.785143895890196,48.705169285915126],[8.781450019848133,48.70523295804811],[8.781402596885956,48.705041611201096],[8.78030478643834,48.705040422576516],[8.78025302012176,48.70519235761704],[8.78019739374442,48.70460732622893],[8.77868504133584,48.704575913654274],[8.778846239522014,48.70457586326322],[8.778859433976915,48.70317744641936],[8.778692164077725,48.703137362483226],[8.778949173877171,48.70313794585023],[8.778936745685225,48.702375863010815],[8.777488969569168,48.70210895067463],[8.775253588341133,48.701999267613054],[8.775303239125211,48.70186739209764],[8.77478016720317,48.7017351178287],[8.774067531891568,48.70171824951286],[8.773957141519535,48.70187699358738],[8.77280091632392,48.70158324586708],[8.7724106154009,48.702661556869614],[8.773094413893574,48.70329137291122],[8.774265884397899,48.70389290361916],[8.773569619085706,48.70473465049426],[8.775275653659438,48.70525499582934],[8.77511673809239,48.70584051113693],[8.775014090299807,48.70584678792304],[8.77634600979536,48.706238641482955],[8.77933551322979,48.70603474019415],[8.77943866228232,48.70638969139113],[8.778164752394574,48.70843296527031],[8.778022579627795,48.70930998013206],[8.77821704242896,48.71092024101439],[8.777908582519915,48.71237826244674],[8.778099897624315,48.71289652470163],[8.778928232351266,48.71362169726027],[8.778759758709597,48.71373536835208],[8.778949900614256,48.71386487564979],[8.779998902897535,48.71356821350492]]],[[[8.779757371070417,48.71346636642658],[8.779449831934564,48.713475583984774],[8.779361439507221,48.71326490684881],[8.779639141999242,48.713114843736115],[8.7798522295712,48.71319261763318],[8.779757371070417,48.71346636642658]]],[[[8.78801381289907,48.71125640351672],[8.78885540406469,48.712195160006026],[8.789606183639917,48.7118377696918],[8.790207369465774,48.711755112395224],[8.788985145046235,48.710946382358166],[8.788652289589011,48.71044801934539],[8.78700050158034,48.71068832157326],[8.78801381289907,48.71125640351672]]],[[[8.784891094697853,48.712374675754056],[8.785834168541152,48.71181390793655],[8.785780560678257,48.71160141061136],[8.784925768769522,48.71221299098587],[8.784891094697853,48.712374675754056]]]]}},{"type":"Feature","properties":{"OBJECTID":156,"we_nr":"2614","lgbez":"StOÜbPl Külsheim","typ":"9","plz":"97900","ort":"Külsheim","strasse":"N.N.","bl":"BW"},"geometry":{"type":"MultiPolygon","coordinates":[[[[9.560745752283491,49.64284294428939],[9.560616009505317,49.64255709220566],[9.560091781451513,49.642620613484745],[9.55984094577302,49.64201729410856],[9.559355469243943,49.64223488322876],[9.558411281489711,49.642201573249],[9.556364675828746,49.64193564871012],[9.556378016709042,49.641769362822835],[9.555476587864025,49.641658469376495],[9.55539101614667,49.64184345084307],[9.554614480075628,49.64175326845207],[9.55457475028556,49.64099916498356],[9.554689142652164,49.64099789740187],[9.554818623122284,49.64069109802701],[9.552218683094022,49.64040490463057],[9.548808576765413,49.64077640865999],[9.54760257412326,49.6411811228259],[9.546596487056055,49.6419012233769],[9.545423961929606,49.64250462912076],[9.544359638879126,49.643435820114455],[9.543899935015578,49.64323883841963],[9.543623060770248,49.64279211377657],[9.54379541962553,49.64242360231483],[9.541501611073071,49.64145519208847],[9.540746165648253,49.64095268211808],[9.540552611043852,49.64065946004774],[9.538766471899567,49.64042340026007],[9.538524373235544,49.640298510703595],[9.53838014153012,49.63996754790297],[9.537540110738158,49.639249717819794],[9.53807464336657,49.638953109012924],[9.537002499583261,49.63851132080848],[9.536375283275373,49.63864177303164],[9.535029005108346,49.63770077195597],[9.532710220696048,49.63695833953968],[9.531257474201515,49.63626414890291],[9.5308663674897,49.635970827621406],[9.53069926108388,49.63564445714936],[9.530314725548367,49.63425923835126],[9.530483685178599,49.633622270290445],[9.530091839153304,49.63334774850502],[9.529908546902714,49.63328967200456],[9.529341481786247,49.63370116485033],[9.527684472769145,49.634262621558015],[9.525372297262397,49.63580825935447],[9.521863805647198,49.63449156491237],[9.521582989594403,49.634170910680915],[9.518799431227107,49.635307932180076],[9.518105192514165,49.635805209038004],[9.516549663479786,49.637822470216925],[9.516109862689666,49.63810398630797],[9.515560722556383,49.638301257549045],[9.512157980616477,49.63858170276966],[9.510255201520751,49.63948921151712],[9.507642765028532,49.641393353954825],[9.506455588379822,49.641190146530356],[9.504367962049729,49.64464466618578],[9.503752844252116,49.64492995690791],[9.505570289684053,49.64633032928922],[9.50410155317745,49.6534673366401],[9.507307458967226,49.654858389343694],[9.507727598330739,49.65751509509964],[9.507941550980298,49.657877000767066],[9.502447945181995,49.659781118957724],[9.499358095438746,49.66036618429349],[9.496832536814331,49.66040682030512],[9.490830858264289,49.65986647347922],[9.489207565714752,49.65988764417789],[9.48826543869576,49.660228019739314],[9.487025885774374,49.66007655360046],[9.488982093968275,49.66070000252354],[9.488766070702004,49.6603951869259],[9.489155306223067,49.66016184131306],[9.49080272572455,49.660113945095596],[9.497055129460275,49.66076664017659],[9.49728624532168,49.660942752288484],[9.497454047023487,49.66159531181523],[9.49767725950703,49.661879122770294],[9.499527256291595,49.66284086841234],[9.49977506644423,49.66261574311327],[9.502616156515609,49.663466840912605],[9.50411735274667,49.66364758384947],[9.50999862560757,49.662884360256996],[9.510941120037506,49.66191382122586],[9.51031143156594,49.66163119843646],[9.511349025245115,49.66050921671683],[9.511761971798133,49.66048589534418],[9.512954248182734,49.66100869531325],[9.5145249264061,49.66119879940562],[9.515065209150666,49.661437273951606],[9.515465209183782,49.66178808376244],[9.516913298811895,49.66204427179993],[9.517095704425316,49.66147391719713],[9.517876288305011,49.66153087271388],[9.517398448354195,49.66023067427111],[9.517617093802793,49.660165025592555],[9.51754087893744,49.658609832644444],[9.519124123693336,49.657290696497924],[9.521892534668309,49.6575230864705],[9.522016937860466,49.65711992534933],[9.523670484770486,49.65477609842844],[9.523614475710817,49.65176386148152],[9.526028777987298,49.65075010399053],[9.525998078062456,49.650600842320976],[9.528440703321493,49.65011462246479],[9.534884819217003,49.64976158463863],[9.54255844576731,49.65003232992659],[9.543309112154803,49.64918250181327],[9.548353602531815,49.64906544717824],[9.550869560860786,49.64916260953054],[9.552176413766627,49.649085956609845],[9.553653234212478,49.64880132887539],[9.55368983427209,49.647985607178],[9.555552351775102,49.647574443842196],[9.558302420948634,49.64628433196702],[9.55959662018536,49.64604206398957],[9.560262644611827,49.64560889765113],[9.560316996279786,49.64505825077925],[9.56108597931593,49.644606322223],[9.561805330432636,49.644380485506055],[9.562458970684581,49.6439220909756],[9.561916938920165,49.64384790839396],[9.561892299030243,49.64344002927543],[9.561746453052265,49.643452880127825],[9.56120551453755,49.64270192907069],[9.560745752283491,49.64284294428939]]],[[[9.513992757245184,49.655152893722665],[9.514313684872079,49.654987136254675],[9.514435214353623,49.655212901668186],[9.514194495501844,49.65533836708963],[9.513992757245184,49.655152893722665]]],[[[9.522111879904546,49.633731205037115],[9.521500650015472,49.633981943176195],[9.521905925854275,49.63446753930678],[9.525316494815257,49.635744830419505],[9.526143265575326,49.63524124163193],[9.522111879904546,49.633731205037115]]]]}},{"type":"Feature","properties":{"OBJECTID":157,"we_nr":"2818","lgbez":"StOÜbPl Pfullendorf","typ":"9","plz":"88630","ort":"Pfullendorf","strasse":"Großstadelhofen Gewann Fondswald","bl":"BW"},"geometry":{"type":"MultiPolygon","coordinates":[[[[9.252634982459126,47.90068295774793],[9.252320427480875,47.90261214148478],[9.252587748143139,47.906501592738934],[9.252913956067273,47.906178723911395],[9.254513959793089,47.90597296975255],[9.255357466166886,47.90572276429482],[9.254987491423794,47.90536497913807],[9.255654047652909,47.90495137752294],[9.256702092332118,47.90466195667953],[9.25770003527297,47.90487538443671],[9.258062754323472,47.90516134267327],[9.257048402755668,47.905619226412135],[9.25958345657264,47.90798554547311],[9.262017654736006,47.90746212772605],[9.262425538384084,47.90614011676631],[9.261818674307305,47.90603047477417],[9.261649183772722,47.90574861380632],[9.261957869158906,47.903357585357035],[9.261735723873949,47.905741308668],[9.262045355186107,47.906004135225174],[9.263353655277875,47.906347989936606],[9.263658467128572,47.90378862527042],[9.264504827450015,47.904003694634035],[9.26475325833851,47.9029178620506],[9.264931146324361,47.90096277699199],[9.265278789847805,47.90057571800554],[9.265694760130053,47.90044249520469],[9.26650099989429,47.90061823487473],[9.267090721420523,47.90042315155482],[9.267752620783185,47.899773261184116],[9.268511509450478,47.89935725101174],[9.271026159832408,47.89675767499156],[9.272628286277232,47.896552611559166],[9.27291858225123,47.89547817674414],[9.273362776701422,47.89548269826322],[9.273515708590336,47.89502814720078],[9.273470255633594,47.89378958854085],[9.272784373947784,47.89297812822576],[9.272360171504232,47.892674664355596],[9.269457913348518,47.89160749535843],[9.269375465073438,47.8918316337051],[9.267334338237408,47.89207402399622],[9.26753468500366,47.89268726770974],[9.26326049189808,47.894123318632055],[9.26336120292292,47.89440803404867],[9.261695459586274,47.89552265710293],[9.261103344948141,47.89526146198718],[9.260339417630426,47.89469906198034],[9.259590913487814,47.89510464803598],[9.257926322689677,47.89566398573567],[9.25507597997089,47.89563427342321],[9.254236976851576,47.8966704112109],[9.25381862693215,47.897873982633016],[9.253174379464788,47.89901923881725],[9.252634982459126,47.90068295774793]]],[[[9.252206814851919,47.89748569899735],[9.252670427285272,47.897628187687744],[9.252860282627358,47.89724457233877],[9.252466378561712,47.89718470682971],[9.252206814851919,47.89748569899735]]]]}},{"type":"Feature","properties":{"OBJECTID":158,"we_nr":"4997","lgbez":"StOÜbPl Donaueschingen - standortnahe Übungsräume","typ":"9","plz":"78166","ort":"Donaueschingen","strasse":"Gewann Schlechte","bl":"BW"},"geometry":{"type":"MultiPolygon","coordinates":[[[[8.455970657277856,47.9691746518767],[8.455307484104075,47.96865092639665],[8.454582000188953,47.96790070935981],[8.454266724761863,47.967293604710086],[8.453619692517133,47.967148731740664],[8.451840326670096,47.9684607843351],[8.450353944556372,47.96863056772806],[8.449042662956172,47.96862365519767],[8.448473090641773,47.96845141302281],[8.447527595838798,47.96947183916138],[8.44622720631144,47.969785070013785],[8.446122509461675,47.97195442952463],[8.446800300920058,47.972275580366045],[8.44809379947088,47.971645963653884],[8.450528135076503,47.972291223121246],[8.451246044397166,47.972643749185366],[8.453228354938263,47.97135048730165],[8.453633123228938,47.97089265306882],[8.454491237107574,47.971010816954134],[8.455770282663792,47.97188548123522],[8.455645249752669,47.97201543902827],[8.457743598373986,47.97380547472498],[8.458162469316296,47.973342382560354],[8.456843496340648,47.97284364269032],[8.45729975696172,47.972392696434646],[8.459844529651757,47.973293262526454],[8.460447472582306,47.973139183870224],[8.461004799062772,47.973595712998794],[8.462393227081249,47.97178486093997],[8.463334213239825,47.972132327750614],[8.462767890131792,47.9728398345836],[8.461510484092456,47.97403265313877],[8.462437812265428,47.97545406622447],[8.46144959987577,47.975339130477536],[8.460586498550652,47.97666919506337],[8.463518076818934,47.97765201995251],[8.463600052580208,47.97753858766725],[8.464396246484602,47.977709652158325],[8.464740832142825,47.97697654186738],[8.465516988226495,47.97672562323805],[8.467340218808875,47.97697917822282],[8.46751699198546,47.97562087147333],[8.469983900503273,47.97574375974926],[8.470033960919132,47.97395514919184],[8.46823128109552,47.97396670376673],[8.467117753723683,47.97301026211838],[8.467302632399047,47.97245238893148],[8.467348090745707,47.97132830076615],[8.468359671909194,47.97011331447951],[8.468179473456441,47.9696299590366],[8.467496938893351,47.96872248089723],[8.467342006456299,47.968780064728996],[8.467639076625842,47.96941440044809],[8.46768037487441,47.969867514443884],[8.466856387993412,47.96971289870196],[8.46634985495407,47.9688640841644],[8.466018778161132,47.968740362740554],[8.4648320722296,47.96733009294934],[8.46417675931459,47.967387139416275],[8.46396941107899,47.96637325831575],[8.464016352544158,47.96557239272819],[8.46326808915007,47.9657398933405],[8.463056569138281,47.96534933221522],[8.46258386216098,47.965446541352726],[8.462011099929018,47.96523134063671],[8.461165160917416,47.96516196593305],[8.455970657277856,47.9691746518767]]],[[[8.455561675888493,47.98772677961836],[8.45600361736393,47.98785886077191],[8.457172772011436,47.98634828791254],[8.458241016208115,47.98598093531045],[8.459460139643307,47.98578154120219],[8.459527118030902,47.985104183508355],[8.457227449767842,47.98397102272094],[8.455426291690314,47.982887145835385],[8.454296795866005,47.98280161953249],[8.453237192564043,47.98288736290094],[8.450849002516259,47.98390606612576],[8.451766000063476,47.98486181591136],[8.449244332042554,47.985868601780275],[8.45000360788373,47.98668388193225],[8.45026167320363,47.987547863720096],[8.451014162272834,47.98743980658871],[8.45566437039349,47.988298496953554],[8.455959594525133,47.98791591101512],[8.455561675888493,47.98772677961836]]],[[[8.481441862546474,47.97788567058797],[8.478444294037434,47.979747937388126],[8.477805107678389,47.98066419942096],[8.480186939450581,47.98121754742918],[8.48202876246439,47.98012097053955],[8.482566282889447,47.97955206643896],[8.482913269744413,47.97888946136292],[8.483507724493853,47.97879600702156],[8.483634396830412,47.978380051338455],[8.483322923971903,47.978341401863794],[8.484631659746594,47.97378539894012],[8.483488605649658,47.974335665789006],[8.482864915229278,47.97490913413126],[8.482500670839405,47.975558175764384],[8.482099124805652,47.97694842233821],[8.481441862546474,47.97788567058797]]],[[[8.477360793752283,47.97996767413412],[8.476991800867818,47.98047523808247],[8.477500544661053,47.98059343896891],[8.478583593093598,47.979421789666254],[8.481010912856854,47.97808688239585],[8.481799693863534,47.97723768352314],[8.48233504665383,47.97553223725227],[8.48269499799494,47.974843588805435],[8.483748722721696,47.97403569678736],[8.485473447643244,47.973441338153556],[8.483412050322839,47.973131307292505],[8.482671993937165,47.972867505295646],[8.481829385878633,47.975863935547686],[8.48049154289212,47.97589487128684],[8.480293583847885,47.975432505680786],[8.480714246030873,47.974731902183464],[8.480590582152194,47.97428993733545],[8.480740268428029,47.97352629600564],[8.481317341675028,47.97240388509942],[8.480912897676172,47.972357971504394],[8.48101906416975,47.971804759482694],[8.47892855155265,47.972307059526685],[8.478905331000876,47.97334982730014],[8.478355311416934,47.97345619753359],[8.477781302323335,47.973802053386514],[8.477366962483318,47.97379333074642],[8.476269514056764,47.97409252957003],[8.476565293347246,47.975067292084056],[8.478091907409281,47.9750368104931],[8.478044695551223,47.97481544285652],[8.478399809464529,47.97482515399845],[8.479019382905978,47.97490552222759],[8.479908404220284,47.97529391408404],[8.480190830054077,47.976338335434214],[8.480098665600858,47.97712337896166],[8.479542259893583,47.97719472688373],[8.479204858961046,47.97655466192796],[8.478828328313,47.97648817394792],[8.478749683504834,47.97632730578125],[8.47734848773121,47.97627460263765],[8.477277681622182,47.97661203797545],[8.476758595525062,47.97741951804721],[8.477161947172515,47.97881143132013],[8.476952389081323,47.97876953975632],[8.476691883038807,47.97979116129708],[8.477360793752283,47.97996767413412]]]]}},{"type":"Feature","properties":{"OBJECTID":159,"we_nr":"2293","lgbez":"Artillerieschule","typ":"2","plz":"55743","ort":"Idar-Oberstein","strasse":"Am Rilchenberg","nr":"30","bl":"RP"},"geometry":{"type":"MultiPolygon","coordinates":[[[[7.297230000104908,49.711156714556395],[7.296468984227022,49.71186729885862],[7.297871265165506,49.712105020777585],[7.2981036108205055,49.7115059046639],[7.297962177367206,49.71127173309452],[7.297230000104908,49.711156714556395]]],[[[7.29841682910561,49.70597615881744],[7.2975176137094735,49.70501860313495],[7.295085554434764,49.70541325598157],[7.295343415837125,49.70672273558279],[7.295039081890182,49.70699394759729],[7.293523326663294,49.70672818364487],[7.2930037734422175,49.7070475988895],[7.2924248218179555,49.70704814787487],[7.292393034033294,49.707215376072035],[7.28887716904625,49.70665809077652],[7.288472997236948,49.70768722708418],[7.288890959084196,49.7079331070776],[7.288977350963401,49.708324170551066],[7.288348100869718,49.70911283202933],[7.288638425589789,49.70952155430361],[7.290033063661866,49.71042721807236],[7.290092051534979,49.71176532249859],[7.2928717588246865,49.7126949796483],[7.29286820059785,49.712856983834165],[7.293183191258992,49.71299273119226],[7.293341919976481,49.713241924872],[7.29497072997849,49.71297077852732],[7.297203155749275,49.710918282213925],[7.297795457236972,49.710707805351134],[7.298457924334932,49.71066656599006],[7.298480961630401,49.710564629514415],[7.299250603131652,49.71085597352701],[7.300165222838284,49.71157056567326],[7.301135551567288,49.713048872998094],[7.3016758441933245,49.71329091539574],[7.302519344278908,49.71302570170297],[7.3031431155476945,49.71221558408204],[7.3032574513204125,49.711698329510334],[7.303205097505667,49.7112748623292],[7.302500441928715,49.70972447583064],[7.301217726754551,49.70795112508371],[7.299950422179097,49.70694207856403],[7.29841682910561,49.70597615881744]]]]}},{"type":"Feature","properties":{"OBJECTID":160,"we_nr":"2267","lgbez":"StOÜbPl Merzig","typ":"9","plz":"66663","ort":"Merzig","strasse":"Auf der Ell","bl":"SL"},"geometry":{"type":"MultiPolygon","coordinates":[[[[6.64400261115502,49.468753003565865],[6.6437772391215555,49.468430525078844],[6.643145527643991,49.468450402967456],[6.643159614125978,49.468591181388],[6.64400261115502,49.468753003565865]]],[[[6.656284558282556,49.46952095925701],[6.655903357293368,49.4683303853491],[6.655850803154301,49.46893678640987],[6.656125774767879,49.46984909136949],[6.656284558282556,49.46952095925701]]],[[[6.66487491917373,49.47643024024229],[6.665402690182989,49.47546530643406],[6.664756326284833,49.476405300327094],[6.66487491917373,49.47643024024229]]],[[[6.659467804069311,49.47959049891627],[6.661345192283542,49.475581977146376],[6.663421332754412,49.47612385628612],[6.663978325061558,49.47529619671013],[6.664360356094064,49.47540405917488],[6.6648248839106925,49.47482045147093],[6.663975640895497,49.47426409051469],[6.662252641637575,49.47389317969951],[6.66088794531229,49.47340646371104],[6.6599635528336325,49.47328819774275],[6.659657384526883,49.47344199452186],[6.658935598975779,49.47311261861561],[6.660027443711604,49.471833023429106],[6.659875266407516,49.47179181803053],[6.66081150227484,49.47029218015627],[6.661381129386464,49.47041129689409],[6.661859921551505,49.46952816942934],[6.661998196528277,49.468711507771935],[6.663819453511966,49.46913947360063],[6.663799900781473,49.4687528698799],[6.664111844357196,49.46889692068492],[6.665123581827544,49.46835917244098],[6.664674992819018,49.468151083143994],[6.665665541726725,49.46745609291817],[6.666330123458854,49.467925312259545],[6.667231272029511,49.46722209893048],[6.666904755084942,49.46696616627074],[6.667857313340996,49.46638373131873],[6.668179276725378,49.46663412669488],[6.668936196285567,49.4659450108976],[6.6690754180866465,49.466048996414145],[6.6702628884844755,49.465515601982744],[6.670553166492165,49.465908586665506],[6.671679604451254,49.464889996773394],[6.672919149287799,49.464679358334784],[6.672671005860208,49.4642783395666],[6.670536536879628,49.463106696832455],[6.670991502130053,49.46326255269481],[6.671004926553679,49.46258685200673],[6.670856467376545,49.46261693921471],[6.6703046080429145,49.461914590296004],[6.670440076682721,49.461847295363945],[6.669183037156,49.46103248266519],[6.670047561412522,49.46054494407686],[6.669752919389199,49.45927914559964],[6.669088806577656,49.459299374618276],[6.669348636188789,49.458054567616664],[6.669525526146331,49.45803434859458],[6.669305318527447,49.456826219586965],[6.668132140325808,49.455927873993986],[6.667207793661236,49.456527153995395],[6.665757996335809,49.456122267110906],[6.665659467318785,49.45625868162308],[6.66699658177162,49.45667735386215],[6.667169323309198,49.45655495826633],[6.668175581056318,49.45736319751739],[6.667794096199482,49.45754451809079],[6.667789471672423,49.45771741037716],[6.667893516345259,49.457745219228066],[6.667627849481418,49.45931304533116],[6.667075739517831,49.46094073210634],[6.667602137901358,49.462356041894296],[6.666159930441742,49.46203496869342],[6.665803730465243,49.462725455490734],[6.662682635519747,49.46201913027725],[6.662509853557966,49.46234917806181],[6.661031242769801,49.46202461741],[6.660421989174342,49.46149942396743],[6.660449851321188,49.46131146249041],[6.660042615358451,49.46130343836126],[6.659812917936895,49.46074749082285],[6.660290377900373,49.46097583580485],[6.661170131295891,49.45967616651763],[6.660741221680281,49.459579060308094],[6.660946601707073,49.45918503749107],[6.660457832852499,49.45906410906826],[6.6605984677035135,49.45881809921512],[6.656531031742042,49.45785166990367],[6.655985350122652,49.458848048017344],[6.6551117007794796,49.4586536919875],[6.654887953798364,49.45910882504788],[6.655553816528087,49.45927610059007],[6.655186232201971,49.46020193243903],[6.656041488539705,49.46056855790393],[6.65532367983035,49.461172741151735],[6.654922865923564,49.46135344741238],[6.65423208841944,49.46209015292552],[6.6553101089813635,49.46215750707778],[6.657265370350956,49.462789538611354],[6.659251958669432,49.4638422947147],[6.659620337106249,49.46297613813433],[6.659941965419047,49.46262626103744],[6.6602881824178,49.4628697394596],[6.660024416389085,49.461306221671],[6.66037519054128,49.461313300513844],[6.66063447757,49.462837830788565],[6.6605079211161,49.46401310441834],[6.659987944788556,49.46507878639968],[6.659681587835584,49.465420677992384],[6.65718140661794,49.46739992285715],[6.656633416328275,49.46799745247896],[6.656551147716216,49.468304889047054],[6.65674809705408,49.46936412679969],[6.656688245899956,49.46973688801865],[6.656577435116382,49.469983436746375],[6.655872603469632,49.47065300812032],[6.655257254804967,49.47159438912218],[6.654927443738241,49.472355493878666],[6.654884932764058,49.47305760031904],[6.6539941049377225,49.4741414248049],[6.653165398308208,49.47471247856708],[6.650162916014546,49.47494326782785],[6.6486697426372645,49.4758878187362],[6.648362729015847,49.47647258752144],[6.64790630669803,49.47691484067944],[6.653640476837848,49.477851915235554],[6.654816903347592,49.47830976263005],[6.655670689143176,49.478859338095575],[6.6570293972988095,49.47944694706476],[6.659467804069311,49.47959049891627]]],[[[6.663566054939953,49.462694266033544],[6.663734748668877,49.462366863697],[6.664505156433052,49.462528831963056],[6.664334508868375,49.46287128257949],[6.663566054939953,49.462694266033544]]],[[[6.659365207480697,49.45957366515624],[6.658133454630909,49.45926516658091],[6.6580203998557845,49.45947624460963],[6.65758525952534,49.45937762163321],[6.658053174888924,49.458323101387855],[6.659791688051787,49.45877345362217],[6.659365207480697,49.45957366515624]]]]}},{"type":"Feature","properties":{"OBJECTID":161,"we_nr":"2263","lgbez":"Kaserne Auf der Ell","typ":"0","plz":"66663","ort":"Merzig","strasse":"Auf der Ell","bl":"SL"},"geometry":{"type":"MultiPolygon","coordinates":[[[[6.657070803345228,49.45675101308104],[6.657099707537807,49.45677575337445],[6.657124042898847,49.4567580026575],[6.657070803345228,49.45675101308104]]],[[[6.658133454630909,49.45926516658091],[6.659365207480697,49.45957366515624],[6.659791688051787,49.45877345362217],[6.6580531721939655,49.45832310022],[6.65758525952534,49.45937762163321],[6.6580203998557845,49.45947624460963],[6.658133454630909,49.45926516658091]]],[[[6.665755418170939,49.457204898458876],[6.662807408817777,49.456432467768465],[6.662660013245939,49.456507492577806],[6.660481202524626,49.45613540324455],[6.659614976858968,49.456545055449105],[6.658379037859973,49.45626338693423],[6.657574647726893,49.45658644826579],[6.657065912018498,49.456955988274416],[6.656531031742042,49.45785166990367],[6.6605984677035135,49.45881809921512],[6.660457832852499,49.45906410906826],[6.660946601707073,49.45918503749107],[6.660741221680281,49.459579060308094],[6.661170131295891,49.45967616651763],[6.660290377900373,49.46097583580485],[6.659812917936895,49.46074749082285],[6.660042615358451,49.46130343836126],[6.660449851321188,49.46131146249041],[6.660421989174342,49.46149942396743],[6.661031242769801,49.46202461741],[6.662509853557966,49.46234917806181],[6.662682635519747,49.46201913027725],[6.665803730465243,49.462725455490734],[6.666159930441742,49.46203496869342],[6.667602137901358,49.462356041894296],[6.667075739517831,49.46094073210634],[6.667627849481418,49.45931304533116],[6.667893516345259,49.457745219228066],[6.667789471672423,49.45771741037716],[6.667794096199482,49.45754451809079],[6.667677856896646,49.45759882975641],[6.665990292583468,49.45692189363405],[6.665755418170939,49.457204898458876]]],[[[6.629544989324773,49.46848253741085],[6.629187462536596,49.46828066597168],[6.629246042574592,49.46802884347075],[6.629028891922597,49.46796810181628],[6.628635859222804,49.46821943307998],[6.626752942776335,49.46805882517385],[6.62524950345199,49.46760725465959],[6.625994937152956,49.46796237424341],[6.6269197949589085,49.46816207413307],[6.626802844190372,49.46828938599998],[6.626890140673054,49.468317490085475],[6.628953064231161,49.468582229067536],[6.631667516101971,49.469290319579656],[6.634224804120539,49.46958958690835],[6.634904662602375,49.46979391762725],[6.635549685315832,49.46958149057962],[6.637540959246835,49.46930098690172],[6.640775223951818,49.46860805564657],[6.641831990374112,49.46884120412202],[6.642182421369884,49.46822384534879],[6.635895033643691,49.46938738319343],[6.6348728209188215,49.469462282506726],[6.633372311898942,49.46934843260978],[6.631435449823002,49.4690123635951],[6.629544989324773,49.46848253741085]]],[[[6.6591786777018,49.46551868221762],[6.656247475827634,49.46760606430115],[6.655850347708474,49.4682220321037],[6.656125569951974,49.468793293233006],[6.656239851825834,49.46966516775665],[6.655976496327192,49.469980402325994],[6.655293046380859,49.47023761169247],[6.654540818721378,49.47014745161655],[6.653757457250788,49.469714841362425],[6.651458117771166,49.4688498452402],[6.64721043574623,49.468243017522035],[6.644296486915419,49.4679604570738],[6.643090898396596,49.46795940858517],[6.642345999193236,49.468118230422604],[6.64214243645824,49.468502600338],[6.6422799766131195,49.468635111075066],[6.643140161108497,49.46840433237262],[6.644917673731088,49.468387516422474],[6.648148940757989,49.46856579380549],[6.651297558287127,49.469125317007695],[6.654027197076136,49.470273374220895],[6.6545089518850045,49.47074748006845],[6.6550427272336306,49.47076788940378],[6.655564935874661,49.47061480633869],[6.656382326426537,49.47017348110423],[6.656688245899956,49.46973688801865],[6.65674809705408,49.46936412679969],[6.656551147716216,49.468304889047054],[6.656633416328275,49.46799745247896],[6.65718140661794,49.46739992285715],[6.659681587835584,49.465420677992384],[6.66029437360673,49.46452612721675],[6.660637775285412,49.46345211167692],[6.660375191439611,49.461313303433165],[6.660024416389085,49.461306221671],[6.6603698428703915,49.46352143734943],[6.660037079939669,49.46455655302391],[6.6591786777018,49.46551868221762]]]]}},{"type":"Feature","properties":{"OBJECTID":162,"we_nr":"2995","lgbez":"StOÜbGel Bremgarten","typ":"9","plz":"79427","ort":"Eschbach","strasse":"An der L 134","bl":"BW"},"geometry":{"type":"MultiPolygon","coordinates":[[[[7.597042344437534,47.89789875437099],[7.614044203561881,47.90683752072841],[7.615158245668388,47.90561892170444],[7.6133029200775395,47.90373906393266],[7.612498923406556,47.9031804963837],[7.6134091099273125,47.9029246237823],[7.609413735021314,47.90077509054516],[7.608936256193229,47.90100729298927],[7.6072447060551305,47.90121154622984],[7.605682167466531,47.902336086645484],[7.60291160053486,47.90087700483094],[7.603869793922708,47.89971690193246],[7.601124801128839,47.89838333367867],[7.6021503016876535,47.897182856001],[7.600223496251354,47.89660323740548],[7.598155823300326,47.89628729590015],[7.597817256354556,47.89662192176632],[7.5976226588060936,47.896535057680616],[7.597272554797099,47.897088542550044],[7.597042344437534,47.89789875437099]]],[[[7.6116159962631595,47.902508753958465],[7.612203269880234,47.90551340240786],[7.611965570266132,47.905634097469964],[7.6109493214564266,47.9050269068067],[7.610758519290034,47.903941109537804],[7.610333069086581,47.9038798986076],[7.610187884268667,47.90244602492947],[7.611025357557024,47.902325954772365],[7.6116159962631595,47.902508753958465]]]]}},{"type":"Feature","properties":{"OBJECTID":163,"we_nr":"1456","lgbez":"Ausbildungsstützpunkt Feldstraße","typ":"2","plz":"59955","ort":"Winterberg","strasse":"Feldstr.","nr":"36","bl":"NW"},"geometry":{"type":"Polygon","coordinates":[[[8.522887565071372,51.193195766331606],[8.523614471019599,51.19326214168088],[8.523949303668767,51.19249111332848],[8.523335914229738,51.19234640371784],[8.522887565071372,51.193195766331606]]]}},{"type":"Feature","properties":{"OBJECTID":164,"we_nr":"1457","lgbez":"Ausbildungsstützpunkt Kapperundweg","typ":"2","plz":"59955","ort":"Winterberg","strasse":"Kapperundweg","nr":"2","bl":"NW"},"geometry":{"type":"Polygon","coordinates":[[[8.504598908828214,51.185986189778404],[8.507224007972654,51.18701765614875],[8.507371011879023,51.186839679654454],[8.504854896344861,51.185695770352375],[8.504598908828214,51.185986189778404]]]}},{"type":"Feature","properties":{"OBJECTID":165,"we_nr":"1472","lgbez":"Ausbildungsstützpunkt Astenturm","typ":"2","plz":"59955","ort":"Winterberg","strasse":"Kahler Asten","bl":"NW"},"geometry":{"type":"Polygon","coordinates":[[[8.489117845377768,51.17935729309539],[8.489117593849516,51.179535339591375],[8.48981941075017,51.17944013429022],[8.489698817313137,51.179313410391934],[8.489117845377768,51.17935729309539]]]}},{"type":"Feature","properties":{"OBJECTID":166,"we_nr":"2819","lgbez":"Ausbildungsgelände Mottschieß","typ":"9","plz":"88356","ort":"Ostrach","strasse":"Levertsweiler Weithart","bl":"BW"},"geometry":{"type":"Polygon","coordinates":[[[9.29628849062779,47.98044534356397],[9.296714451074328,47.981373027679],[9.29682461686752,47.98209962901771],[9.296470265623846,47.98403719742001],[9.296562439958535,47.98581031189014],[9.306476966986013,47.98289185934445],[9.305355209249537,47.982015548137326],[9.304957363376461,47.98149728466614],[9.30574202470925,47.98086881164948],[9.306183728131156,47.97991977688163],[9.306524561526405,47.979545032699434],[9.29628849062779,47.98044534356397]]]}},{"type":"Feature","properties":{"OBJECTID":167,"we_nr":"1563","lgbez":"ÜbGel Dorbaum","typ":"9","plz":"48157","ort":"Münster","strasse":"N.N.","bl":"NW"},"geometry":{"type":"MultiPolygon","coordinates":[[[[7.70212486339506,52.015012175505596],[7.7045948207949895,52.01721438710752],[7.706747275844191,52.011697455306695],[7.705856375254289,52.01148134242953],[7.702812755510507,52.0125387568321],[7.702499354867393,52.01275223390136],[7.702673116891142,52.01297400784317],[7.70125035077091,52.0130099406572],[7.701120846944598,52.0126986655469],[7.700973539407644,52.012686215315725],[7.699390031445397,52.01280139281489],[7.699446919955725,52.013010399009126],[7.700018756024646,52.01304608686057],[7.701815200641869,52.01472375972741],[7.702511176696531,52.01443439390118],[7.702824369828815,52.01472124635219],[7.70212486339506,52.015012175505596]]],[[[7.719617785671269,52.00752277631001],[7.714563633913372,52.00894601855215],[7.716411816999396,52.01016559306766],[7.715508161230808,52.010688964403634],[7.719929254038194,52.01348590590221],[7.719837563895441,52.014123179013104],[7.719658914138218,52.01446660908749],[7.718248305817072,52.0153486624689],[7.718553352128013,52.01554542405199],[7.718767194284798,52.015497254467356],[7.7194640677564585,52.01593751989888],[7.719501362213796,52.0161058409345],[7.7247653963546705,52.019353541962126],[7.724623447268401,52.019438664946314],[7.725032814933318,52.01969624197468],[7.725444715847348,52.01946033042813],[7.725476746177127,52.01889693935546],[7.725842607534509,52.01865511552535],[7.7260192836930415,52.01740700521949],[7.7265421957149325,52.016117851796956],[7.725884785233736,52.0154093541161],[7.724397018816183,52.01443888881342],[7.724519161847044,52.01431850241301],[7.724356138284201,52.0142142073361],[7.72446510033495,52.01414018294523],[7.723295918737962,52.012663290360614],[7.7231341393417985,52.012724414148785],[7.722973100157444,52.012607019865996],[7.7223228636221,52.0129624782637],[7.722066561695067,52.01271809670276],[7.722316936537849,52.01255826491093],[7.721228056242447,52.01172919529953],[7.721019654283019,52.011818277266364],[7.721020512174113,52.01146523597623],[7.721190433900036,52.009890873789075],[7.725099797812499,52.00823565111162],[7.72324636497197,52.00612871448536],[7.723363301367452,52.00608407164172],[7.723299001756034,52.0060090146511],[7.71967094078326,52.00740266105554],[7.719617785671269,52.00752277631001]]],[[[7.721134160735687,52.014553613416645],[7.722422829943546,52.01380633356564],[7.72314674719683,52.01446198314564],[7.721743198735474,52.014845676500286],[7.721134160735687,52.014553613416645]]],[[[7.720089217040858,52.00734168593457],[7.720190685345486,52.00730271388093],[7.7202701512138345,52.00738078679548],[7.720170527150483,52.00742200935448],[7.720089217040858,52.00734168593457]]],[[[7.727844132141228,52.02254595372925],[7.728186783726633,52.02301094225662],[7.727905496956627,52.02335841947449],[7.727374641132667,52.02360763876821],[7.727314042580225,52.02378565296271],[7.727900364881409,52.02447160540743],[7.727836765955927,52.024653670057404],[7.728046516286565,52.024747305844265],[7.7283058787737415,52.0245579767217],[7.728613155601575,52.02455647378178],[7.728914304122509,52.024208706276156],[7.728947146529297,52.02407899898512],[7.728627612189434,52.023789200050444],[7.729320938214023,52.02371814934808],[7.730148646815228,52.023230719040434],[7.730372289591782,52.02336024140265],[7.7304559236430626,52.02367051203234],[7.73202872009385,52.024338423140634],[7.732183176423842,52.02430072120317],[7.731078526203625,52.023684988408796],[7.730998447684255,52.023741230598766],[7.72648012212879,52.02093753320293],[7.725732219857434,52.021932847944356],[7.725875507433478,52.02201060899025],[7.72597798274955,52.021903370562775],[7.727022347929314,52.022398751618056],[7.727844132141228,52.02254595372925]]],[[[7.726140192438723,52.02758760028804],[7.726976435035156,52.02714218482806],[7.727161327185278,52.02652486888921],[7.726720817624379,52.02636143673019],[7.725454384414744,52.02634249956271],[7.724789964379393,52.025979364932596],[7.724647910190231,52.02574821189741],[7.7247684308637,52.02564238363028],[7.724579771179284,52.02539360681505],[7.723473612687707,52.025117106114294],[7.722600049582822,52.02509020221541],[7.721122258058177,52.025636593665304],[7.720617605192724,52.02596745786876],[7.720456844486102,52.02644454328004],[7.719831180467031,52.02722306909127],[7.719945187456379,52.028131447499476],[7.719263151458279,52.02852274270324],[7.718976417304406,52.028876091556185],[7.719135349939433,52.02981717552314],[7.7192791190124534,52.03006069821058],[7.719760777701566,52.0303128386722],[7.7199569446068255,52.03013873804889],[7.720470274299577,52.03025285036218],[7.721667151855078,52.029862387724506],[7.722152282532773,52.029878566589375],[7.723126820767178,52.03009348135935],[7.7240403840550576,52.030625144671525],[7.7253967107768835,52.02942681298768],[7.726208342229434,52.02910986203231],[7.726100942349007,52.02829580118755],[7.726258406238546,52.0281965296645],[7.726241808067041,52.02805272100664],[7.726021439649709,52.02779272422774],[7.726140192438723,52.02758760028804]]],[[[7.716486466999538,52.03245020379515],[7.718096832792142,52.03298648079735],[7.719655250808487,52.03271493681848],[7.7204203522243064,52.032438615679425],[7.720949349433939,52.03197862065734],[7.720681041523164,52.03091851049644],[7.720322898490677,52.03063425835822],[7.719105465684854,52.03017021459244],[7.718870905682676,52.0298539614258],[7.71884232488362,52.02929941672955],[7.718585586375366,52.02887499720765],[7.719012464001806,52.028440029120816],[7.719622849474508,52.0281684420551],[7.719705173782121,52.02791032849031],[7.71953770625357,52.02742652162208],[7.719594951395045,52.02712120899622],[7.7201908488388575,52.02650015243966],[7.720508029592659,52.02578493702954],[7.721688273044037,52.025231898959674],[7.722933303892024,52.02484105640737],[7.724215176446443,52.024898302596675],[7.724925785158794,52.02521824225424],[7.725241227672544,52.02586521076053],[7.725706606193757,52.02602819867464],[7.726214578334153,52.02595470234986],[7.72807869932995,52.02618062157968],[7.728424278524862,52.02591856491746],[7.728428940781166,52.025160671459076],[7.727608385464581,52.02488419032279],[7.7269314285411035,52.023750831015825],[7.727646898935747,52.023214415607946],[7.727777449299376,52.022991407780054],[7.727730831227698,52.02282011162989],[7.727603805853245,52.02268012748926],[7.725965666846975,52.022215222862535],[7.725538114585781,52.021939073984974],[7.725438906442418,52.021597089330484],[7.72552923473917,52.02129522504414],[7.7260864210824565,52.02069673811321],[7.7253975902275425,52.0200979092775],[7.724884636928875,52.019798957045985],[7.72486919039755,52.01996442210269],[7.720196404020575,52.01701884470694],[7.720276738559818,52.01693072012429],[7.719776014925436,52.016617249270126],[7.719653306854235,52.01670265609837],[7.718236625023413,52.01580679512763],[7.718382506934007,52.0156738341907],[7.718060395327571,52.015473532612745],[7.717682016845029,52.01545334633121],[7.717840177827218,52.0153175166132],[7.717571606710061,52.015380787985116],[7.71419567588813,52.01324505909005],[7.710415929888011,52.01493983372329],[7.710279630306589,52.014925321896946],[7.709433216086189,52.01393679769104],[7.705545300349461,52.01521321501921],[7.704755330871654,52.01723701230003],[7.704494731404307,52.01734511992834],[7.704613384480312,52.01745560838778],[7.702375442155417,52.01851455004141],[7.7013772503812365,52.0187796873125],[7.701634632083213,52.01989710012429],[7.70184308255165,52.02028921477097],[7.700835321024756,52.02040531633771],[7.700741551282122,52.019999934694326],[7.695782608367975,52.02051758832591],[7.695876323313353,52.02267859740012],[7.694578538002015,52.0229939770736],[7.693657763937334,52.02300612262186],[7.692886420128615,52.02417677337914],[7.692641320193223,52.02422382091483],[7.691805102749609,52.025801292587985],[7.691582396017634,52.026499049189255],[7.692353550281796,52.026495275144164],[7.6931028709930045,52.02682292331136],[7.693348706648619,52.027210656065336],[7.695029495867953,52.027474610377354],[7.69570872373246,52.02791800346539],[7.695833798864449,52.030983332716694],[7.695745391165757,52.03205873239403],[7.69578702268928,52.032891911700276],[7.6959002418561395,52.03290224628485],[7.695694335416549,52.03394284272115],[7.697851260482641,52.03511199917102],[7.698570237001856,52.03513838531115],[7.701332103750003,52.03454710148194],[7.70406417877004,52.03438101892264],[7.704415483826588,52.03402838005061],[7.704871398596278,52.033809370338844],[7.705371690140988,52.03366993565626],[7.70587960838249,52.033698965932686],[7.70617920371631,52.03332492985344],[7.70588754230309,52.03286732477436],[7.706559969022572,52.03254665561994],[7.708292739255824,52.03292398537973],[7.710864632084305,52.03317971130347],[7.711460448679743,52.033462446829965],[7.711640612098177,52.03380255020432],[7.711996482392974,52.03408066285278],[7.712794895136166,52.03426109845387],[7.713931522685533,52.03327768962323],[7.7154522357144675,52.03258495300042],[7.716486466999538,52.03245020379515]]],[[[7.7017726869727285,52.03482986538751],[7.701960344137282,52.03555468488815],[7.7034732732643,52.0360496986671],[7.702920043101533,52.03675669515584],[7.70247498716699,52.03704745171265],[7.7030447148899555,52.03765223215772],[7.703401836537943,52.03752197479191],[7.704689514005706,52.036085843385784],[7.703970776438386,52.03601929667382],[7.704210408328645,52.03581578542476],[7.70415397256922,52.03471414223581],[7.7017726869727285,52.03482986538751]]],[[[7.695103550285053,52.03547819410078],[7.695273445061496,52.036031306610305],[7.6951861791215155,52.036446213590445],[7.69587468478628,52.036577001829606],[7.697077130099892,52.038158452929295],[7.697345925795892,52.039275799909355],[7.698972650808138,52.03896054223758],[7.701313272366679,52.03829078615986],[7.701991046757085,52.037684300211914],[7.703004085886261,52.03766565905571],[7.702418189386536,52.03704379626164],[7.702887329153831,52.03675008601298],[7.703437865269035,52.03605909197537],[7.701923121545181,52.03556833733187],[7.701739081896273,52.03483041248892],[7.700770214726212,52.0349166416667],[7.699761160523628,52.03527233505986],[7.698374649509957,52.03542241374086],[7.6971351459959125,52.03517022361933],[7.695853254576853,52.03433162177312],[7.695103550285053,52.03547819410078]]]]}},{"type":"Feature","properties":{"OBJECTID":168,"we_nr":"0478","lgbez":"ÜbGel Hagenow","typ":"9","plz":"19243","ort":"Wittenburg","strasse":"An der L 4","bl":"MV"},"geometry":{"type":"Polygon","coordinates":[[[11.103956784778557,53.472806107196405],[11.083529319793678,53.475857176448734],[11.083128505886892,53.475065291143736],[11.072970813895138,53.47579501457355],[11.073439277231017,53.476222630381436],[11.069378115103508,53.47771525950553],[11.070840239111309,53.48009646956707],[11.070759290124418,53.48062514988505],[11.071408180085147,53.48135552664003],[11.071382084026128,53.481635928682564],[11.0689317386455,53.48286286414808],[11.065742370840125,53.48400174098316],[11.06676238898075,53.485471255822915],[11.067090929829648,53.48633298124166],[11.067487175803228,53.48968660464094],[11.067560802622243,53.48983186060377],[11.068052517950962,53.489651775994986],[11.069893148002057,53.488746194437034],[11.070382554660503,53.48843976245465],[11.070283158769247,53.48830169216257],[11.072166384236185,53.487680746035274],[11.07238910264629,53.48787527776074],[11.077687993216845,53.48567338304071],[11.078940084822953,53.48657918628149],[11.081152337127385,53.48572471874385],[11.081551627491425,53.48594911000177],[11.085635614013688,53.485171601480495],[11.08663884353996,53.48618502149112],[11.089548667307032,53.48502354199855],[11.092971311422067,53.483057881960264],[11.09326791716261,53.48286874424567],[11.09466569484658,53.48119360994222],[11.097168252108146,53.48205739212776],[11.098569653595971,53.48293411911554],[11.10078766859295,53.48562816004108],[11.101205360945603,53.48663361621766],[11.101869930999635,53.48769727952418],[11.104788401949602,53.485497674004996],[11.106072617310284,53.48631601212913],[11.106296205289581,53.48632391861291],[11.11998963749403,53.48166836743606],[11.11775966142906,53.480149165597425],[11.116498268666472,53.47989777137708],[11.115163626377317,53.47921009106873],[11.115129843434435,53.479072369766406],[11.114412334762378,53.47857169428263],[11.112659859983392,53.47861739205212],[11.11222204716498,53.47704592218738],[11.113768382840762,53.47375238643913],[11.111806399377922,53.47315838303321],[11.111284439570188,53.473105286936686],[11.103956784778557,53.472806107196405]]]}},{"type":"Feature","properties":{"OBJECTID":169,"we_nr":"4235","lgbez":"ÜbGel Warendorf","typ":"9","plz":"48231","ort":"Warendorf","strasse":"N.N.","bl":"NW"},"geometry":{"type":"Polygon","coordinates":[[[7.9863317330003065,51.969047438506735],[7.983112310260437,51.96970737485408],[7.981000957627071,51.971058810688284],[7.979450674753909,51.97140952538873],[7.976666489362537,51.97247558205323],[7.9779814558520314,51.97353962725683],[7.98081357894025,51.97422037026508],[7.984435183721051,51.974688134263744],[7.984432083635,51.97411181646709],[7.983774607576781,51.971208028996905],[7.9852011044003905,51.97067191284648],[7.986966420596389,51.971213825452296],[7.987041906928028,51.97073912957582],[7.988385925832156,51.970814540121246],[7.988419119480208,51.97053775690315],[7.9888921920718285,51.97065494940159],[7.989003999985382,51.96990823435484],[7.9863317330003065,51.969047438506735]]]}},{"type":"Feature","properties":{"OBJECTID":170,"we_nr":"0315","lgbez":"ÜbGel Alt Duvenstedt","typ":"9","plz":"24791","ort":"Alt Duvenstedt","strasse":"N.N.","bl":"SH"},"geometry":{"type":"MultiPolygon","coordinates":[[[[9.589033573921895,54.344838003658275],[9.58725622030109,54.34536595684252],[9.587540913482655,54.34564999794699],[9.589058660274542,54.34493670834854],[9.589033573921895,54.344838003658275]]],[[[9.585840164596044,54.34581458581275],[9.586083818243843,54.34616540900097],[9.586863597233073,54.34591410290935],[9.586535374387783,54.345585981369716],[9.585840164596044,54.34581458581275]]],[[[9.594098400360302,54.351744169067985],[9.601823270407678,54.34417818525376],[9.597810586762805,54.344139457245404],[9.595246087967467,54.34473215374177],[9.593659475427586,54.34334885676798],[9.58905499874144,54.344831257170945],[9.589088908346778,54.3449445596812],[9.587550932393018,54.34566216326889],[9.588565884035484,54.34664324197773],[9.587806700720774,54.34687289770288],[9.586876881519485,54.34592984708933],[9.58609536878179,54.34617819622598],[9.586452706025447,54.34649926627121],[9.586798898769679,54.34718128432177],[9.586582533245247,54.3472470194949],[9.586023301438104,54.34666845745382],[9.58550932406001,54.34665559236351],[9.585193647984282,54.347091149617036],[9.584661930675972,54.347475194249064],[9.583328556807986,54.347785766024636],[9.586886554578467,54.34763455820629],[9.58806389916641,54.34940042550216],[9.588147291570905,54.35000636359086],[9.587992604373895,54.35061176342681],[9.587416717801363,54.351675870477905],[9.587574770087402,54.35174661506993],[9.589722608694384,54.35140264828139],[9.594098400360302,54.351744169067985]]]]}},{"type":"Feature","properties":{"OBJECTID":171,"we_nr":"0621","lgbez":"ÜbGel Nartum","typ":"9","plz":"27404","ort":"Gyhum","strasse":"Feldweg","bl":"NI"},"geometry":{"type":"Polygon","coordinates":[[[9.24775828749574,53.192188494632106],[9.248303858622387,53.19364589549653],[9.254362790398712,53.192956618001475],[9.25337391954395,53.18994038801008],[9.248471105165388,53.190626302696245],[9.24895173528349,53.19205517009101],[9.24775828749574,53.192188494632106]]]}},{"type":"Feature","properties":{"OBJECTID":172,"we_nr":"0622","lgbez":"ÜbGel Deinstedt","typ":"9","plz":"27446","ort":"Deinstedt","strasse":"Hohe Lucht","nr":"1","bl":"NI"},"geometry":{"type":"Polygon","coordinates":[[[9.243056119022432,53.40251512015009],[9.246019129342526,53.40639749900818],[9.250071221180606,53.40530305125506],[9.247523553220391,53.40193368723667],[9.243056119022432,53.40251512015009]]]}},{"type":"Feature","properties":{"OBJECTID":173,"we_nr":"4435","lgbez":"ÜbGel Düngel","typ":"9","plz":"27404","ort":"Zeven","strasse":"Bremervörder Str.","bl":"NI"},"geometry":{"type":"Polygon","coordinates":[[[9.275867683057465,53.32571916258037],[9.276274858833096,53.3256553334141],[9.27514432006469,53.32468313751203],[9.271279531454972,53.322144055298516],[9.269858114604283,53.32294611882561],[9.25957176050763,53.327878972375636],[9.265480954804184,53.3288640512281],[9.26584040758034,53.32929699557835],[9.273269865748214,53.33166153067353],[9.27475067920546,53.331185805902855],[9.276048625315282,53.33050507846731],[9.274841798918024,53.33021189376145],[9.274878657692433,53.329781363742015],[9.275331697853211,53.32913170293822],[9.275506590855906,53.32835242385719],[9.275925412390878,53.32779507520661],[9.275817212111535,53.32742437776133],[9.275867683057465,53.32571916258037]]]}},{"type":"Feature","properties":{"OBJECTID":174,"we_nr":"4511","lgbez":"ÜbGel Storkau","typ":"9","plz":"39590","ort":"Storkau (Elbe)","strasse":"An der K 1036","bl":"ST"},"geometry":{"type":"MultiPolygon","coordinates":[[[[11.98198067993919,52.6336810633805],[11.982003295924784,52.63420304342639],[11.982253494697735,52.63416577702362],[11.98198067993919,52.6336810633805]]],[[[11.97667102575491,52.63161060597082],[11.977767074606252,52.63322258817601],[11.977513188249048,52.6332877898188],[11.978196665144862,52.63413137065483],[11.978309562714827,52.63472917644113],[11.981931286073278,52.63421376020318],[11.981938999906623,52.63361442137016],[11.981442217181375,52.63266852076672],[11.979215714003288,52.63296967464645],[11.978640904510808,52.631077016539514],[11.97667102575491,52.63161060597082]]]]}},{"type":"Feature","properties":{"OBJECTID":175,"we_nr":"3730","lgbez":"ÜbGel Ochsenhof","typ":"9","plz":"87657","ort":"Görisried","strasse":"Ochsenhof","nr":"1","bl":"BY"},"geometry":{"type":"MultiPolygon","coordinates":[[[[10.471261404051408,47.69127899767298],[10.47306311369452,47.69043463705719],[10.473057217152972,47.690390887232574],[10.471446811834495,47.69111924558758],[10.471138616030164,47.69098840891033],[10.471357790586453,47.691157188664455],[10.471261404051408,47.69127899767298]]],[[[10.465117712634738,47.69428303340829],[10.470066583637927,47.6956047793174],[10.47053724964289,47.69502872792095],[10.470987235531702,47.69235803780481],[10.470767878617401,47.69261891124564],[10.469422644292703,47.69262364212885],[10.468828061982475,47.69281598385275],[10.468123904970513,47.69139351399018],[10.465785496860853,47.691318769180214],[10.46556530451332,47.69050906748741],[10.46142668425211,47.69102174803738],[10.462019964005178,47.69287532340913],[10.465117712634738,47.69428303340829]]]]}},{"type":"Feature","properties":{"OBJECTID":176,"we_nr":"1642","lgbez":"ÜbGel Oberbolheim","typ":"9","plz":"52388","ort":"Nörvenich","strasse":"N.N.","bl":"NW"},"geometry":{"type":"Polygon","coordinates":[[[6.641872647225552,50.82168330758147],[6.639809433511649,50.82122172391892],[6.639128170064685,50.82223352892232],[6.638607444542196,50.822428038465276],[6.63744650498798,50.82232966527186],[6.637388297750812,50.822431830994375],[6.636601708633418,50.8222689346975],[6.635208929175668,50.82251726638397],[6.633516915506866,50.82225724040956],[6.633130460271588,50.82297984395323],[6.631281600754182,50.82481853902971],[6.633655087177372,50.825350239764845],[6.633003380998243,50.82568637135056],[6.6328492274005075,50.82624813042843],[6.634298018612852,50.82659304914355],[6.634780097713507,50.82589968759006],[6.637114720322564,50.8248841906989],[6.6394098727546815,50.82416514684575],[6.6402620218198205,50.823753966856],[6.641309384677731,50.82278033035874],[6.6418702262658735,50.82182714996571],[6.641872647225552,50.82168330758147]]]}},{"type":"Feature","properties":{"OBJECTID":177,"we_nr":"1682","lgbez":"Ausbildungsgelände Teveren","typ":"9","plz":"52511","ort":"Geilenkirchen","strasse":"Lilienthalallee","nr":"124","bl":"NW"},"geometry":{"type":"MultiPolygon","coordinates":[[[[6.055638603716743,50.963016787710345],[6.050497546243336,50.9630723290338],[6.050451787859379,50.96324931875115],[6.051029803439133,50.96408758158614],[6.050771244045829,50.96416019471414],[6.050634288694193,50.96406509296423],[6.049120845730869,50.96479263501248],[6.049259051537365,50.96490687592086],[6.0489641588840515,50.965059944810115],[6.049457335771716,50.965467835065525],[6.04939297687149,50.965933597861365],[6.048933073581953,50.96615193628358],[6.048350977854182,50.966099598473555],[6.048085425076373,50.966230110233155],[6.046813047714508,50.965894877821064],[6.046618706185918,50.96613326627921],[6.046498132511821,50.96604584172435],[6.043667515898334,50.96740344592216],[6.043517274463691,50.96728703989456],[6.0394208390882165,50.96890577733014],[6.03971816258271,50.969147641296026],[6.040264632922918,50.96995827159932],[6.041964877854692,50.971040689176405],[6.042773187337342,50.97249459250329],[6.042314798607345,50.97442212283115],[6.049723022398526,50.97333003842563],[6.050935678861979,50.97452011415356],[6.050640041505305,50.97421344316147],[6.058198421391171,50.97027207915458],[6.056561975709197,50.96659761315732],[6.056876756164587,50.965961707364976],[6.056404661838306,50.96511298702252],[6.0561129375430225,50.9650785264225],[6.056477683192844,50.96315853201462],[6.055638603716743,50.963016787710345]]],[[[6.0450037661718605,50.9680388533812],[6.0449826153384985,50.96804420393669],[6.0449850776207095,50.96803571760914],[6.0450037661718605,50.9680388533812]]]]}},{"type":"Feature","properties":{"OBJECTID":178,"we_nr":"4511","lgbez":"ÜbGel Storkau","typ":"9","plz":"39590","ort":"Storkau (Elbe)","strasse":"An der K 1036","bl":"ST"},"geometry":{"type":"MultiPolygon","coordinates":[[[[11.98198067993919,52.6336810633805],[11.982003295924784,52.63420304342639],[11.982253494697735,52.63416577702362],[11.98198067993919,52.6336810633805]]],[[[11.97667102575491,52.63161060597082],[11.977767074606252,52.63322258817601],[11.977513188249048,52.6332877898188],[11.978196665144862,52.63413137065483],[11.978309562714827,52.63472917644113],[11.981931286073278,52.63421376020318],[11.981938999906623,52.63361442137016],[11.981442217181375,52.63266852076672],[11.979215714003288,52.63296967464645],[11.978640904510808,52.631077016539514],[11.97667102575491,52.63161060597082]]]]}},{"type":"Feature","properties":{"OBJECTID":179,"we_nr":"3682","lgbez":"Sprunggelände Altenstadt","typ":"9","plz":"86972","ort":"Altenstadt","strasse":"Burglachbergstr.","nr":"30","bl":"BY"},"geometry":{"type":"Polygon","coordinates":[[[10.855243831579134,47.834177596060556],[10.850613329800874,47.8342443491035],[10.850346063935834,47.835800167325736],[10.850079015463056,47.835780358137896],[10.849730566150816,47.83745157611389],[10.849227424251715,47.83724931332954],[10.848897208943093,47.83779882671636],[10.849207534652978,47.83789289416983],[10.849155542859295,47.83956968054578],[10.862773162643656,47.83985568584254],[10.867934487906512,47.840273160338214],[10.86913148224297,47.84014335792655],[10.869186657666033,47.8398451685181],[10.872183022432628,47.84009937809779],[10.874368281261074,47.84009754150908],[10.874187978603723,47.83972266381074],[10.874247573738009,47.839065742803555],[10.874135910453223,47.83860759261557],[10.873363969264869,47.83733844334816],[10.873337565083713,47.836456719042154],[10.87783015660122,47.836155830535816],[10.877810667651122,47.835549239935965],[10.876847326018375,47.83366535715661],[10.8752273572354,47.83419410251894],[10.875459496277866,47.83468384499513],[10.874850831078941,47.83512658979381],[10.871289636204358,47.834810578466374],[10.869844484965553,47.83419708022968],[10.866630116147489,47.83445698825145],[10.866400906511121,47.83442652444924],[10.86640644372653,47.83429776389821],[10.863311187023585,47.83426095986291],[10.863115941789816,47.83420861237474],[10.862879283323117,47.833593038036724],[10.861637722667085,47.83378819396022],[10.858592933316782,47.833973592251915],[10.858269122097838,47.833797347868696],[10.857127794562922,47.834457553277964],[10.855243831579134,47.834177596060556]]]}},{"type":"Feature","properties":{"OBJECTID":180,"we_nr":"3795","lgbez":"Hochgebirgsstützpunkt Soinhütte","typ":"13","plz":"83098","ort":"Brannenburg","strasse":"Am Wendelstein","bl":"BY"},"geometry":{"type":"MultiPolygon","coordinates":[[[[12.020254519230322,47.69167214972016],[12.020380068672743,47.692052642465974],[12.021463667772576,47.69296113790118],[12.021798378250873,47.69354947871976],[12.023443069568804,47.6947232980375],[12.023477072598942,47.69498615736192],[12.023689488231069,47.69517421017236],[12.023985937664753,47.695328730051706],[12.024355528827217,47.69457522666745],[12.024602853889586,47.694440648067236],[12.0250239831965,47.69445338363786],[12.025423600547352,47.69474375960886],[12.025681641612731,47.69510275273583],[12.025711005742757,47.695368163504824],[12.025452383467355,47.69611109328109],[12.024953763687376,47.69638098761217],[12.025039592322901,47.69650740672332],[12.026797879201776,47.69662027728048],[12.026370790471251,47.696323162385944],[12.026312008312308,47.695888180572794],[12.028989515170453,47.69538111591144],[12.02943492234626,47.695150315055436],[12.030330648685835,47.69558036320788],[12.030713559169,47.696000296086],[12.030766932571618,47.69624716279777],[12.030600043558131,47.69634129312465],[12.030874689981559,47.69676057777345],[12.030822004688451,47.697042644415],[12.029114072872812,47.69773669051948],[12.028883008215406,47.697995482619625],[12.025941276289462,47.698200588761985],[12.025705019369697,47.69727895455686],[12.025126476478881,47.697377280813456],[12.025129693345887,47.69716347411362],[12.024927570610306,47.69710509532686],[12.024339831665934,47.69738075791306],[12.0239276837152,47.697760851685835],[12.023319009533104,47.69787535255988],[12.023259072140727,47.69802820299313],[12.02395487482055,47.698156983301],[12.024398967761101,47.69804547158383],[12.024911215882248,47.69822480170884],[12.02511770532842,47.69859334521702],[12.024632385106239,47.698962143675196],[12.025654394811864,47.699072588147466],[12.025234545604182,47.699437142059445],[12.024516220363562,47.6994446667108],[12.0241553563341,47.6997598764396],[12.024709786646056,47.699863944541384],[12.024901226616288,47.700472074319656],[12.025309802865461,47.700999243283064],[12.025705792819167,47.70107185219441],[12.026327561743154,47.700837669184644],[12.026232815531811,47.700237608093055],[12.026790072841965,47.699697725556796],[12.027328761975216,47.69994644774543],[12.027676546534137,47.69964048198893],[12.029364248289571,47.69979162354146],[12.029999304194929,47.70037551320704],[12.029882580700159,47.700624626341934],[12.030022671172098,47.700773814099065],[12.030504981139806,47.70082459782445],[12.030768650150437,47.70109560131581],[12.03131372450872,47.70107012192938],[12.031872048119132,47.70083650660092],[12.031935815029605,47.7006374752705],[12.031745532089468,47.70030109202241],[12.03112252708364,47.699651831193414],[12.031452338150366,47.699833706513644],[12.03103506441263,47.69930228943401],[12.031030067983004,47.69900707916304],[12.031423494144894,47.69860369767458],[12.031725195129741,47.69862973570144],[12.031760789974571,47.698358738739174],[12.031867578102275,47.69836590381131],[12.032370300488166,47.697682374106385],[12.032763015184353,47.697561029881626],[12.032876324182757,47.69723965374908],[12.03332889542295,47.696900392384435],[12.033122877592286,47.69682557323995],[12.03320786809965,47.69672595690292],[12.034054604815209,47.69674746548652],[12.034025314347046,47.69604561080682],[12.03321836042215,47.69477581027016],[12.033410955625849,47.69454376359366],[12.033293976111207,47.694296601006975],[12.033376021042754,47.69399476871783],[12.033292103123857,47.693584661606955],[12.033653214190021,47.69271742647914],[12.033674518635287,47.69187673048519],[12.033517196679554,47.69159347008542],[12.033494053382896,47.691130461803155],[12.033167884086335,47.690785437353476],[12.032574056360938,47.6903179991971],[12.028339386432927,47.68861316302549],[12.026950141845822,47.688594779854625],[12.025296809633176,47.68889515884501],[12.025084664393976,47.68961175615677],[12.024449938170317,47.68970967237428],[12.023282439117894,47.68950235833388],[12.022209038591477,47.68973061483258],[12.02034021850843,47.691245506935964],[12.020254519230322,47.69167214972016]]],[[[12.028595977617458,47.698392625150554],[12.028842378313412,47.69825806244871],[12.02922856046084,47.69851125462363],[12.029847848238012,47.69847185256813],[12.030125522882255,47.69888808927312],[12.029675668147485,47.69908634434057],[12.029589837715333,47.69897855646276],[12.028795797072648,47.69904345122111],[12.028837592987873,47.698752674770844],[12.028595977617458,47.698392625150554]]],[[[12.0321174337188,47.697441144291375],[12.032213399842304,47.69736292560756],[12.032317369955015,47.69742262759104],[12.03222069146748,47.697500055360095],[12.0321174337188,47.697441144291375]]],[[[12.03213669988672,47.69731375100132],[12.032260674582462,47.69700154168478],[12.032374711216214,47.69698664706118],[12.032417983063471,47.69734869555154],[12.03213669988672,47.69731375100132]]],[[[12.030804114739551,47.69496933458381],[12.0310882356943,47.694370958810026],[12.031459831896456,47.69395258549845],[12.031899155681149,47.693727605333386],[12.032608095323694,47.694106333237364],[12.033274929132245,47.695256651264835],[12.033280412448729,47.69544755211739],[12.03254438949869,47.69613446798258],[12.031832703706321,47.69623266096236],[12.030871200924999,47.695811111976454],[12.031495202162441,47.69544455859312],[12.031930775480854,47.695476324042964],[12.032013671116955,47.69517060111554],[12.031700572307798,47.69480992877239],[12.03117239346339,47.69508189164199],[12.030804114739551,47.69496933458381]]],[[[12.028932995867699,47.694406054679135],[12.029121891809048,47.69420875831612],[12.029300011560217,47.69444180172396],[12.029125811158618,47.69452010520712],[12.028932995867699,47.694406054679135]]],[[[12.029299656725696,47.69460810941692],[12.029379578039908,47.694538236572775],[12.02950135635478,47.694601789719776],[12.029421302089899,47.69467166671129],[12.029299656725696,47.69460810941692]]],[[[12.028998686071189,47.6951369145578],[12.029333541178216,47.69504545756608],[12.029392096961692,47.695133538887085],[12.029064993417252,47.69523226038686],[12.028998686071189,47.6951369145578]]],[[[12.031411922047381,47.69526120475146],[12.031655936817947,47.69506523637853],[12.031786033532377,47.69508600315612],[12.03160363151221,47.69533766469203],[12.031411922047381,47.69526120475146]]],[[[12.030172960217486,47.69531366625799],[12.030292408302522,47.695247336901396],[12.03038282193923,47.69532161716514],[12.030263373854197,47.69538794642726],[12.030172960217486,47.69531366625799]]],[[[12.030783858628197,47.695594479471744],[12.030791196067458,47.69544751463031],[12.03089337044787,47.69553840135618],[12.030783858628197,47.695594479471744]]],[[[12.030204341963628,47.69161854171502],[12.030371213010806,47.69131977838794],[12.030980534878244,47.691149070230615],[12.031123356228628,47.69136873552098],[12.032098490944405,47.69182906661816],[12.03236123828358,47.6920940617112],[12.032299877061467,47.69220574095133],[12.032739708394322,47.69258924586494],[12.032754155999044,47.692865757686434],[12.032070474287325,47.69281869031411],[12.031812051437946,47.69261450204271],[12.03162073094363,47.692631890335655],[12.031036790076286,47.69225921048879],[12.031049661137667,47.692049106962784],[12.030743950971704,47.69179469280771],[12.030374411911538,47.69186223408569],[12.030204341963628,47.69161854171502]]],[[[12.029402745591089,47.69199950044804],[12.029689551610195,47.69191183166102],[12.029799273635653,47.692054893046084],[12.029667115287653,47.692138655433716],[12.029402745591089,47.69199950044804]]],[[[12.029891549479947,47.692170609135296],[12.030027201376097,47.69214479644752],[12.03006541660659,47.69223611461582],[12.029929631759805,47.69226193088634],[12.029891549479947,47.692170609135296]]],[[[12.029004456848543,47.69233452294181],[12.029264258611901,47.692240819533055],[12.029348232226384,47.69234667673334],[12.029112867333707,47.69247797982738],[12.029004456848543,47.69233452294181]]],[[[12.029503006559949,47.6924116075605],[12.029566366533567,47.69230212732936],[12.0296080268032,47.6923884948244],[12.029503006559949,47.6924116075605]]],[[[12.028718554534617,47.689829869017736],[12.028722597851718,47.68973635400676],[12.02889417696932,47.6897395601072],[12.02889027199277,47.689833160979184],[12.028718554534617,47.689829869017736]]],[[[12.028865198216549,47.689253308160794],[12.028979384868983,47.68917920005915],[12.029086077775295,47.6892540410597],[12.028971762663776,47.68932824217899],[12.028865198216549,47.689253308160794]]],[[[12.02067555511247,47.70357874945314],[12.022039366597216,47.704051691480394],[12.023153446432966,47.70393620064794],[12.024613115345064,47.704325775189304],[12.02431372482715,47.70515067633823],[12.025225014479043,47.70529239202],[12.027777234202786,47.70611599148244],[12.028670226070629,47.706217578096386],[12.03027588918276,47.70568165356555],[12.032296421242567,47.705334418563545],[12.033303722832047,47.70556792789488],[12.03358448408762,47.705898405562934],[12.034132791482591,47.70555822788069],[12.033015992446492,47.70504847889448],[12.031194833379187,47.70498532839581],[12.028537309544546,47.70562437727489],[12.028686066962349,47.70522386887141],[12.028530619790626,47.70442366015175],[12.028598252151742,47.70402889463244],[12.028008324911342,47.70366292678108],[12.026940900876513,47.70373205893396],[12.027368248321837,47.70318597433258],[12.027731568345297,47.703179889632274],[12.02772186743854,47.70252719092178],[12.026658437313476,47.70211954676208],[12.023276181453614,47.70205112947138],[12.021961051470749,47.70258037782919],[12.02067074193919,47.702838452474296],[12.02067555511247,47.70357874945314]]],[[[12.025522024461448,47.70263583959226],[12.025715681473816,47.70264431654764],[12.025725959098976,47.70282177248398],[12.025570872151656,47.70277952144205],[12.025522024461448,47.70263583959226]]]]}},{"type":"Feature","properties":{"OBJECTID":181,"we_nr":"3772","lgbez":"Reichenhaller Hütte","typ":"13","plz":"83242","ort":"Reit im Winkl","strasse":"Dürrnbachhornweg","nr":"12","bl":"BY"},"geometry":{"type":"Polygon","coordinates":[[[12.581834296169783,47.65854795603616],[12.581458843500123,47.658753642059686],[12.5812931824836,47.659042114820785],[12.581719522019181,47.659147189296256],[12.581982100475065,47.65894626477797],[12.581991008169453,47.65862077592115],[12.581834296169783,47.65854795603616]]]}},{"type":"Feature","properties":{"OBJECTID":182,"we_nr":"0520","lgbez":"Friedensausbildungsstellung Gubkow","typ":"4","plz":"18190","ort":"Sanitz","strasse":"Dorfstr.","bl":"MV"},"geometry":{"type":"Polygon","coordinates":[[[12.386783471302621,54.03005812045361],[12.376371328811654,54.02325947086421],[12.375934842804924,54.02326389316934],[12.375781594708995,54.02284080203646],[12.375895768785004,54.02282005445545],[12.374511196335702,54.021190685546344],[12.374496513372376,54.02055362697709],[12.374633399553703,54.02037662207668],[12.374174965009654,54.02045142325913],[12.374312501571245,54.02055387607783],[12.37436313511225,54.02120722937648],[12.374658917995987,54.02160259899355],[12.37453539515285,54.02153619997166],[12.375606772673239,54.02273281581697],[12.37568933593268,54.023267459510045],[12.369039727720974,54.02332449770026],[12.363969856343934,54.02762970906781],[12.36393374317118,54.03007852884821],[12.36761979758208,54.032932574697746],[12.378217862590807,54.03472732953896],[12.384185561466868,54.034846031306884],[12.39001225269112,54.03107003794163],[12.388885239810222,54.030027565619086],[12.386783471302621,54.03005812045361]]]}},{"type":"Feature","properties":{"OBJECTID":183,"we_nr":"0702","lgbez":"Außenlandeplatz Goldbeck","typ":"4","plz":"31737","ort":"Rinteln","strasse":"N.N.","bl":"NI"},"geometry":{"type":"Polygon","coordinates":[[[9.181002374869124,52.11825368693803],[9.181533743631125,52.116769669513666],[9.178241241146274,52.11586922014396],[9.175289839754605,52.11772125137683],[9.17613766612661,52.118213825288954],[9.176311784781541,52.118975678237824],[9.1786380907877,52.11883401558018],[9.181002374869124,52.11825368693803]]]}},{"type":"Feature","properties":{"OBJECTID":184,"we_nr":"0703","lgbez":"Außenlandeplatz Reinsdorf","typ":"4","plz":"31552","ort":"Apelern","strasse":"Kammweg","bl":"NI"},"geometry":{"type":"Polygon","coordinates":[[[9.251142233086675,52.26688696038076],[9.250276761107516,52.2682400874322],[9.251068876660554,52.26938085165412],[9.252246967748487,52.27000035971377],[9.253533271692222,52.270144193264585],[9.255233567827931,52.27007541899477],[9.256345010210003,52.2686617800948],[9.254005320204417,52.26734336499184],[9.25134582277112,52.26681052625986],[9.251142233086675,52.26688696038076]]]}},{"type":"Feature","properties":{"OBJECTID":185,"we_nr":"0704","lgbez":"Außenlandeplatz Laatzen","typ":"4","plz":"31855","ort":"Aerzen","strasse":"N.N.","bl":"NI"},"geometry":{"type":"Polygon","coordinates":[[[9.29065455630398,52.03231512369382],[9.292453919547572,52.03302995557871],[9.293699419316146,52.03221565053005],[9.294513646001576,52.031345488832166],[9.29528688166225,52.03157743530623],[9.297760982990557,52.03122252218216],[9.297670457064442,52.03042057922135],[9.296764623779588,52.030437015986735],[9.296406258863218,52.029369605204],[9.295013378794193,52.028948494812866],[9.293221164343635,52.02920090241897],[9.292339353806097,52.030445596926505],[9.291894323024408,52.03057148552339],[9.29065455630398,52.03231512369382]]]}},{"type":"Feature","properties":{"OBJECTID":186,"we_nr":"0729","lgbez":"Außenlandeplatz Düdinghausen","typ":"4","plz":"31595","ort":"Steyerberg","strasse":"Am Rüsselbach","bl":"NI"},"geometry":{"type":"Polygon","coordinates":[[[8.931898756030659,52.578510244732335],[8.927498006471213,52.58096971649312],[8.932085001043609,52.582059865446396],[8.937788842262817,52.58075778457597],[8.931898756030659,52.578510244732335]]]}},{"type":"Feature","properties":{"OBJECTID":187,"we_nr":"1246","lgbez":"Außenlandeplatz Maasen","typ":"4","plz":"27249","ort":"Maasen","strasse":"Ölstr.","bl":"NI"},"geometry":{"type":"MultiPolygon","coordinates":[[[[8.889644437697601,52.635237102976696],[8.890698609785346,52.63679280865696],[8.89592089292675,52.63694113461947],[8.896043442894461,52.63541887790989],[8.889644437697601,52.635237102976696]]],[[[8.887556094511892,52.65050153516772],[8.887721351286553,52.65088363065676],[8.89569027203711,52.6492389434835],[8.895484270376127,52.64887722993267],[8.887556094511892,52.65050153516772]]],[[[8.887725583249846,52.65089343377418],[8.888183912691035,52.65195316352781],[8.894409677785328,52.65067503540571],[8.894269752603387,52.64955366383023],[8.887725583249846,52.65089343377418]]],[[[8.884432347739697,52.65157562681473],[8.884872625535243,52.65273233612183],[8.888027750460322,52.65208722755262],[8.887520788924595,52.650913404049476],[8.884432347739697,52.65157562681473]]]]}}]}