{"type":"FeatureCollection","features":[{"type":"Feature","properties":{"OBJECTID":1,"we_nr":"0160","lgbez":"TrÜbPl Todendorf - MunLgr ÜbdTr","typ":"7","plz":"24321","ort":"Panker","strasse":"Todendorf","nr":"0","bl":"SH"},"geometry":{"type":"Polygon","coordinates":[[[10.576261684041311,54.36016740359379],[10.576408435521097,54.360397805536536],[10.575845122667605,54.36069783825494],[10.576124258870795,54.360873132786246],[10.576686728206244,54.36069464166248],[10.576689299184604,54.36057079039379],[10.577487032801425,54.360161492935674],[10.57737051771578,54.3600744776061],[10.577694391816788,54.359899604177414],[10.580329334700123,54.35960303973239],[10.580912203877363,54.35893923567023],[10.58118436286576,54.35803807008141],[10.580636591764987,54.35788376598983],[10.579598177923963,54.35729250083089],[10.574498248019207,54.35790878873873],[10.576453278521779,54.35989886036768],[10.576261684041311,54.36016740359379]]]}},{"type":"Feature","properties":{"OBJECTID":2,"we_nr":"0188","lgbez":"TrÜbPl Putlos","typ":"8","plz":"23758","ort":"Oldenburg in Holstein","strasse":"Zum Wienberg","nr":"1","bl":"SH"},"geometry":{"type":"MultiPolygon","coordinates":[[[[10.866341296105487,54.33407137352363],[10.871191877941843,54.33554545140254],[10.8737886837481,54.33260001416604],[10.872659013650619,54.3324209136134],[10.873308882775016,54.33077115746209],[10.874369988060126,54.32906018437159],[10.872834833714684,54.3287937479578],[10.873290234648001,54.327855807078954],[10.872598513014527,54.3270562822345],[10.871835997848416,54.328674533937175],[10.871806401953075,54.328671020026135],[10.872577696354451,54.32705914041154],[10.869289123998934,54.32668389977917],[10.867241289442676,54.32671994947728],[10.867516376938912,54.3261740169883],[10.8669614786047,54.32557476481138],[10.867095800095882,54.32509355619305],[10.869115489535975,54.324438038992376],[10.87005345016866,54.32446902147637],[10.871943588171698,54.3249400645762],[10.873371017446594,54.32264368643881],[10.873138661011795,54.3222199596223],[10.872683838593476,54.321929019477665],[10.872794364611103,54.32139960635908],[10.870526416759057,54.32171055328178],[10.86843280854749,54.322242572572044],[10.868338131506423,54.322147255035546],[10.868001725907202,54.318705396946534],[10.865119740930819,54.318921812066996],[10.864710410096851,54.31498015634157],[10.86322982840492,54.315023735879564],[10.862993240006826,54.31341484871867],[10.86234650869769,54.3134142743783],[10.862091812958438,54.311307610216396],[10.862437139726733,54.31115816165661],[10.858458356704062,54.31270848681387],[10.856076924682142,54.31330936909033],[10.855116190858704,54.31347769072881],[10.853899898014966,54.31362948323801],[10.849233071959901,54.313744068622455],[10.849049657538407,54.313895872725716],[10.848898251887158,54.3148016000149],[10.848832534734221,54.31489916634765],[10.847081856585762,54.31662995903872],[10.846643531727672,54.31696125231602],[10.845750008057147,54.31725432300638],[10.844520222517868,54.31750913157996],[10.846612145489946,54.316946038321326],[10.847045880855264,54.316619363914455],[10.848838376478513,54.31482680567738],[10.849010187361465,54.31388992449428],[10.849204677112075,54.31372044067296],[10.853891287662986,54.313607925668144],[10.856068141853621,54.313293557917866],[10.85843632642004,54.31269381467862],[10.86243260952277,54.311138647158636],[10.862313610595384,54.31051260927168],[10.862725334541286,54.310094219424684],[10.859223614426709,54.311124164174274],[10.85752917979823,54.3113559531515],[10.854731189995858,54.31250770428378],[10.854314249533077,54.31092596227071],[10.854452735613934,54.31091103375619],[10.85443753701764,54.31080651618475],[10.85421839749564,54.310569538970604],[10.850938807394668,54.309847200956845],[10.851618764691185,54.3090246817656],[10.853520008566107,54.30945401277467],[10.854329731997021,54.30815878264064],[10.854564769004627,54.30803770957346],[10.854341612216638,54.307942153678255],[10.85408643767533,54.3075340217498],[10.852146281477232,54.30815484874505],[10.847791590339039,54.31087615511561],[10.843835087332016,54.31167126642598],[10.837479260557613,54.31224661336871],[10.836053845305608,54.31276189453676],[10.83459842722144,54.313573170364386],[10.831621745441051,54.31393993708846],[10.826622795157368,54.315186904721784],[10.826009606940987,54.3149996386252],[10.822332078440441,54.30988105170406],[10.821226789518088,54.31008347640051],[10.81977618730216,54.310642882418584],[10.817910182539217,54.31110673333299],[10.816773418445893,54.311134703066635],[10.81225445418829,54.31078884309016],[10.811165731996411,54.31082546746911],[10.808981376873144,54.31114326100163],[10.808179439140808,54.311118172045006],[10.807968634187977,54.31124061433057],[10.807504036302774,54.31102641594993],[10.806569508132766,54.31171390040502],[10.799628601427202,54.315863446634005],[10.811189832897174,54.32138852573057],[10.821219986576434,54.32577124804604],[10.82153194452521,54.325440169775405],[10.82220077798357,54.32507150117609],[10.822253700431911,54.32486608808346],[10.823996400642313,54.32366855116395],[10.826078736793699,54.32239863674135],[10.827083901291084,54.3219658367008],[10.828704027279288,54.32061591737125],[10.829432827774426,54.32014958691275],[10.82976392792359,54.32003392902792],[10.830532578583075,54.31994469205383],[10.831175782208074,54.3195795077512],[10.832213436074355,54.31914075887298],[10.832586243205531,54.31866935332348],[10.832792689532578,54.31851501405712],[10.83468112522818,54.31777988321655],[10.837087460346405,54.31730298801745],[10.838262513332054,54.31723081863688],[10.8388043600435,54.31747708017166],[10.839041237699124,54.31766605626441],[10.838985837697221,54.317936586274634],[10.83959378963385,54.31804036003321],[10.839893751480286,54.31819984177207],[10.841834989249987,54.31828315012952],[10.842916795312481,54.318390547313335],[10.84338657108702,54.31775515932679],[10.84415377635721,54.3179128994273],[10.844484292601424,54.31761813259],[10.844172050785033,54.31794092636421],[10.843416568529298,54.317792283668204],[10.84295491711821,54.31842298993917],[10.83988045282082,54.31822433222711],[10.838968218141249,54.31796175438639],[10.838996487224911,54.31767829850875],[10.838282641882618,54.31726362687017],[10.837097578071447,54.31733129255697],[10.834717609405134,54.31779919388194],[10.832771943839404,54.3185636896283],[10.832244739667082,54.31916387913667],[10.83056276556991,54.319969699656546],[10.829461529846093,54.32017232465204],[10.827125954124513,54.32198968520296],[10.826115451837675,54.32242073300924],[10.824030988475695,54.323690176809315],[10.82229759121837,54.32488422086798],[10.822238326664117,54.32509225591184],[10.821570663710576,54.32545644777235],[10.82127327104584,54.32578407985808],[10.828498947289793,54.3293006763444],[10.833912430551237,54.332473834290596],[10.837037611034631,54.33446535202135],[10.839941125035123,54.33656284197702],[10.843567611261186,54.339914504074784],[10.846809383187013,54.342469914923136],[10.848490060116943,54.34408621487988],[10.849585526859965,54.34471108949995],[10.854071897544141,54.34661047707268],[10.857789744231257,54.34860856594352],[10.857884087099036,54.34851727829089],[10.862649649681954,54.351418135913995],[10.86525770868375,54.353194677114274],[10.865919237042245,54.35384410918917],[10.867392323191426,54.353484533329365],[10.868879823707669,54.35207819881431],[10.8662345744531,54.351057622082386],[10.866315704899671,54.347458849045154],[10.867284027690658,54.346633838989355],[10.864679531407251,54.345604823953806],[10.86497740287404,54.3452871536402],[10.8668044773475,54.344962829706624],[10.867307672247264,54.34503996105536],[10.867674338495146,54.34472464430176],[10.868179029988141,54.34484293628023],[10.869880498425294,54.34384292461091],[10.86816975308618,54.34295172823885],[10.866439124436573,54.34403831727111],[10.866481404543736,54.34065502139585],[10.870001333509114,54.337977343806834],[10.86863376526984,54.337442001774484],[10.87114400582205,54.3355812953555],[10.867553993891441,54.33456360027973],[10.866341296105487,54.33407137352363]]],[[[10.867291454063096,54.32669616134243],[10.869299477082585,54.32665955894648],[10.872598513014527,54.3270562822345],[10.870484772659108,54.32461402206214],[10.869722285340806,54.324449750090096],[10.869129961395185,54.32446450290419],[10.867127849290265,54.3251132673404],[10.867000646947718,54.325575758608515],[10.867547179271693,54.32617161608889],[10.867291454063096,54.32669616134243]]],[[[10.872701354843215,54.321816691430996],[10.873167647849373,54.32220001237177],[10.873401066991173,54.32261261246639],[10.87440841080145,54.32097200845682],[10.872822541168333,54.32139771287063],[10.872701354843215,54.321816691430996]]],[[[10.86345656857253,54.308237053772096],[10.864206259389642,54.309204105366625],[10.865061401641345,54.30897181372185],[10.86431456477188,54.30800704175429],[10.86345656857253,54.308237053772096]]]]}},{"type":"Feature","properties":{"OBJECTID":3,"we_nr":"0602","lgbez":"TrÜbPl Jägerbrück - Biwakraum 2 Rieth","typ":"8","plz":"17375","ort":"Luckow","strasse":"Riether Landstr.","bl":"MV"},"geometry":{"type":"MultiPolygon","coordinates":[[[[14.201562938837931,53.67525761617664],[14.199280163393823,53.675300388529394],[14.198671959030609,53.67624323170348],[14.196838090598666,53.67704109650716],[14.19499140230928,53.67829474277256],[14.193850095435565,53.678901737752305],[14.192678965392775,53.67884492422841],[14.191822788281883,53.67929694228633],[14.190355463926917,53.6803549223221],[14.1905519434459,53.680672201280565],[14.18919044781794,53.6815167449836],[14.186243721259032,53.68169508656689],[14.18584132092744,53.68141968973792],[14.185544712491938,53.681436297651544],[14.184603806283436,53.68012014741096],[14.182881295709068,53.679673733981666],[14.181144813637038,53.68009218894785],[14.178722700509194,53.68132983929529],[14.175163999357821,53.68254938909465],[14.17428569314823,53.68246808449694],[14.16876119698226,53.69192026196227],[14.174357068789115,53.692923940937895],[14.182475025435243,53.691321905286244],[14.189400498185908,53.689229070101995],[14.191096577629674,53.69661069580702],[14.194149860551,53.69477124678011],[14.19472709190149,53.694565387227065],[14.197872554547386,53.69536372138024],[14.200763687068314,53.69515121042751],[14.202410827193702,53.695735780903476],[14.204720100243765,53.695979966281335],[14.206864055433758,53.69593794837122],[14.208270789321123,53.6967750074845],[14.209162932281044,53.69700530283118],[14.21000395930465,53.69557127741911],[14.213401656305956,53.69606274358495],[14.213583206723209,53.69485060594341],[14.213472005172495,53.69465090331387],[14.213500225747149,53.69415584265169],[14.213707319759502,53.69363094431729],[14.217244982366918,53.69412249270833],[14.216681933618107,53.69507169705476],[14.218331456973962,53.695304616944],[14.219133173720746,53.6950535978167],[14.220530944218202,53.69507083647819],[14.220864218290341,53.69482503529432],[14.221583998801723,53.69468597719893],[14.222295856172305,53.693954378826966],[14.222500213018003,53.694143216684665],[14.223421803651279,53.693409889786494],[14.22450427626372,53.69309595511451],[14.225784264152695,53.6929117427841],[14.225958342383421,53.692568037218564],[14.227036992664344,53.691446148219],[14.225530681426042,53.69031569865272],[14.225942292184213,53.69019679676887],[14.22518666170646,53.68963914667692],[14.225659802570059,53.68884555273553],[14.227809009311185,53.68908706459218],[14.2312949442296,53.69093472497039],[14.23270451948818,53.68863800928409],[14.232689346044706,53.68846060249841],[14.231439903570372,53.68808600929387],[14.232412704463059,53.68655257518441],[14.235349534282475,53.687594068045804],[14.236230555200864,53.688319938664954],[14.236336314757592,53.688264667770355],[14.235799395305458,53.68769711659928],[14.231843514830954,53.686326970107416],[14.232169507159385,53.68635411155572],[14.23150772817097,53.68300804649162],[14.233237728898205,53.682605872548784],[14.235522275820053,53.68246973646867],[14.239319417695633,53.68191888250723],[14.240417813844827,53.680048217926014],[14.227310178427123,53.67798553211694],[14.225142200489776,53.677784669335196],[14.222559909661925,53.6773224660673],[14.218782479518625,53.6769697289884],[14.215794320862148,53.67644174777168],[14.212397390123803,53.67604817186465],[14.210331745568721,53.67560729351999],[14.205690254699599,53.67530418950905],[14.20178292097971,53.67452221865132],[14.20201850595961,53.674823147077355],[14.201562938837931,53.67525761617664]]],[[[14.146700025278692,53.675658203792594],[14.135066222510194,53.67360390197919],[14.134428575863538,53.67338701706724],[14.134558678866181,53.67349446454354],[14.130223376965041,53.672749532417015],[14.13000660180887,53.67324127670135],[14.130142474690567,53.67388445371003],[14.12927528513259,53.67375987851653],[14.13012346274586,53.67585514541556],[14.130648292670921,53.67666398540844],[14.131425992958569,53.6769779500168],[14.13500614767556,53.67754213168369],[14.138390687052878,53.67737118627036],[14.139789352272343,53.67713328724402],[14.145380012952266,53.680325414115146],[14.144894153740891,53.68136905777398],[14.146969070706318,53.68166364477912],[14.147876317041138,53.68160711962571],[14.148327509367387,53.68180169776074],[14.148990715778794,53.68141689594729],[14.14846705725688,53.68076547585219],[14.149324549501355,53.68031494364489],[14.147656711293475,53.67845026403461],[14.144522353621133,53.677868945142066],[14.144262429686904,53.6774862187657],[14.145376699965505,53.67683715523909],[14.14661412118471,53.676471185800175],[14.149167570702081,53.67597759977632],[14.146700025278692,53.675658203792594]]],[[[14.14878268302697,53.68160983412876],[14.147815687945961,53.68217804514136],[14.146672632052432,53.682648329924696],[14.147776024631213,53.684607585756744],[14.14958174255714,53.68390947780888],[14.149446487716345,53.68565996347734],[14.148845243499975,53.68674370078285],[14.15007334110484,53.69199975203222],[14.151829290567365,53.691510163455355],[14.152006061947326,53.6931872990299],[14.15146896373047,53.693861115381914],[14.151379158253162,53.694266749200715],[14.151553982085575,53.69509895413417],[14.156705370184772,53.69384430652588],[14.163320794804992,53.69290362379989],[14.164031293922863,53.69107008686006],[14.16859080992901,53.691889354406364],[14.174101607685234,53.682451049233066],[14.162303548865308,53.68254686458866],[14.161115814362798,53.682346535378834],[14.152937388521647,53.68340940472509],[14.14878268302697,53.68160983412876]]]]}},{"type":"Feature","properties":{"OBJECTID":4,"we_nr":"1045","lgbez":"TrÜbPl Munster/Süd - LgrÜbdTr Trauen","typ":"1","plz":"29633","ort":"Munster","strasse":"Eugen-Sänger-Str.","bl":"NI"},"geometry":{"type":"Polygon","coordinates":[[[10.161456926335582,52.92520067231506],[10.153554747715717,52.925412921039495],[10.153564745964813,52.92557584048865],[10.160139428393633,52.92546688352435],[10.16318557060673,52.9280091533361],[10.166298701987223,52.92922835092693],[10.166624718570176,52.93004812600042],[10.168221067949435,52.92973348640429],[10.169470822139159,52.92786616782492],[10.171607671655247,52.92518440181047],[10.17141463627707,52.92518918212475],[10.171049732523795,52.92314152704266],[10.170619278704207,52.922861080597144],[10.166499017312445,52.92279514527687],[10.165839213719346,52.92262675615715],[10.162852889422679,52.924595149159586],[10.161436352220623,52.924865490779425],[10.161456926335582,52.92520067231506]]]}},{"type":"Feature","properties":{"OBJECTID":5,"we_nr":"1046","lgbez":"TrÜbPl Munster/Nord","typ":"8","plz":"29633","ort":"Munster","strasse":"Zw. B 209 u. Pl.-Randstr. Brockhs","bl":"NI"},"geometry":{"type":"MultiPolygon","coordinates":[[[[10.1138189443169,52.990190016549136],[10.108216203093042,52.99123300639948],[10.109697590573804,52.99180110541044],[10.110146922489061,52.992411119116866],[10.110734975843817,52.992228417737834],[10.111303386636537,52.99235385577501],[10.11139700905548,52.99307620058846],[10.110956009912764,52.99318024479642],[10.110657379369563,52.9931039593609],[10.110881600661145,52.99340829464834],[10.111779860249836,52.993247393819644],[10.113626562912277,52.99344127530518],[10.11355052681168,52.99377934234711],[10.1165599656589,52.993885077780874],[10.117350084257057,52.99521715153519],[10.11685555450653,52.99740673994109],[10.121000040766555,52.998561983956364],[10.121174483713302,52.9984824328389],[10.12115258727825,52.99857421047486],[10.124320942590815,52.99883191645769],[10.124375675144442,52.998599638810866],[10.124707405012638,52.99863406116566],[10.124653394704476,52.99886021919254],[10.12664396615295,52.99902989248523],[10.118642871342178,53.00289099310488],[10.11766938593324,53.001952180839794],[10.116813756794677,53.00229919344362],[10.115943821086905,53.001451154311276],[10.11456049819417,53.000975375370054],[10.114640160793583,53.000945150539195],[10.113987463772656,53.00031099779686],[10.113597817721486,53.000445486564935],[10.112709065901775,52.999531083890474],[10.111845908881103,52.99831920237285],[10.111303151277964,52.998151382854715],[10.111114432304708,52.998406832028444],[10.108696991314632,52.99765883825298],[10.10628530403397,52.99788167749548],[10.106430848178022,52.998757421858144],[10.10629039388839,52.99875235502483],[10.106864247573425,53.0022116825091],[10.10701466867112,53.002216206182226],[10.10748008402328,53.00501864084788],[10.107331656287178,53.00502480589765],[10.107404897728937,53.005464717899144],[10.106396586433085,53.00528863352553],[10.10637091348057,53.005065024379526],[10.10391364658067,53.00516705370304],[10.103667058136853,53.00538097346305],[10.103068251049843,53.00652258094233],[10.09698346396299,53.00629800791763],[10.09472215555919,53.00971159708549],[10.100198691570446,53.01126836276052],[10.093312390756086,53.013562123478266],[10.093305809698316,53.01438568221068],[10.094577528595075,53.01401272655176],[10.094478948374084,53.014544538701045],[10.09331157328916,53.01537915257671],[10.0918115224101,53.01672425938966],[10.088886555742288,53.01593973336851],[10.08881624729995,53.016034824490305],[10.091744689549568,53.016821567701946],[10.090372708785619,53.01883505269658],[10.086214798102002,53.01659579288603],[10.08618772557427,53.01685516383431],[10.08690279352368,53.01714310228118],[10.087042319853643,53.018063277270414],[10.086574554508708,53.01814618651211],[10.08609936009641,53.017560586324954],[10.085943168221295,53.01776226140947],[10.086113680140343,53.01776692503703],[10.088122890732626,53.01953602849544],[10.086977979818023,53.02003608536423],[10.086133881454439,53.01935957084549],[10.08553262915323,53.01914204902349],[10.085519531716379,53.01894931885333],[10.085262603663637,53.01886606206723],[10.085343919163178,53.01859429430695],[10.085093137383577,53.018434459490585],[10.083650601140555,53.01957607188421],[10.077698682969109,53.02240852736822],[10.076523562609776,53.02151495409823],[10.077875216295503,53.02087467272846],[10.07670492348254,53.01998664051733],[10.072973405335096,53.019890632449716],[10.072350277260067,53.01775564694728],[10.071596104748036,53.01784012609072],[10.071465309144331,53.0171140268637],[10.059009433804684,53.01849594812443],[10.059058159324023,53.02329921623103],[10.062281071120452,53.02975017108276],[10.059749129965923,53.03095535788163],[10.059776678600747,53.0327712061633],[10.059554674351302,53.033895587799854],[10.059767724194012,53.03430367843071],[10.059570344563104,53.034390030957624],[10.059402364994874,53.03545922822245],[10.05892288382199,53.040974341507194],[10.058627531231265,53.04203520335756],[10.058138996836968,53.0428085817209],[10.057376104378477,53.04347543110956],[10.056690736528973,53.04386464797679],[10.051176328443647,53.04613958030516],[10.049418360466674,53.04749152979584],[10.048291260449224,53.04799957239879],[10.046763198302934,53.04831091295381],[10.038959005219315,53.04936072943317],[10.03852739796289,53.049528300170955],[10.037097782188622,53.049604221300804],[10.03559370326381,53.04994833601263],[10.034307808053555,53.05040606165804],[10.033402651200115,53.050882554930695],[10.032317182706155,53.05166894557399],[10.029358053108123,53.0546750654825],[10.028586852131543,53.05554785256995],[10.028631592724288,53.05570545173115],[10.027444311870978,53.056641376142046],[10.030443138021422,53.058108376635005],[10.064499239729333,53.07349041776552],[10.100826454054037,53.08960300652865],[10.115445615430255,53.08430430339528],[10.120805614796339,53.082519482270854],[10.128395190477077,53.080343555056324],[10.130008567422518,53.08007298087371],[10.145177161782774,53.07624501208669],[10.150699868504722,53.07461196348766],[10.153827124096413,53.07334089660137],[10.157183617172246,53.07241278030734],[10.163574501598944,53.069707670384815],[10.166178237907607,53.06824093748299],[10.17307864586522,53.066247660414014],[10.178532696146593,53.06365817279602],[10.181817676139282,53.06275145898044],[10.182199463728342,53.06252376467634],[10.19474867672095,53.059261517620605],[10.201387417114368,53.05805802846015],[10.203230985554772,53.05875849912252],[10.202951222327476,53.05824248553809],[10.203734361015883,53.05827607100668],[10.211136789775155,53.0568932116303],[10.210656809138989,53.05667869741407],[10.212093457823633,53.05732075482885],[10.213139286358999,53.057222820882195],[10.21309111869346,53.057467136487794],[10.21856383955971,53.05615707942642],[10.218722835076802,53.0555869651751],[10.227070027410411,53.05423428585376],[10.23160800091776,53.051441833645754],[10.236404344273893,53.048827954313474],[10.24225107242054,53.048789014316135],[10.242395002292007,53.04872244201336],[10.243055533520488,53.04269317707341],[10.243189103121798,53.04243420126389],[10.253896605390004,53.02847779704931],[10.259922784591085,53.02867074884088],[10.25996489850995,53.02769981565894],[10.267328561371437,53.02519910651378],[10.264871408557571,53.02285655361175],[10.25460809534964,53.02310263424551],[10.253597368483993,53.01440279684496],[10.253795833279762,53.01393264940707],[10.252890580306566,53.013823396117765],[10.25296830793483,53.013173670192856],[10.250964928307074,53.013115011905846],[10.25109314305095,53.01011480456489],[10.248467505815649,53.008295952796566],[10.247720712963675,53.00551582806641],[10.230855279184874,53.00324139083684],[10.225642517287175,53.00476340106893],[10.225584130386954,53.00466203838451],[10.224478236898387,53.004986265808455],[10.216439396676003,53.00086697479645],[10.216380845384112,52.99849452259835],[10.174042460011773,52.99457820311098],[10.174257144788303,52.9947784289678],[10.163745012619664,52.99380148985265],[10.163826746734117,52.993619551334874],[10.161884787617279,52.993435579011795],[10.161828375214045,52.993631958224356],[10.156803093512769,52.993081059375235],[10.156730269787628,52.993159809385965],[10.15407527201559,52.99291108478216],[10.153992874046146,52.99271584967995],[10.150231904632127,52.99239596017889],[10.150137529424985,52.9925701543584],[10.150027143544536,52.992554500724],[10.150091456630676,52.992356315489154],[10.131504300998328,52.99062966821378],[10.131339816774837,52.99043959551089],[10.130834894414821,52.99036021706635],[10.130687477283422,52.99037797227142],[10.130715535262999,52.99055096820395],[10.12375414427402,52.98990200155413],[10.120695887380997,52.98974270936551],[10.118405747548149,52.9897626024006],[10.1138189443169,52.990190016549136]],[[10.11370812455019,52.99068665049595],[10.1138189443169,52.990190016549136],[10.115426978981368,52.990332642004404],[10.11533181415511,52.99077754654054],[10.11370812455019,52.99068665049595]]],[[[10.249616509454695,53.00946457310789],[10.249615332661664,53.009450210369316],[10.249627865956537,53.00945749632619],[10.249616509454695,53.00946457310789]]],[[[10.119650136999041,52.99459815285382],[10.11968393970486,52.99444073579368],[10.120074060964825,52.99446557721303],[10.120061163852295,52.99463336942337],[10.119650136999041,52.99459815285382]]],[[[10.116917599346598,52.99095180780986],[10.117026884790803,52.990466413469946],[10.117804745876896,52.99053063537106],[10.117691431488645,52.991015429858024],[10.116917599346598,52.99095180780986]]],[[[10.08709920926227,53.01724668589742],[10.088242594837535,53.01784956140772],[10.087217095177017,53.018032292180905],[10.08709920926227,53.01724668589742]]],[[[10.124306916295968,52.991206148361705],[10.124397045166763,52.990783120437634],[10.125815589205136,52.990893244772316],[10.125723987097299,52.99131583849433],[10.124306916295968,52.991206148361705]]],[[[10.11040519801475,53.006897594818795],[10.110265977112,53.00679872036128],[10.110494195906602,53.00604425300993],[10.111465449002052,53.00558342818599],[10.112371885954758,53.00538884336257],[10.11310065231394,53.00557315774013],[10.11040519801475,53.006897594818795]]],[[[10.1278854172145,53.00476483085006],[10.12829611887764,53.00532764903137],[10.12807339597595,53.00626716573131],[10.12754574084935,53.006681148001555],[10.122397889417424,53.00624708300111],[10.119748648049724,53.003681837260295],[10.119810464717695,53.00351769287686],[10.121881977966549,53.00368405955802],[10.121970205103858,53.003236968359445],[10.128061343279791,53.00361826900973],[10.1278854172145,53.00476483085006]]],[[[10.143495027785484,53.009021575038744],[10.144028620776133,53.006066987741846],[10.138236943186719,53.00590007618472],[10.135650871349817,53.00533898442465],[10.13489138889611,53.0049724172714],[10.134756194242485,53.004790915563525],[10.13574084571038,53.00323549311906],[10.131685344765781,53.00284392988549],[10.131846552833425,53.00159701428615],[10.132046904989595,53.001074932977204],[10.132597710599397,53.0011192940158],[10.133215559275484,52.998271533517226],[10.132436597753147,52.99821705035824],[10.132633396174064,52.997292423768194],[10.1341228074069,52.99741000980491],[10.133970394744207,52.998142775280144],[10.134740453063745,52.99827537477329],[10.13485737957776,52.99821450285322],[10.13504758705944,52.99736892076917],[10.135372191490756,52.997268658254185],[10.14056148669831,52.99772645608264],[10.141397011540827,52.997956554220146],[10.14249331641201,52.99848877398899],[10.146454763746357,53.000644185560084],[10.148202210654723,53.00099500265861],[10.148377701935386,53.0013916426988],[10.148083691427688,53.00135657111633],[10.147939215380518,53.00146891090329],[10.148513468815862,53.0016047410761],[10.148742817691078,53.0021252985337],[10.148631044811843,53.00225086189218],[10.148789814851797,53.00230302461076],[10.148473792924719,53.00379765876787],[10.148732029822833,53.00383240024031],[10.148526920188933,53.004754293172745],[10.15036727535555,53.00454606081119],[10.150522435964731,53.00503099527159],[10.150351547651566,53.00544948408238],[10.15038936582671,53.0062636500515],[10.151869799296621,53.00638096679206],[10.151251284070586,53.00959173661811],[10.143495027785484,53.009021575038744]]],[[[10.160677050328298,52.991558919543436],[10.161220479871298,52.989556028131204],[10.161404407230801,52.98945645640107],[10.170327136692308,52.99110117961428],[10.173377414748975,52.97866911777153],[10.154914577867123,52.977105085853516],[10.153401555315341,52.97708798726211],[10.152779170147078,52.977031301307406],[10.152359938082,52.97679777968275],[10.152995415297232,52.977285957499234],[10.155112811795838,52.97979106933365],[10.155223235405531,52.9801504220021],[10.155075823664012,52.98065981402851],[10.153517715566432,52.9823803649052],[10.152602700601046,52.983034223898635],[10.151408606026319,52.98331034265403],[10.149254945438011,52.98350360028743],[10.147940714668742,52.98382426629092],[10.147397104564357,52.984161854273836],[10.147211154198823,52.98450590558686],[10.147229598408265,52.98490572616607],[10.138652663737343,52.977555251127505],[10.138531386682383,52.97763756530742],[10.145005410188663,52.983162261909975],[10.140793803607236,52.981728391148664],[10.138981407605517,52.990820491701236],[10.153770957831583,52.99219008683766],[10.153691248519786,52.99199891631139],[10.155582174345346,52.99217644345356],[10.155810219765073,52.9923762938349],[10.156028427734151,52.992396224588425],[10.155770446855877,52.99219410328644],[10.161913676538507,52.99277059769899],[10.16201580779979,52.9929630722407],[10.162254993227391,52.992984467500065],[10.16182680406062,52.992352775425694],[10.160677050328298,52.991558919543436]]],[[[10.059007706344401,53.018321893118724],[10.072394995394918,53.01684881619492],[10.071570292556668,53.01419910534282],[10.071278498192777,53.01397335625779],[10.070629910065973,53.01179336203198],[10.069544915882515,53.0122660032469],[10.065905695138964,53.01084109183185],[10.06570841342444,53.01094837396485],[10.06566261820957,53.011352293048866],[10.062858191079865,53.010240401436754],[10.059751484450281,53.00984607278403],[10.058938322268478,53.01179355714237],[10.059007706344401,53.018321893118724]]],[[[10.218713823177884,53.056249505962775],[10.215053792062472,53.05711107380478],[10.214805344105997,53.05794576147166],[10.216562365258628,53.0583991840279],[10.216796147319789,53.057883964644],[10.218869134704015,53.05839523474621],[10.218713823177884,53.056249505962775]]],[[[10.124182259778928,52.98321577867167],[10.12640241635952,52.98550592221595],[10.126202905026467,52.98561242799474],[10.126349350180742,52.98563231968729],[10.128184874207767,52.98261422899675],[10.124182259778928,52.98321577867167]]],[[[10.126380693299339,52.985880873136004],[10.130382050985109,52.99020178797018],[10.131092904039201,52.99024563187547],[10.126725611334189,52.98571307990824],[10.126582699253934,52.98568870503092],[10.126380693299339,52.985880873136004]]],[[[10.246438782917075,53.038464103238866],[10.245553322524529,53.039620182664656],[10.247179870568683,53.03985231357484],[10.246599604709132,53.038409053430755],[10.246438782917075,53.038464103238866]]],[[[10.20134411382608,53.05873974680122],[10.202110186320697,53.05885632052232],[10.202338901883659,53.058588016499186],[10.201534431800537,53.058287233223815],[10.20134411382608,53.05873974680122]]],[[[10.202124539602321,53.064694350679375],[10.203113076283831,53.06507018635209],[10.203450058601454,53.064884193606986],[10.202396639301911,53.06449089286432],[10.202124539602321,53.064694350679375]]],[[[10.203153316316984,53.06508535863483],[10.204056607369585,53.06542583778544],[10.204429233041079,53.06525448601425],[10.20348991595231,53.06489848013253],[10.203153316316984,53.06508535863483]]]]}},{"type":"Feature","properties":{"OBJECTID":6,"we_nr":"1058","lgbez":"TrÜbPl Munster - MunLgr ÜbdTr","typ":"7","plz":"29633","ort":"Munster","strasse":"Panzerringstr.","bl":"NI"},"geometry":{"type":"Polygon","coordinates":[[[10.118634425381867,52.975432845556206],[10.11232912345229,52.97922824765612],[10.115633201627904,52.98025329446025],[10.118670946389736,52.9810429934224],[10.118831331600603,52.98097475182165],[10.118954998174209,52.98101253234694],[10.118928807792097,52.981185268319265],[10.122248405262571,52.982108096962165],[10.122603202968898,52.98230645415679],[10.123052781920892,52.98233009485815],[10.123662604149915,52.9826861889626],[10.124182259778928,52.98321577867167],[10.131537775819105,52.98210451170953],[10.131712872739339,52.98194837093731],[10.12827161642994,52.98247090633268],[10.128687752002222,52.98178333427946],[10.129829612238115,52.974188652892416],[10.129398244831881,52.97387680042164],[10.128841585799691,52.97200914869377],[10.129078448183964,52.971467708930916],[10.129051374757905,52.97108030124256],[10.128887543609636,52.970711975000256],[10.127738978348441,52.96953543011487],[10.12744419079802,52.967996071950076],[10.127086107054375,52.96691157506928],[10.124273927463786,52.96567052459213],[10.123277747915836,52.96498216090754],[10.121378970814714,52.964559860365284],[10.120199660712919,52.964694286790156],[10.118995760128541,52.96516196547151],[10.118523359476749,52.965588867717656],[10.117985534522807,52.96692283127728],[10.117572714632248,52.967012180739275],[10.117608981416904,52.96785764086809],[10.11813042289668,52.967933970351034],[10.11869115039879,52.9692768265267],[10.117038267343792,52.968871641655106],[10.11572257591384,52.96933916802501],[10.114840988158516,52.96946273574697],[10.114510971377587,52.96982043879046],[10.114377110722153,52.9702701211061],[10.11529111418451,52.9710278963153],[10.115614608298147,52.971479653156706],[10.115640143808443,52.972429542052645],[10.114787308430387,52.97280536651227],[10.116088731918671,52.97404305249001],[10.116477195786926,52.97464526352164],[10.118780524684759,52.974859036450084],[10.118634425381867,52.975432845556206]]]}},{"type":"Feature","properties":{"OBJECTID":7,"we_nr":"1066","lgbez":"TrÜbPl Munster/Nord - Fahrzeugwaschanlage","typ":"12","plz":"29633","ort":"Munster","strasse":"Panzerringstr.","bl":"NI"},"geometry":{"type":"Polygon","coordinates":[[[10.11762190637721,52.98095702358013],[10.113010940261464,52.97964198348139],[10.112753325895806,52.97982311927123],[10.11289911707656,52.98022510717473],[10.112723428166538,52.980782187075874],[10.115549737358208,52.981056087026886],[10.115786563809865,52.98094549086242],[10.116839638156323,52.981052687200844],[10.11762190637721,52.98095702358013]]]}},{"type":"Feature","properties":{"OBJECTID":8,"we_nr":"1068","lgbez":"TrÜbPl Munster/Süd - Außenfeuerstellungen","typ":"8","plz":"29633","ort":"Munster","strasse":"N.N.","bl":"NI"},"geometry":{"type":"MultiPolygon","coordinates":[[[[9.9306180613672,52.969934691350005],[9.932759795921806,52.9696194523603],[9.932886530242131,52.96952598856407],[9.93280400740686,52.9693227388284],[9.933040539211067,52.9692815251484],[9.933193682204102,52.96943254728787],[9.933443777670819,52.969441002612065],[9.939548322304038,52.968374904054926],[9.940763290132724,52.96294095245174],[9.930137402503023,52.96188883676829],[9.929968832741599,52.960723035199806],[9.92669497029889,52.9611202166535],[9.925840415545423,52.966623495221036],[9.924988282649931,52.96672673370251],[9.923532227660223,52.96854862758394],[9.926731792242387,52.969590986555666],[9.929140701932226,52.9698857825771],[9.9306180613672,52.969934691350005]]],[[[9.968663621676626,52.86257967421705],[9.973760395799813,52.86676351530232],[9.975259919367808,52.8672240019346],[9.975866541797803,52.867668560314],[9.976347275222137,52.87154979660726],[9.975555279145045,52.87160590401654],[9.97530297112781,52.872022795692516],[9.976455553654928,52.87525585833119],[9.979190631742995,52.87456454470872],[9.979646565377326,52.87512850161145],[9.97977211122649,52.87509749475848],[9.980566481550877,52.87631650514916],[9.982207042415155,52.875983050516886],[9.98155626689062,52.87404533547822],[9.98017826921091,52.86138686828237],[9.9788706015331,52.86133967697763],[9.97856220360779,52.8606503885705],[9.978787068991458,52.86002212657618],[9.976886996519653,52.85976693767847],[9.97664130549277,52.859676426221895],[9.976790300065842,52.85908891723482],[9.975579018024746,52.85894577034873],[9.975307301905785,52.859387892032856],[9.973073460390141,52.86102280913048],[9.968663621676626,52.86257967421705]]],[[[10.073123873145208,52.881402050694874],[10.064280847605652,52.881297932004564],[10.07038432683691,52.884653485051935],[10.074034884319367,52.88904502596758],[10.075876323752546,52.890757214195325],[10.07873773730893,52.8900816682502],[10.078330423192746,52.885232736041466],[10.080814668297245,52.87972669627452],[10.073123873145208,52.881402050694874]]],[[[9.973728728389395,52.982435746909424],[9.96953051568886,52.98491211203373],[9.98070372077013,52.984725017292774],[9.98135005322722,52.98419075016615],[9.98338947506086,52.982012952725995],[9.984870706234727,52.981125684425095],[9.984627552948545,52.98037915237244],[9.983082532406348,52.977278932778354],[9.97367620569136,52.977686281402654],[9.973728728389395,52.982435746909424]]],[[[10.064023306003524,52.88137424565572],[10.060423270671,52.88765005124694],[10.059919030132283,52.89005019350659],[10.06819527711798,52.88969040952574],[10.067986224778288,52.88940883426022],[10.07316195003515,52.88825532134105],[10.070296445550985,52.88475777890168],[10.064176821797421,52.8813931965176],[10.064023306003524,52.88137424565572]]],[[[9.912294233385715,52.94153667283312],[9.910177533979757,52.9412472789418],[9.91016853196231,52.94231950209796],[9.909090036191621,52.94439585731379],[9.909959548792893,52.9445797061137],[9.910067640376086,52.94470459233023],[9.90905389696772,52.944871955859284],[9.908733597263229,52.945885365001345],[9.908602321959174,52.947513517264376],[9.90874347513808,52.94763284748331],[9.9092750855469,52.9476417178991],[9.90939415544119,52.947764632618714],[9.909260626264084,52.947867023576336],[9.908707545221668,52.94779253904609],[9.908504918531214,52.9478917710751],[9.908489562729729,52.948179961126364],[9.909412073237863,52.9496478433316],[9.910299511720654,52.950366347697916],[9.911427943041367,52.95089286311529],[9.913093645953811,52.95035614043431],[9.916155027187372,52.94783812504446],[9.91648443311391,52.94662104576448],[9.913947360782492,52.94317835259803],[9.912294233385715,52.94153667283312]]],[[[9.979142846759753,52.967820566777405],[9.981428627068519,52.97300337097527],[9.987783192608262,52.9728246641772],[9.989274687932598,52.96735707195559],[9.989172877369844,52.9672596153391],[9.98130778389986,52.96626283273246],[9.981406352442722,52.967788977545204],[9.979142846759753,52.967820566777405]]],[[[9.999050980407475,53.0156870079063],[9.999612336730285,53.01693226601619],[10.003144984941768,53.01770774448447],[10.006472922371366,53.01327239277191],[10.004907008812273,53.012488123405525],[10.005284169179314,53.0119775701538],[10.002461395756551,53.00959321272227],[9.997440336137135,53.00923874088126],[9.998539780620275,53.012123426450486],[9.999050980407475,53.0156870079063]]],[[[10.054072942484433,52.90665363209276],[10.05528121067773,52.90672728482376],[10.067423520084231,52.901546670057556],[10.066670916928995,52.90117986855732],[10.064150424802776,52.89946374564329],[10.056394853932225,52.90161892916107],[10.054072942484433,52.90665363209276]]],[[[9.93972275986087,52.96840146574593],[9.94893213094978,52.96678978709412],[9.949131238040973,52.96668570474597],[9.951048912102408,52.964370969887746],[9.947566677344675,52.963337729365236],[9.944923010023329,52.96352951857392],[9.940935939143834,52.962993745941816],[9.93972275986087,52.96840146574593]]],[[[9.970711678116768,52.9920932458613],[9.970782179696913,52.99249550620739],[9.97283702740058,52.99253253317712],[9.976121216875823,52.99296974835869],[9.977994330905931,52.99039737618509],[9.978332280709129,52.98961620495659],[9.970781475417722,52.98915193266096],[9.971078597689566,52.990844398651326],[9.970711678116768,52.9920932458613]]],[[[10.10649691118234,52.89571269367339],[10.113066956507643,52.898285931447376],[10.11303460817426,52.89841536767012],[10.118844371545272,52.897449087079245],[10.112138944716715,52.89582904959885],[10.107729095223435,52.8954872275389],[10.107663030422488,52.89537291485122],[10.10649691118234,52.89571269367339]]],[[[10.008223726283918,52.88367872584882],[10.009173926462358,52.885547878433805],[10.011183765875378,52.885074134076845],[10.011059736382379,52.884813543988706],[10.011783455107972,52.884652771155196],[10.01209160419992,52.885221010293115],[10.012820314863584,52.88527426398528],[10.013334209596644,52.88623321549259],[10.010459429108849,52.88689993095843],[10.009836136642148,52.886851470855916],[10.010079020433734,52.88732958026777],[10.016129096618004,52.88590293057488],[10.015290584877205,52.88567339356653],[10.014011729763801,52.88563674608639],[10.013448299231023,52.885504785305315],[10.013128361547597,52.88485339899379],[10.011880008729676,52.88422066197316],[10.013624004310728,52.883810375074894],[10.010349053109868,52.881983681558054],[10.008732253583185,52.882477319156926],[10.008223726283918,52.88367872584882]]],[[[10.063854828768601,52.881339048465335],[10.058059269558862,52.883345262233135],[10.060348340396496,52.88743721632943],[10.063854828768601,52.881339048465335]]],[[[10.0558343887382,52.88754902572913],[10.060224259699565,52.88765327521378],[10.057900752843825,52.88340065076615],[10.056610508889253,52.883779135916576],[10.0558343887382,52.88754902572913]]],[[[10.06805036808284,52.88123458701298],[10.071985510050716,52.88128087630013],[10.073269369678549,52.87971116332234],[10.072329729196259,52.87906060075191],[10.072240795084799,52.87915760229062],[10.070997216812653,52.87877071326144],[10.069746041488118,52.88046514262177],[10.06865181981004,52.88022628329345],[10.06805036808284,52.88123458701298]]],[[[10.076731671718418,52.878863422279856],[10.0740346983681,52.880320946242534],[10.073213834929346,52.881295299543595],[10.078028973736185,52.88021675556517],[10.076731671718418,52.878863422279856]]],[[[10.002803468826928,52.88850067476489],[10.004454713354853,52.889078909580455],[10.009911995774617,52.89021706217754],[10.005988176172627,52.88836146781102],[10.00552268446368,52.88847222819582],[10.002803468826928,52.88850067476489]]],[[[10.007714672571918,52.887468109748504],[10.007907946003625,52.88732375345151],[10.008515148745309,52.887223454578546],[10.009820183460993,52.88718713796359],[10.009206197540625,52.885978571572586],[10.007837191098599,52.88596855021986],[10.00613577206875,52.88636355172643],[10.006810480509095,52.88663137304398],[10.007245851706527,52.88757149110149],[10.006954839775274,52.88806614749812],[10.007619344252253,52.88790948983384],[10.007714672571918,52.887468109748504]]],[[[10.013590980444228,52.886569422921575],[10.01612125163065,52.88735878046499],[10.016970903379292,52.885772525200125],[10.013590980444228,52.886569422921575]]],[[[10.007337293914281,52.88881704490574],[10.010154344170331,52.88904287256996],[10.010714940518401,52.88894774356389],[10.010651924599538,52.88882374957864],[10.010098217431375,52.88892374555999],[10.008516009331329,52.88877136367049],[10.008548152848842,52.888461871912135],[10.01041502358772,52.88835757179634],[10.010157856583085,52.887851501557],[10.007916310217235,52.888348305480726],[10.007360050037057,52.888038162445426],[10.007337293914281,52.88881704490574]]],[[[10.003197191432859,52.886045355416684],[10.003004114732184,52.88612839344647],[10.004348948408243,52.88731822258257],[10.004387723289163,52.888145053639455],[10.004650352949016,52.88827841291964],[10.004500601096192,52.88840753322542],[10.005900175410755,52.888314773065815],[10.003197191432859,52.886045355416684]]],[[[10.06747834516436,52.90156030033273],[10.068439444602117,52.90305021229965],[10.075908787070293,52.90555798254714],[10.076174055082156,52.90552569712848],[10.068637931855745,52.90299085501636],[10.067709891318776,52.90162000798583],[10.06747834516436,52.90156030033273]]],[[[10.010296786431674,52.88775803774449],[10.010809424421694,52.88876700264694],[10.011403674355261,52.88865166463288],[10.010971193936388,52.88781094196746],[10.01353287830995,52.887206351880096],[10.013626177335373,52.88699148107416],[10.010296786431674,52.88775803774449]]],[[[10.099649563115292,52.90463875462243],[10.099815589746134,52.9047063148514],[10.103730963387845,52.90276004143519],[10.103661476903985,52.902644482198006],[10.099649563115292,52.90463875462243]]],[[[10.084029383865024,52.90177399571982],[10.082911872464893,52.901497892547795],[10.08315666337985,52.90189049304896],[10.08461303277991,52.901758994634],[10.085294265684139,52.90108447250079],[10.085260435130545,52.90093426178491],[10.085784318231266,52.900693800770426],[10.085229418998724,52.90090798864641],[10.084520700341733,52.90170885515345],[10.084029383865024,52.90177399571982]]],[[[10.00764823317348,52.885394371841926],[10.008130153272349,52.88531892442252],[10.008975893756261,52.885525222294596],[10.008694568358711,52.88497143409918],[10.007561020234128,52.885238779418934],[10.00764823317348,52.885394371841926]]],[[[10.085798529579048,52.900745471642836],[10.085890367943824,52.90154595752267],[10.0861686615273,52.901535789675755],[10.086070108255788,52.900736938405004],[10.085798529579048,52.900745471642836]]],[[[10.006497156222766,52.88583719645843],[10.00660040049672,52.88605039914923],[10.007089644560093,52.88595110445294],[10.00696673885953,52.88573807256139],[10.006497156222766,52.88583719645843]]],[[[10.088801662252976,52.90174203584196],[10.089388243268989,52.90124947968377],[10.08938502460532,52.90118341446415],[10.089086636607234,52.90136445852303],[10.088801662252976,52.90174203584196]]],[[[10.0839465879419,52.90323419015652],[10.083956696683774,52.90325139489731],[10.083949511958153,52.90322921019201],[10.0839465879419,52.90323419015652]]]]}},{"type":"Feature","properties":{"OBJECTID":9,"we_nr":"1069","lgbez":"TrÜbPl Munster/Süd - Panzerwaschanlage","typ":"12","plz":"29633","ort":"Munster","strasse":"Panzerringstr.","bl":"NI"},"geometry":{"type":"Polygon","coordinates":[[[10.06826980315059,52.97577885907322],[10.067793845170291,52.97551541801446],[10.067358269156953,52.97562908538502],[10.065295138088018,52.97638009985532],[10.065527575371188,52.97688608046423],[10.065724660354649,52.97695930866385],[10.068323262791463,52.976075978869936],[10.06826980315059,52.97577885907322]]]}},{"type":"Feature","properties":{"OBJECTID":10,"we_nr":"1134","lgbez":"TrÜbPl Bergen (NATO) - MunLgr ÜbdTr","typ":"7","plz":"29303","ort":"Lohheide","strasse":"N.N.","bl":"NI"},"geometry":{"type":"Polygon","coordinates":[[[9.917184909728164,52.76897725484118],[9.91155860749103,52.76895122460614],[9.91231683320163,52.77172108739634],[9.915503939049147,52.77144607849987],[9.915717098486304,52.77129498235022],[9.915891911538958,52.77141949376339],[9.917864959551148,52.77139600139929],[9.917184909728164,52.76897725484118]]]}},{"type":"Feature","properties":{"OBJECTID":11,"we_nr":"2323","lgbez":"TrÜbPl Baumholder - Zufahrtstraße Kusel","typ":"13","plz":"66869","ort":"Kusel","strasse":"N.N.","bl":"RP"},"geometry":{"type":"MultiPolygon","coordinates":[[[[7.405456005414686,49.58729663828635],[7.40499167612575,49.58593810874847],[7.4051375607312675,49.58539370314919],[7.4058355373341,49.58444543425163],[7.406943090010973,49.5834189916912],[7.407149645034167,49.582556977631164],[7.407512746767001,49.58193503309386],[7.4083892743123405,49.58121628206657],[7.411424066311844,49.57963537556392],[7.414152137540684,49.57638949957412],[7.414987228496905,49.57584672562412],[7.417091033485259,49.575054086299545],[7.417699391460377,49.57458581110575],[7.417777467634982,49.57466524571616],[7.418387057200356,49.573625280760545],[7.4185461353624795,49.57257474902882],[7.417687633411633,49.57082438968942],[7.417712305640884,49.570630690174326],[7.416935197343026,49.56998850297846],[7.416870831256255,49.570057209991255],[7.415049373049951,49.56788206298569],[7.411649378158171,49.564966846030536],[7.409657230166391,49.563583757738215],[7.408852248043557,49.562868854663016],[7.4083000751978725,49.56251832386393],[7.40834147226112,49.56269846616169],[7.408244916842786,49.562628719810675],[7.407289670827417,49.56147705886498],[7.407143308318142,49.56104602251086],[7.407242643123962,49.56018309581628],[7.407615949718423,49.55868551780719],[7.407583182770124,49.558115215284495],[7.4071279929408576,49.55653327084871],[7.407116768491392,49.555590850167626],[7.4075638932460155,49.55494775183986],[7.408364571540354,49.55446844501902],[7.409528629146929,49.554021519493375],[7.409695037561736,49.55426494382333],[7.410716246868448,49.55333962455404],[7.41084040661716,49.552731727989816],[7.410827469080427,49.55209846094374],[7.410349553671119,49.55081718120118],[7.410314424153623,49.549898799708316],[7.410070883693525,49.54901986867298],[7.4095647845404775,49.54827506402011],[7.408349479843581,49.54721505698083],[7.408379335352053,49.54692082668683],[7.408194356963644,49.546801387851666],[7.407548757531818,49.54689276480585],[7.407305991419486,49.54706122444299],[7.407319449979101,49.54720258174327],[7.408018757885164,49.54733426399824],[7.408635652550401,49.54763677164184],[7.409314744769314,49.54822477888023],[7.4097360258915375,49.54886000723425],[7.409984599612172,49.54959775553917],[7.409906629438757,49.550821411768204],[7.410198173172658,49.55265538605645],[7.4100118428197845,49.55299112043243],[7.410188346501773,49.5530875285693],[7.4095814707468985,49.553670439736194],[7.407699968248662,49.55461682584385],[7.407224595969905,49.5549820311516],[7.406786386096144,49.55554733358505],[7.406727630886681,49.55629066025405],[7.407332936386461,49.558361398752254],[7.407291787258212,49.559183397699506],[7.4068153432893515,49.56049919024496],[7.407118866057581,49.561507369069986],[7.407344468059768,49.562028990189674],[7.408419303195651,49.56315445531991],[7.409307887928768,49.56360534785508],[7.411204461462512,49.56501444838623],[7.411405354404469,49.56491643299824],[7.411276645587187,49.56501041131769],[7.413012006561703,49.566409900649724],[7.414382796159568,49.56786477143234],[7.415051912587247,49.568264477406345],[7.416016785847544,49.56952187099572],[7.4160475073319505,49.569351282583504],[7.416305315733682,49.5696501438377],[7.417110526028613,49.570771403108324],[7.4168314086900295,49.5709201258806],[7.4169062500312855,49.57147515044212],[7.4168856480685506,49.571060168617095],[7.417142804293422,49.5709310518512],[7.417554053928858,49.57133836947429],[7.4180255787232445,49.57233179520429],[7.418151886343783,49.573029872335965],[7.417839006723552,49.57403642814543],[7.41712812492335,49.5747789432821],[7.4163514091892555,49.57521105313034],[7.4137914450894336,49.57609575375228],[7.412642988524388,49.576731477632286],[7.412462605916997,49.57766765849248],[7.411922388749483,49.57813753388723],[7.4110967696295935,49.57851290625437],[7.410473367568416,49.57912478281541],[7.411062975008617,49.579510033693694],[7.410969022907973,49.579579203755884],[7.410812415112899,49.57940905763325],[7.409638171509302,49.580162873908314],[7.408298902896426,49.580698962878074],[7.407215814039678,49.581318899777614],[7.407539412357912,49.58158084287466],[7.406229074887062,49.58312556657741],[7.406081905690693,49.5839668805728],[7.404889743392124,49.58484745110082],[7.404563404313979,49.58580529126199],[7.403658251053794,49.585448442573735],[7.404618813299021,49.58605394593186],[7.405130414633191,49.58699571283912],[7.405029190670342,49.588105627051505],[7.4045444148272,49.58846326985207],[7.404588848196104,49.588802904363746],[7.404325130676398,49.589575323969896],[7.404532916391551,49.58982690779897],[7.404347943393058,49.59013398269719],[7.404410093335987,49.59066980488582],[7.404728216422544,49.59092453752125],[7.404867205559975,49.59075075822766],[7.404777364150083,49.59040621600246],[7.405077635016986,49.589481938015325],[7.404752518545924,49.589099080112824],[7.405305913998692,49.588079468687056],[7.405456005414686,49.58729663828635]]],[[[7.409643926117009,49.60194440766586],[7.410715502165089,49.601927744140774],[7.409513364075283,49.60178253451188],[7.409086621196138,49.60168873178902],[7.408939334320451,49.60147437437451],[7.4059384088071925,49.60089279777811],[7.404381172075431,49.59990261361415],[7.403981997594015,49.59922286275464],[7.402802934528957,49.59570041458781],[7.402832865495883,49.59460193332158],[7.4034646650083635,49.59368900799996],[7.403250086233025,49.59358623637781],[7.402682845046794,49.5943918297743],[7.402598978331865,49.59572212966144],[7.403524657197964,49.59858877686224],[7.404165327573883,49.5999929090101],[7.404930250224914,49.600593595707075],[7.405825285760055,49.60103309392904],[7.408431516690257,49.601581711848276],[7.40891257979636,49.60178949639598],[7.408502469224678,49.602084819558044],[7.407265498959749,49.60249774675894],[7.409643926117009,49.60194440766586]]],[[[7.403457933931944,49.59361797830108],[7.404977988495774,49.59312773121539],[7.40554549288839,49.592650681194655],[7.405582145948597,49.59204430414167],[7.404759175960515,49.590981616339825],[7.404392390236686,49.59088627413686],[7.405226313383046,49.59191194758402],[7.405384016224447,49.592335961302645],[7.405193978524386,49.59279818957728],[7.403434631633467,49.593428082542864],[7.403330020123662,49.59349877187651],[7.403457933931944,49.59361797830108]]],[[[7.406036072746577,49.583969316783005],[7.406053836931315,49.58376087156664],[7.4051740880273496,49.583431900894986],[7.405332271467466,49.58395455566538],[7.404426641201855,49.5835898803849],[7.4055439334130275,49.58439395806687],[7.406036072746577,49.583969316783005]]]]}},{"type":"Feature","properties":{"OBJECTID":12,"we_nr":"2330","lgbez":"TrÜbPl Baumholder - Lager Aulenbach","typ":"1","plz":"55774","ort":"Baumholder","strasse":"Lager Aulenbach","nr":"16","bl":"RP"},"geometry":{"type":"MultiPolygon","coordinates":[[[[7.306488048204112,49.63734270022195],[7.306588002847462,49.63718629517215],[7.307151638196144,49.63709368048939],[7.307879996720214,49.6365342559957],[7.307993767452625,49.635978999974476],[7.308276009131779,49.635627924411274],[7.308711214140915,49.63456429735026],[7.307863226970462,49.63409584343868],[7.305385199106041,49.63176613331311],[7.305195885448107,49.63099595122511],[7.306019726802041,49.63099047081882],[7.306277429202581,49.63017859642126],[7.30627373083853,49.629117324457326],[7.304680395307069,49.62912030885967],[7.304666098619328,49.630115538942945],[7.304158803808645,49.630143189331086],[7.303405337372399,49.63064960043798],[7.303222843724095,49.63065569531616],[7.303265215459427,49.63021341173896],[7.3029506164637175,49.62994130174476],[7.301647070256458,49.63054049529884],[7.299750651232915,49.63052142337378],[7.299345514632996,49.630717189830186],[7.299316727221408,49.63193146656894],[7.299612053760985,49.632562889238784],[7.299878465328186,49.63266766222726],[7.299746741764815,49.63276658648898],[7.2997244590541746,49.63340649809852],[7.299398843119827,49.63422613178426],[7.299361411220268,49.63510700618405],[7.299491219575463,49.63545095796151],[7.299709829091478,49.63576551883599],[7.303495733042833,49.637763711406144],[7.302216695571454,49.63851839554346],[7.300423496567345,49.639050061175325],[7.298053699525001,49.639554927644966],[7.297864948212415,49.63971680218534],[7.298125259320562,49.64113845217609],[7.3002886872909425,49.64105379254678],[7.301504264177392,49.64085676223908],[7.3031027659200625,49.6403276736377],[7.304447613070846,49.63951857970982],[7.305097898115233,49.639264992754704],[7.304043949707966,49.638504072127404],[7.304559551240112,49.63823974410395],[7.306075391806922,49.63814353672692],[7.306031343815273,49.638050802858245],[7.306716805089574,49.63756092108738],[7.306488048204112,49.63734270022195]]],[[[7.299875473938318,49.644721109132576],[7.2993439057503275,49.64462241274231],[7.299011023343658,49.64501171362096],[7.29964712039642,49.6454122609557],[7.300066295867612,49.64520163822875],[7.299875473938318,49.644721109132576]]],[[[7.298642061900191,49.64387637233527],[7.2984677563957,49.64377910054412],[7.298661662241398,49.64364438197426],[7.298596414009045,49.643560075719485],[7.298206535294194,49.643468392821646],[7.297059004892221,49.642789946343996],[7.296814066653575,49.64282427739443],[7.297960923319091,49.6436106395959],[7.297775704182193,49.643745959730225],[7.298180727594411,49.643978516174045],[7.298411704216934,49.64381804372011],[7.298539525498716,49.64388503605465],[7.298811736589412,49.64487621959225],[7.298642061900191,49.64387637233527]]],[[[7.302739792646316,49.642950790404534],[7.3054442408781135,49.641305736708944],[7.306730912232794,49.64010387584155],[7.305840510207882,49.640026099282736],[7.304777620868603,49.640703791956156],[7.303485794980843,49.64131476620758],[7.3033570349595625,49.64151869037289],[7.301929424225017,49.642491136975316],[7.302739792646316,49.642950790404534]]]]}},{"type":"Feature","properties":{"OBJECTID":13,"we_nr":"2331","lgbez":"TrÜbPl Baumholder","typ":"8","plz":"55774","ort":"Baumholder","strasse":"N.N.","bl":"RP"},"geometry":{"type":"MultiPolygon","coordinates":[[[[7.289787315142804,49.634935830812196],[7.290772560397114,49.63600408950286],[7.290863059373783,49.636286122838406],[7.290620733435961,49.6373357009463],[7.290842100779899,49.63729548665276],[7.291087680415674,49.638004260165545],[7.291572478716676,49.6387436934054],[7.292543509029948,49.638768663413614],[7.293329588802554,49.638961213964215],[7.294347253357152,49.639744373241854],[7.294776943608773,49.63953025763807],[7.294902851479003,49.63959564560746],[7.294764975354209,49.639692067687086],[7.295093787494363,49.64053486428957],[7.29520614427851,49.641371916926275],[7.294904169307511,49.64148599070974],[7.294988842709569,49.64163594755919],[7.294905470966374,49.64178302386619],[7.297439343498729,49.64397878607856],[7.297239580637422,49.644094674442215],[7.297601295371435,49.64431387485802],[7.297475065006013,49.644524162303725],[7.297554803962214,49.64509235919279],[7.297627289920813,49.645126258178706],[7.2981252988464345,49.64464860243301],[7.298350985290216,49.64455800119019],[7.2981537987971175,49.64475531841323],[7.2981714174547925,49.64530959429086],[7.2977378132435184,49.645926823003855],[7.297159562305159,49.64601423416748],[7.296300833080546,49.64646898234357],[7.2954800289306,49.64665170847408],[7.295194692555276,49.64707494252201],[7.295026346474396,49.64701829348538],[7.2950078187216585,49.647118389711146],[7.293099306577753,49.64795857357323],[7.292086471366153,49.648023646606774],[7.291094957667794,49.64830264513261],[7.290731395997516,49.648722356410794],[7.290484014341296,49.649273152030986],[7.290415237526479,49.649504276285846],[7.290607276673008,49.649931130543806],[7.290516231520636,49.65012680851166],[7.2898350210743015,49.65071037885917],[7.289347532318993,49.651644185970675],[7.288681224923205,49.652515655065756],[7.289669963725662,49.65399225507441],[7.28886841855709,49.65422552966111],[7.286931254647227,49.65544729803688],[7.2878238000523785,49.656090277017405],[7.288019736988914,49.65595240854254],[7.288694566701799,49.656550144577366],[7.2901639823347395,49.65712959799877],[7.2911821131149654,49.65795091947541],[7.292363816328695,49.658659721451],[7.293341613650969,49.659486850765646],[7.293717842465055,49.6628350851576],[7.293480013493538,49.662882708315394],[7.2943233761369,49.66393698221903],[7.293727619728599,49.66559440515198],[7.293745684848964,49.66609411295713],[7.293140595843184,49.66668393281662],[7.292775496257139,49.66727192802989],[7.2932314918752015,49.66748002729135],[7.294775929410817,49.66773573593034],[7.295824223821651,49.668186945091946],[7.295360521556756,49.67051711028904],[7.295749669941265,49.6716678757401],[7.295823867190469,49.672648914672976],[7.296056093369556,49.67291605445073],[7.295805895494903,49.67297513998886],[7.295606816251486,49.67353502183756],[7.295948450943978,49.67364781339735],[7.295868606884885,49.674121485562786],[7.295998670361622,49.674307324951165],[7.297344933257331,49.67499400951588],[7.2960434226324615,49.676279039566644],[7.29745241578276,49.676747207942654],[7.29719066647186,49.67809612819176],[7.2978955044068226,49.678330967708064],[7.2995660016279444,49.678258672671895],[7.301291411065747,49.678921643633],[7.302155656844502,49.679021547528045],[7.30423263634186,49.6801357366122],[7.304676112139808,49.67981495053721],[7.305632611305029,49.68025016130915],[7.30647657761624,49.68035052747955],[7.306798694612558,49.6805180428653],[7.3065582479503,49.68098207786064],[7.306661826397542,49.68166021984886],[7.310292595790898,49.68157974065335],[7.3126139987922345,49.6819611253361],[7.31522423980188,49.684196264310444],[7.316523547757632,49.68580276698786],[7.317249638933894,49.686005341813164],[7.317165329349527,49.68608045862116],[7.317530690345327,49.68624849999906],[7.3185428033114635,49.68644701049673],[7.318973505066048,49.68636327703785],[7.319037133635966,49.68615934430857],[7.31930985227479,49.685958528803],[7.319424198827306,49.68600011809092],[7.3196467546423705,49.685130133262206],[7.319983053342069,49.68500547406822],[7.320343334364916,49.684257283776546],[7.3258956747114174,49.682495722515064],[7.32951851018421,49.68239301840914],[7.333382438207906,49.68311744852037],[7.335851199950165,49.683749293093],[7.337196497156895,49.68423659504351],[7.339455328905431,49.684425583119186],[7.340029025385307,49.68466055015478],[7.340998292305641,49.68374119559882],[7.341594497871592,49.68341033171667],[7.342076061339279,49.68261106406882],[7.343173337289322,49.68155686066243],[7.343541054566074,49.680665862524975],[7.343526766861471,49.67994688182655],[7.344626403584087,49.67874572564595],[7.346054834480482,49.678337925631716],[7.346850263918613,49.678265289393885],[7.348211854767967,49.67851803087693],[7.349837427241738,49.67857570756856],[7.352586972697428,49.67982347068177],[7.357147852346202,49.680465325417835],[7.360998925478199,49.68139892949377],[7.3621746566918915,49.68069788079739],[7.373104703097032,49.67682046727453],[7.380488974209469,49.67859786352855],[7.381722045786062,49.67913964731437],[7.383052884608307,49.679498517774164],[7.387043175049798,49.68001988116508],[7.389521474205409,49.68131313147832],[7.390954727258291,49.68188982961347],[7.392124954494232,49.682765498706196],[7.394432363540081,49.68379149745264],[7.398063900992991,49.68565890168786],[7.400029961010627,49.68401116946598],[7.399952562165733,49.683960852146704],[7.400222704436314,49.68367290911871],[7.401012646964673,49.683413922490594],[7.401360789951403,49.68299573504222],[7.403377072081606,49.68361713498426],[7.403653556458129,49.68367626738666],[7.403853038146779,49.683573414657964],[7.4040086622865955,49.683814560055815],[7.40510969229621,49.68410652945723],[7.406394448442679,49.68480201862265],[7.407234730762959,49.68380646199124],[7.4083204022761295,49.6845357921141],[7.408499187678948,49.68488273542692],[7.4102120728050815,49.686837848227036],[7.412033753793567,49.686322753953334],[7.412485007205252,49.68699150286623],[7.413170766720189,49.68741194285552],[7.413759467760252,49.68717816715843],[7.415064867191991,49.68878758226463],[7.417569365712885,49.68878719753985],[7.418013649994587,49.68894112962035],[7.418150300817306,49.68912658693024],[7.418726562885626,49.68924276762422],[7.42221574970533,49.68903231482329],[7.423167527325408,49.69056686271555],[7.423258992889352,49.69112710804824],[7.423659181568692,49.69141775506049],[7.424372046849017,49.691292081654666],[7.424250224516688,49.69137907021746],[7.424426880912283,49.69135570320685],[7.424224631514244,49.69143944782452],[7.4246283424878365,49.692018989539264],[7.424724390358009,49.69243120980512],[7.425018015488451,49.69234760055214],[7.425431624099831,49.691942069983305],[7.4257158717170375,49.691959337305406],[7.425828069499397,49.69213804797563],[7.425936691088611,49.69178531619268],[7.426620458140254,49.69222800161187],[7.4266097259675625,49.69204978870781],[7.4280131145288015,49.69193222410862],[7.428020968499326,49.692057983026714],[7.4285975315032715,49.69218421987673],[7.429098384495069,49.69267321547105],[7.429032836225386,49.69304662057293],[7.429208398472986,49.69333775352921],[7.426821201961892,49.69469218823692],[7.425805329546303,49.69492401022723],[7.424434836392447,49.69496488176334],[7.424582510442018,49.69653682956759],[7.423240905311093,49.69671757571183],[7.418127294962869,49.70034658014018],[7.422121458939847,49.70403228727523],[7.425188656764916,49.70402026810586],[7.4256998547554876,49.70586745662003],[7.425479245589667,49.707120545915394],[7.425627195422048,49.70787493134242],[7.425437834153399,49.70987891146457],[7.425828141364598,49.71098368405923],[7.426273048178822,49.711596213383785],[7.426784733056289,49.71314632173334],[7.432080830764633,49.7121494467641],[7.433244352076973,49.711627407343315],[7.433893357920396,49.71175242869357],[7.433896959266358,49.710895150564724],[7.43357600379172,49.70993489595977],[7.433709194303955,49.7099469159895],[7.433719532116252,49.709459461084485],[7.433201082026344,49.708303149317445],[7.432492147773717,49.70739294313548],[7.434156714317301,49.707037131567866],[7.4338894565371,49.705649321817745],[7.433944066021558,49.705395095280714],[7.434566588632046,49.70523946081692],[7.434493395699329,49.70473209433619],[7.435137184127575,49.70443872377733],[7.43535805110986,49.704668950419226],[7.435596587953824,49.70448814321984],[7.436153244291056,49.70442703005065],[7.436149872015484,49.7047916710532],[7.436354441761894,49.70483679158935],[7.436214275831466,49.70524501942748],[7.436799343186202,49.70548905679136],[7.437045523794901,49.70494771130104],[7.436975704934382,49.70437718353398],[7.437378312776806,49.70435403134068],[7.437353662107085,49.70407837757861],[7.437723249676262,49.70389207564772],[7.43770527438744,49.70347826717133],[7.437343750994541,49.70307784047039],[7.437706664081182,49.70284641933188],[7.437993868952267,49.70298721612456],[7.4387389702765745,49.70303340676775],[7.43782357262889,49.70278220627036],[7.440822997057332,49.70113733493811],[7.4352394195934215,49.69442961224362],[7.436254370337554,49.694594620546404],[7.437469081248071,49.694479717671186],[7.438596912494158,49.694282602631375],[7.440745176004268,49.69359513866491],[7.442609211660107,49.693170408412406],[7.444713876336182,49.69228335850697],[7.445694254518286,49.69112959236706],[7.447155793722809,49.691630653932926],[7.4503864031829,49.69231999595036],[7.45149577494823,49.692760735018894],[7.453001707995818,49.693126464236215],[7.45393072589983,49.692968316707336],[7.456300581332653,49.691385744428715],[7.4534282388725455,49.689858731330595],[7.454245994140411,49.6893854286402],[7.454127593490992,49.68873827180146],[7.455934129782142,49.68843219467709],[7.456591286938426,49.687826529766056],[7.456927370042456,49.6879227406551],[7.4574270219867325,49.68743225015115],[7.459425485134942,49.686983998131204],[7.460238637435311,49.687136577134815],[7.460955272046559,49.68615809533846],[7.460745103100972,49.685673039777214],[7.460830327170317,49.68553294139371],[7.462060418136808,49.685685165774835],[7.462090756040587,49.685341021999704],[7.4614650884282625,49.68514870663291],[7.461795196837327,49.68452196231448],[7.4621702713162765,49.68465756218213],[7.46426951016805,49.68228790545717],[7.465586127761042,49.68263363609363],[7.468580009584158,49.681194906771765],[7.4684397358559105,49.6811617036653],[7.468660591160103,49.680858720493234],[7.469081176986305,49.68091369218038],[7.469604425876443,49.681254965137626],[7.47136450399603,49.681323361962775],[7.471274747027766,49.681033228284775],[7.471001667266176,49.68081085337008],[7.470751942803693,49.68013346505338],[7.470779824713474,49.67957164101405],[7.470576747068743,49.67911370055288],[7.471377248394955,49.67898054865584],[7.47136883926559,49.678586021170325],[7.472832573054357,49.67764603111078],[7.472654626677994,49.677562512103165],[7.4737340917308845,49.676502969262714],[7.474494076342837,49.67356686400948],[7.475093049618176,49.67351892169175],[7.475097843028523,49.67361785015821],[7.476404076995132,49.67342053192525],[7.477288406408731,49.6729726977617],[7.477332592740932,49.672640263049324],[7.4767185610064795,49.671966918773144],[7.477025017672429,49.67167014595029],[7.477114733318194,49.67118819161344],[7.478095628031561,49.67009919214336],[7.478184160596083,49.66983232060858],[7.477514242871195,49.668307482256274],[7.47783699946798,49.66778907591007],[7.478310867966929,49.667544666076566],[7.478687602532515,49.66699165156235],[7.479338263072689,49.66675270015046],[7.481298582855638,49.666534143243865],[7.482664671569658,49.6667125363182],[7.483603703892481,49.66643619634601],[7.484539072885539,49.66562397272717],[7.48411962163157,49.66515492861544],[7.484744246299832,49.66377442650358],[7.485281369669541,49.66328323535791],[7.486363557516067,49.663100945540876],[7.486132703064414,49.66303888312845],[7.486196183412313,49.66288085111659],[7.485284716792293,49.66264973746766],[7.4850250237250835,49.66229915599165],[7.483720147112857,49.66160314202748],[7.484523164620173,49.66096366259384],[7.485014416418224,49.66081084271121],[7.485357483025255,49.65993262555816],[7.485370564292423,49.65957955950761],[7.485565186993705,49.65955076689376],[7.485005513215422,49.65882676027733],[7.484300810027758,49.658332880248466],[7.484399413604939,49.658188271321286],[7.48372638681083,49.6574353569409],[7.48370308720731,49.65688632385552],[7.4834637481678055,49.656483563956414],[7.4863119043872235,49.65478498352773],[7.486771755574495,49.65427625053319],[7.487106264830142,49.6543270196225],[7.486983879254131,49.65406395052485],[7.48846796796893,49.65322596049657],[7.488280013462005,49.65193127060896],[7.488321204811051,49.65018423155237],[7.484151848692379,49.64906345858535],[7.485498832935258,49.646796088772405],[7.4862554102373196,49.64710483777066],[7.486607191400928,49.64748335480603],[7.488885079111594,49.64683863231608],[7.488234771609346,49.64640098496298],[7.488811829584995,49.64579865124523],[7.489145021910463,49.64578185264165],[7.4894247887310135,49.645591667963494],[7.489342379981773,49.64447982282167],[7.488866082438271,49.643670837443764],[7.489114474699226,49.64344807763697],[7.488881062743972,49.64335963109677],[7.489020227052836,49.643260513704675],[7.488605844093692,49.64321626323531],[7.488728868371871,49.64296198527792],[7.488613833709843,49.64296537718736],[7.488505193255992,49.64271308502705],[7.487145408020338,49.641947737912915],[7.486491662665498,49.64115043744813],[7.486353083159841,49.640504781760875],[7.48672174276935,49.639732756447806],[7.485611196007618,49.63811646275129],[7.484602145398288,49.63756044694692],[7.482268207305485,49.636601679559995],[7.4812628972809705,49.63598860933808],[7.480685906678971,49.63544660091637],[7.477615346459799,49.63386612906921],[7.477065586488986,49.63326571329704],[7.476976259813764,49.63295576234697],[7.476839541617396,49.63148746825665],[7.477311443704198,49.63051624722245],[7.4786468423748085,49.6295875363473],[7.479685938037164,49.62921372306214],[7.480669803479167,49.6290897357468],[7.48078860477719,49.62884266963456],[7.480700615693412,49.62867439383352],[7.481571465886163,49.627379529289065],[7.481593256320026,49.62724338568391],[7.481174304529342,49.626630582295164],[7.481148179724252,49.62630848323826],[7.481323285627657,49.62582277608546],[7.481761870997205,49.625394820128314],[7.482330912407255,49.625211576623734],[7.482173219447321,49.62515559230141],[7.482701881585367,49.62490091743563],[7.482890994918982,49.625207378689225],[7.483168697411003,49.62519789405594],[7.482957439707302,49.62517145939159],[7.482741799123328,49.62488494376623],[7.483742931981739,49.62455623823769],[7.485246365017873,49.62442749463942],[7.486053214738171,49.62385139665079],[7.486094470765941,49.623286438872405],[7.4857206395553435,49.62272571168199],[7.484555776159939,49.62230845501632],[7.482550987973798,49.62115961241967],[7.4827463733447495,49.621071521132514],[7.482484970783565,49.62112754273776],[7.481567577079294,49.620721488085344],[7.480559710449506,49.6205142177945],[7.480430259623789,49.62050339720578],[7.480179480539148,49.620789865269906],[7.480946893320166,49.620892049969704],[7.48216737500807,49.62129389038002],[7.484285610533167,49.62259144872449],[7.485521844179576,49.623047907168804],[7.485934258031617,49.62348469191886],[7.485826495231794,49.623782982445334],[7.4850058860162845,49.62414326685206],[7.482529399660883,49.62455035558008],[7.4822151932289716,49.62419602787992],[7.48143664942325,49.62377266944539],[7.479744613296587,49.62313518074914],[7.4798681442245645,49.62251996996247],[7.4795523962836326,49.621972857487265],[7.47899333515637,49.6218893773331],[7.479090657735959,49.6218084494932],[7.478651680700944,49.621854474592546],[7.475733834080093,49.620504250375504],[7.4758176513876835,49.620291800176894],[7.47331171735896,49.61968004304659],[7.470482494930802,49.61764328172388],[7.468514859268189,49.61746739415833],[7.466947835391418,49.61675223098684],[7.466240644768723,49.61623141470558],[7.466561274154915,49.61604761931785],[7.466181370333004,49.615145829959516],[7.465071737157919,49.61485655064489],[7.464702877224124,49.61511570264653],[7.457032516948162,49.61478356760497],[7.457511545370141,49.61417524931975],[7.456330223042114,49.61459925572434],[7.454598595465902,49.614619251762235],[7.452494038587644,49.61507117749141],[7.450422040248559,49.61594886423032],[7.449187251991445,49.61624085161243],[7.449130010443224,49.61638418714256],[7.449056957647655,49.61622966049067],[7.447244206811416,49.61635603364537],[7.446089061390747,49.61623586251897],[7.443754573528987,49.61521092414564],[7.443189242161051,49.61479624442324],[7.443000867242583,49.614417864424844],[7.443078048695145,49.61370653820903],[7.4429404501498215,49.613209304071596],[7.440927951723559,49.61196408331816],[7.440679833448787,49.611508786483085],[7.440572818945613,49.61072256775692],[7.439620003771389,49.60931794420024],[7.439497242699591,49.60840038072695],[7.4393118412047174,49.60806227860174],[7.438814509608843,49.6077832596597],[7.4376328126833595,49.60779436132765],[7.435307176820367,49.608820166423094],[7.4343721258309134,49.60906582699542],[7.430143126068949,49.60952794152941],[7.428422542380855,49.60948513371163],[7.424545246527416,49.60899042127978],[7.422879499597514,49.608535037292846],[7.420973515312841,49.607568014519785],[7.419501495463881,49.60655273606994],[7.418320171339227,49.60526430553403],[7.4174638801423045,49.60454785136676],[7.413119687614824,49.602354177686564],[7.411894040614042,49.60210389388198],[7.409690744513007,49.602027915000335],[7.406874592572219,49.602736289980484],[7.405143227304094,49.60266741240286],[7.403636103988784,49.60208336990213],[7.401889389207386,49.600708817628366],[7.400923417307504,49.60022509507267],[7.399785171892298,49.59987966842982],[7.397484223529972,49.59945215534444],[7.396348844638839,49.599480513650164],[7.395476935332378,49.59968074295239],[7.394481523844013,49.600202198946064],[7.393800570315815,49.601098309430476],[7.393748164398769,49.60250034447365],[7.393623202454517,49.60283884554354],[7.392663856528194,49.603686963404044],[7.390264909154866,49.60458545434148],[7.389479557017642,49.605099040123136],[7.389056198092165,49.605654575954674],[7.388790859113398,49.607343344937],[7.3879042461823445,49.607918647328425],[7.385896851983557,49.60854252560804],[7.385291280582469,49.60887608569076],[7.384941654477196,49.60931203641877],[7.384703582062233,49.610402489333254],[7.384098676312759,49.61099587068418],[7.382503864849301,49.61162391159661],[7.379981151189392,49.612921801356364],[7.378568404877855,49.61339592731474],[7.377590877050143,49.61387133499234],[7.376457962237847,49.61529580912931],[7.375757224213838,49.615695260481644],[7.373677339564865,49.61644329418492],[7.373370086093256,49.6166533778022],[7.372476782509986,49.617842816022],[7.372525762252534,49.617928113716935],[7.372013075753504,49.61825499516644],[7.366883382866777,49.61928667526139],[7.365056008355988,49.619914793248256],[7.363727762969964,49.62061611790717],[7.358538777681176,49.62207275845272],[7.3564790817699075,49.62295488966607],[7.352211515536183,49.62284731002381],[7.351872634180029,49.62274041625658],[7.351492218318405,49.62212753236616],[7.351280621051534,49.62217351526363],[7.351538570488743,49.622100990702556],[7.350672919744892,49.62027462438419],[7.350484870914839,49.62024095543644],[7.350828396561021,49.62100366520206],[7.349265439357542,49.62130888811338],[7.349538590984332,49.62234572189116],[7.348845036787645,49.62234458767223],[7.347603989967954,49.62351812468732],[7.346208544310451,49.62404430354581],[7.345636136014714,49.62492901769703],[7.345321362745868,49.625898693442046],[7.344843511116921,49.62656020692],[7.344686202635912,49.627323892518596],[7.34426369441502,49.62778232692825],[7.343887010155073,49.62958732396744],[7.342904172385751,49.63096965934999],[7.336449397081082,49.62896836187624],[7.336094279574485,49.62933813307824],[7.3350680594651285,49.62972517693014],[7.3342981071467825,49.63022071751217],[7.334919078366814,49.631465333895456],[7.3353261247850305,49.63135938358265],[7.335542819092867,49.631873413398644],[7.3363918968180615,49.63211490880269],[7.336244317989884,49.63274605970953],[7.335716534404199,49.633106061394535],[7.333860254802533,49.632822771521454],[7.332380705274867,49.63219992667167],[7.332248178617623,49.63347581573214],[7.3320978356733075,49.63352482150576],[7.331101462987584,49.63303174073349],[7.330439300418537,49.63297227679203],[7.330023760429299,49.633114853285335],[7.3295237060397875,49.63355140058207],[7.328339878310457,49.633660159779375],[7.327950685010192,49.63340923729313],[7.327597370422372,49.63279259055472],[7.325344260942181,49.63141221650779],[7.3250736982600255,49.63172042478694],[7.324250760611306,49.631875057083505],[7.324129902171261,49.63137367709887],[7.323591485227566,49.631492825256935],[7.321888133023232,49.6323264818317],[7.321333179891763,49.63313484754379],[7.320636822951432,49.63369553871321],[7.322411362150432,49.637090651779076],[7.3203378860827195,49.637549640615816],[7.319258558472051,49.63723541996601],[7.317966318460929,49.63636648440906],[7.318622578200279,49.63599785159279],[7.3179301531859124,49.635510107036275],[7.316826886371258,49.63436809836571],[7.315819536272766,49.63413757714863],[7.314505256096122,49.63463161600844],[7.3133501160654015,49.63368125693281],[7.313482618468124,49.63325190615483],[7.3151904793168585,49.6303633555905],[7.315379030305125,49.62968915215535],[7.31476336633181,49.62699059484782],[7.314273746772653,49.626160936567885],[7.313679629789755,49.62568096557038],[7.311532876347633,49.62457419287928],[7.310067537269455,49.62336814579884],[7.309395066532515,49.623130856354756],[7.306944462437088,49.622876663228666],[7.306204795021958,49.622558301055946],[7.305800130935846,49.62219206728309],[7.305280160896516,49.62111261769406],[7.304702905291474,49.62055459725639],[7.3037307152532165,49.619916176028426],[7.30356573605799,49.61942198558496],[7.303456288917009,49.61960294912616],[7.302887655342076,49.61968507776402],[7.301407620724178,49.62052274774326],[7.300837239926023,49.62118611560451],[7.300773198131105,49.621383664877314],[7.301049258502766,49.62159069577676],[7.301923441445214,49.62187227717569],[7.30164457563492,49.622042477712775],[7.300715512815119,49.621836305953074],[7.299624460393366,49.62197220278942],[7.29800028030833,49.62196311791053],[7.297121824978386,49.62245844764182],[7.296841288301621,49.62217444929532],[7.291611875231787,49.62361347757993],[7.291565081988642,49.62372803406733],[7.291972619785335,49.62422647778599],[7.291475600803185,49.62367115826423],[7.291065589046184,49.62377126757087],[7.291538289735273,49.62449441414224],[7.289476708260229,49.62419372810411],[7.291467485422906,49.624896357520925],[7.292840088719345,49.62634766092723],[7.2934485967131115,49.62743512351809],[7.294010031189338,49.628089809295105],[7.2950225304310585,49.62850949756633],[7.295253628326123,49.628762907197306],[7.294787548220677,49.628779069285606],[7.2948708283357355,49.62895959018429],[7.293921580371519,49.62923670680838],[7.293812465607198,49.62947427373848],[7.2927045985199745,49.62996878756599],[7.2915746921655575,49.62976735194432],[7.2907988316276,49.62908184560776],[7.290124042338885,49.62902243153984],[7.2895825253091395,49.62922958824875],[7.288618944724563,49.629259889542155],[7.288557195430241,49.62843087157014],[7.290260131714586,49.62649828120756],[7.290822438454962,49.62627220513686],[7.291313073110373,49.62638197796625],[7.293367415960869,49.628553981349356],[7.294659045117599,49.62847946870596],[7.293996533103883,49.62823876059774],[7.293191082060464,49.62731239961372],[7.292624803868221,49.62630844134132],[7.291129578738835,49.624836578721954],[7.287192166728262,49.6236015595697],[7.286834431530925,49.62360178826985],[7.286511476406446,49.623835364444105],[7.286527361315623,49.62403856921833],[7.284574966470101,49.62419607501602],[7.28405269225205,49.623975387987834],[7.282606481899534,49.6242291389367],[7.2822174952118015,49.624580793626265],[7.282298693930317,49.62473238244789],[7.2816658424906695,49.62539809338741],[7.281628836392536,49.62561357460443],[7.28173882791259,49.62604132322747],[7.282465049344562,49.62707456901703],[7.282407370316788,49.627383366847084],[7.283308737178039,49.62810133983885],[7.284979916220459,49.63003583910302],[7.286824396450881,49.630765883599324],[7.287123753731168,49.631024727566434],[7.28694641910753,49.631433367000625],[7.286912165447436,49.63238921935092],[7.287012932167796,49.63269712588055],[7.287393927442781,49.63291814634864],[7.288255183628295,49.63301809585321],[7.289288026117922,49.63406864910538],[7.289787315142804,49.634935830812196]]],[[[7.310286610316138,49.63299441279572],[7.310257252474359,49.632652701736305],[7.310918478998895,49.632670716812996],[7.310961302586799,49.632981875694306],[7.310286610316138,49.63299441279572]]],[[[7.299011023343658,49.64501171362096],[7.2993439057503275,49.64462241274231],[7.299875473938318,49.644721109132576],[7.300066295867612,49.64520163822875],[7.29964712039642,49.6454122609557],[7.299011023343658,49.64501171362096]]],[[[7.296814066653575,49.64282427739443],[7.297059004892221,49.642789946343996],[7.298206535294194,49.643468392821646],[7.298596414009045,49.643560075719485],[7.298661662241398,49.64364438197426],[7.2984677563957,49.64377910054412],[7.298642061900191,49.64387637233527],[7.298811736589412,49.64487621959225],[7.298539525498716,49.64388503605465],[7.298411704216934,49.64381804372011],[7.298180727594411,49.643978516174045],[7.297775704182193,49.643745959730225],[7.297960923319091,49.6436106395959],[7.296814066653575,49.64282427739443]]],[[[7.30978736710534,49.62524732306319],[7.310420817721284,49.626015274242114],[7.3087062635253774,49.6260264712633],[7.308881239173071,49.625662910084415],[7.3087878781639155,49.62501454972089],[7.309484863026651,49.62461847774696],[7.309882770883493,49.62466566752641],[7.309999625532307,49.624802791305235],[7.309777809030721,49.62502148675641],[7.30978736710534,49.62524732306319]]],[[[7.303485794980843,49.64131476620758],[7.305840510207882,49.640026099282736],[7.306730912232794,49.64010387584155],[7.3054442408781135,49.641305736708944],[7.302739792646316,49.642950790404534],[7.301929424225017,49.642491136975316],[7.3033570349595625,49.64151869037289],[7.303485794980843,49.64131476620758]]],[[[7.315836908792036,49.634382670847366],[7.316395492015576,49.63702869640201],[7.314407562512334,49.63705336593095],[7.3139252552396155,49.6350869080118],[7.315654248955403,49.63432347676788],[7.315836908792036,49.634382670847366]]],[[[7.310144784299071,49.651986189499006],[7.311932154135281,49.65259065203929],[7.311776595572485,49.652932917608936],[7.308004302894284,49.65215049331787],[7.307620705199942,49.65216043797735],[7.306302738337374,49.65260053786848],[7.30506324470483,49.65247831821739],[7.30457050170343,49.65271275334621],[7.303340312820557,49.652640895968865],[7.303069576763562,49.65258429237578],[7.302810943708395,49.65159714620836],[7.302435173035096,49.65101143396605],[7.302522278176628,49.65046720174569],[7.310144784299071,49.651986189499006]]],[[[7.3194872758316425,49.63921401132449],[7.319736994904242,49.63979051636074],[7.3191949227156226,49.63978805501542],[7.317867790342237,49.64076996310219],[7.317298130891251,49.6409524796771],[7.315880650458176,49.6409515337892],[7.315089567069402,49.64140619487646],[7.314592804107124,49.64140682895285],[7.313739667793442,49.64207890807181],[7.311983235935605,49.64276928767013],[7.311596902871233,49.64211651641296],[7.310976586523051,49.64183602465281],[7.310404924727301,49.64102515883649],[7.311651227589712,49.64019558020004],[7.313465697801428,49.63948835344415],[7.318404021684861,49.63824115254323],[7.3194872758316425,49.63921401132449]]],[[[7.305195885448107,49.63099595122511],[7.305385199106041,49.63176613331311],[7.307863226970462,49.63409584343868],[7.308711214140915,49.63456429735026],[7.308276009131779,49.635627924411274],[7.307993767452625,49.635978999974476],[7.307879996720214,49.6365342559957],[7.307151638196144,49.63709368048939],[7.306588002847462,49.63718629517215],[7.306488048204112,49.63734270022195],[7.306716805089574,49.63756092108738],[7.306031343815273,49.638050802858245],[7.306075391806922,49.63814353672692],[7.304559551240112,49.63823974410395],[7.304043949707966,49.638504072127404],[7.305097898115233,49.639264992754704],[7.304447613070846,49.63951857970982],[7.3031027659200625,49.6403276736377],[7.301504264177392,49.64085676223908],[7.3002886872909425,49.64105379254678],[7.298125259320562,49.64113845217609],[7.297864948212415,49.63971680218534],[7.298053699525001,49.639554927644966],[7.300423496567345,49.639050061175325],[7.302216695571454,49.63851839554346],[7.303495733042833,49.637763711406144],[7.299709829091478,49.63576551883599],[7.299491219575463,49.63545095796151],[7.299361411220268,49.63510700618405],[7.299398843119827,49.63422613178426],[7.2997244590541746,49.63340649809852],[7.299746741764815,49.63276658648898],[7.299878465328186,49.63266766222726],[7.299612053760985,49.632562889238784],[7.299316727221408,49.63193146656894],[7.299345514632996,49.630717189830186],[7.299750651232915,49.63052142337378],[7.301647070256458,49.63054049529884],[7.3029506164637175,49.62994130174476],[7.303265215459427,49.63021341173896],[7.303222843724095,49.63065569531616],[7.303405337372399,49.63064960043798],[7.304158803808645,49.630143189331086],[7.304666098619328,49.630115538942945],[7.304680395307069,49.62912030885967],[7.30627373083853,49.629117324457326],[7.306277429202581,49.63017859642126],[7.306019726802041,49.63099047081882],[7.305195885448107,49.63099595122511]]],[[[7.432955275116804,49.589411207337236],[7.434796841212441,49.589093286350575],[7.434337729338681,49.588479016112494],[7.433600643681643,49.58539739492173],[7.432833905535379,49.58398255140683],[7.433714795299757,49.583686975927264],[7.434125077449618,49.58394019465738],[7.43441113607044,49.58394834661785],[7.43543343233864,49.58358157577261],[7.436590274676861,49.58238012010931],[7.436751953461717,49.582054374363324],[7.433627191593235,49.58085863215166],[7.434034365572238,49.58088926697675],[7.433105600094811,49.58049176993415],[7.432021410801817,49.57953224174727],[7.431269255007604,49.57915311624539],[7.426437165889665,49.57819760703366],[7.423412735956981,49.57796081004397],[7.420673542686608,49.577299626532785],[7.4198370593416865,49.576803056746364],[7.417699391460377,49.57458581110575],[7.417091033485259,49.575054086299545],[7.414987228496905,49.57584672562412],[7.414152137540684,49.57638949957412],[7.411424066311844,49.57963537556392],[7.4083892743123405,49.58121628206657],[7.407512746767001,49.58193503309386],[7.407149645034167,49.582556977631164],[7.406943090010973,49.5834189916912],[7.4058355373341,49.58444543425163],[7.4051375607312675,49.58539370314919],[7.40499167612575,49.58593810874847],[7.405456005414686,49.58729663828635],[7.405305913998692,49.588079468687056],[7.404752518545924,49.589099080112824],[7.405077635016986,49.589481938015325],[7.404825309931738,49.590125371144175],[7.404796034734925,49.59088756631564],[7.404470335257281,49.5908167182989],[7.4043601523960785,49.59047692369165],[7.404347943393058,49.59013398269719],[7.4045255124769715,49.58992067976447],[7.404325130676398,49.589575323969896],[7.404479127068942,49.58898135054215],[7.404112141919158,49.589083000368085],[7.404128444544917,49.589356401895515],[7.404031199220446,49.58918427728132],[7.403412295023902,49.5896420712068],[7.403588179766692,49.590503265368866],[7.404371306776972,49.59196756247963],[7.404896791573852,49.59235724871385],[7.404510434254923,49.59273673920882],[7.403231817195086,49.592106932231545],[7.403586419967044,49.591859336778924],[7.402184749882954,49.591531194613836],[7.401876006106259,49.592235459580436],[7.400060504628608,49.59327957509796],[7.400101407618452,49.594385629042556],[7.39785582602034,49.594354831500304],[7.396494051914645,49.59463584474164],[7.395877574067695,49.59443201368785],[7.395597261969773,49.59390581904829],[7.395665110824855,49.59298761612512],[7.395116302169936,49.59269124096376],[7.39443978272601,49.59345090556948],[7.394506210446319,49.59363364778193],[7.394329077943627,49.594293789527406],[7.394482526363875,49.59482532470943],[7.3943386989003415,49.59492916743864],[7.394744934139846,49.59554217095168],[7.394923754576983,49.596147989216654],[7.395114693287267,49.596158760480286],[7.395023269944153,49.59664753543337],[7.3941240374800055,49.59653834367142],[7.393703673537685,49.596729478003816],[7.393119671584873,49.59677205888011],[7.391557120419915,49.59661143787457],[7.39110357181268,49.596688654337555],[7.389526345769203,49.597569622316335],[7.39042450923817,49.598458542841605],[7.390360078472711,49.599673605519065],[7.385984723388016,49.60108840790476],[7.383869647237811,49.60209447636117],[7.381563455409163,49.60500672362178],[7.380519926560896,49.6077090202829],[7.378342426481549,49.60960472482954],[7.376611641525082,49.610710180341115],[7.375920277421086,49.61151899323004],[7.373355256704537,49.6158803888746],[7.37301088215043,49.61621706145424],[7.372247121021046,49.61659125499802],[7.372102601854748,49.617102229689436],[7.372385436421987,49.6176815153849],[7.372873085975745,49.61683864689534],[7.373322475383183,49.616412167181586],[7.375408895275843,49.615685091277015],[7.375916127204462,49.61536752722754],[7.376455035526637,49.61488223949415],[7.377057319992113,49.61387274180806],[7.377730799537124,49.613494282465155],[7.379604037534732,49.61287639411886],[7.3819353893778565,49.61166181412169],[7.383998427920327,49.61076850204387],[7.384326639087521,49.61051399471083],[7.384741445153166,49.60914134610522],[7.385066953289662,49.60879685579479],[7.385888231750076,49.608346264310114],[7.387352530579183,49.607965633821614],[7.388055684172953,49.60763351176089],[7.388667866276251,49.60696403911978],[7.38887344123748,49.605567485879774],[7.389147486687981,49.60512819560756],[7.389654020625624,49.60466607138416],[7.39219742338482,49.60368097867565],[7.393021049143084,49.60314758563985],[7.39335307186203,49.60265661230325],[7.3935310424928815,49.60133982347888],[7.393844530272582,49.600549301814084],[7.394196639321298,49.6001572549466],[7.395384400773253,49.59956020990858],[7.396518184256442,49.59930673340023],[7.397770156386635,49.599296566016356],[7.40076322792937,49.60001842928162],[7.401980889805584,49.600518167571344],[7.403772332603301,49.602009248181126],[7.4046236480319,49.60237664081951],[7.40656542389243,49.602593578586905],[7.407265498959749,49.60249774675894],[7.408875000573044,49.601910793006546],[7.40891257979636,49.60178949639598],[7.408431516690257,49.601581711848276],[7.405825285760055,49.60103309392904],[7.404930250224914,49.600593595707075],[7.404165327573883,49.5999929090101],[7.403524657197964,49.59858877686224],[7.402598978331865,49.59572212966144],[7.402682845046794,49.5943918297743],[7.403250086233025,49.59358623637781],[7.4034646650083635,49.59368900799996],[7.402832865495883,49.59460193332158],[7.402802934528957,49.59570041458781],[7.403981997594015,49.59922286275464],[7.404381172075431,49.59990261361415],[7.404727344158396,49.60021140723551],[7.4059384088071925,49.60089279777811],[7.406607967205974,49.60108795844401],[7.408939334320451,49.60147437437451],[7.409086621196138,49.60168873178902],[7.409513364075283,49.60178253451188],[7.412683268981742,49.602088680649395],[7.414737351320815,49.60288403799165],[7.417628662606466,49.604462211810876],[7.418564823015334,49.60517040122876],[7.419481166588997,49.60627695334236],[7.420510362816903,49.60707550346377],[7.421944828595399,49.60794916678282],[7.424051713008537,49.60875346929827],[7.425530707377363,49.60902483553171],[7.428896285115677,49.60936589389131],[7.430626213079346,49.609359392951404],[7.434623532837928,49.60889115011382],[7.437567040733167,49.60765609005065],[7.438445120567325,49.60757754799057],[7.439194225682861,49.60772809531719],[7.439594505990372,49.608155592307575],[7.439884347416839,49.609479373804504],[7.440883860612783,49.610807337737455],[7.44099369133439,49.610345141615376],[7.440583594237466,49.61001786774871],[7.440397067153527,49.60958664359477],[7.440733284106524,49.608694253970825],[7.440386569441111,49.60754242485172],[7.4415423239195135,49.60664128438372],[7.441911454246235,49.606186168358924],[7.4432202025973195,49.6059760221584],[7.443383116565684,49.60615335008426],[7.444072843939234,49.60610880626321],[7.443730609172147,49.60567943368912],[7.444676334842145,49.6054853835152],[7.445977536446545,49.605842926243746],[7.447308421082876,49.60569892109615],[7.4488869981925205,49.60579711480547],[7.449804860817342,49.606060738103906],[7.450490303227004,49.604657411748974],[7.448025894720613,49.60421523446738],[7.447565588087479,49.60384126493503],[7.447893236010995,49.60334365595493],[7.447305843816303,49.6026480128583],[7.446234120444533,49.602148526944134],[7.444716306279032,49.60243731288403],[7.4434838752012356,49.60246414587137],[7.446813241850415,49.60203264356192],[7.4467799826253405,49.601947291266654],[7.447628803432367,49.60133462967227],[7.447147384593444,49.60097313040658],[7.449223117229166,49.599720280902474],[7.444665506549697,49.59672257071151],[7.444365113511922,49.596846354504514],[7.444666368034079,49.59706961741501],[7.444489908369515,49.597164879408204],[7.445137670046256,49.59789111425514],[7.445812822254331,49.59934617151106],[7.44542194551124,49.599395126611896],[7.445296753598262,49.59957309679233],[7.445550676786413,49.599911057509054],[7.445314719903946,49.60012660660265],[7.44448882050973,49.600234388943136],[7.444514709057885,49.60006316264717],[7.441576870430396,49.60094202205145],[7.4414703419157835,49.6013905365671],[7.443027855328653,49.6017816262881],[7.444429738313455,49.60176497435127],[7.443067533016454,49.60180778778392],[7.441217328721027,49.60135499793776],[7.4408552322029795,49.60201232914116],[7.441114982762369,49.60269344592517],[7.440889584677788,49.602474893616865],[7.440837127556743,49.6018800357302],[7.441164107133718,49.60140641721784],[7.441144805033181,49.601035159005484],[7.441440040842919,49.600495977803185],[7.441453020600483,49.599951214168655],[7.443419083313043,49.59811498373303],[7.44347761484203,49.59791571743273],[7.443170877901684,49.597633828180356],[7.443598056463755,49.59752882497216],[7.443699152865848,49.597608731117134],[7.443311454362187,49.596863202011434],[7.441807494014991,49.59624861213886],[7.441284429279494,49.595680491724174],[7.441613347420839,49.59631776138279],[7.441967580985191,49.59656733600271],[7.442532854860946,49.597207218270874],[7.4415820617944215,49.596336292967514],[7.441217025090475,49.59562178921765],[7.4413369016718915,49.59532287388951],[7.441104043977179,49.59516831190972],[7.440987086920429,49.5947089342266],[7.44052323823014,49.5940404475206],[7.439670319308788,49.5934011025031],[7.436436304335432,49.592070488330954],[7.435474921928356,49.591984678370714],[7.434562092564072,49.59172180818145],[7.433399110240891,49.591959924293675],[7.432520410569168,49.59236978462294],[7.432648563329312,49.59229674287573],[7.432406840161043,49.592367805361064],[7.4308224976638915,49.592439199657406],[7.4295439901985345,49.59231364377974],[7.427162084764478,49.59236701924639],[7.429543922824886,49.592276519315305],[7.430775778980904,49.59240219815525],[7.4323987930527435,49.59234040489111],[7.433235611469248,49.59188807858566],[7.4346835977910946,49.59165656325303],[7.435520848297269,49.591837193149644],[7.435957312744403,49.591798998611885],[7.436469652493752,49.59205579080709],[7.438067628721954,49.5923765510311],[7.440382152424849,49.59305535093026],[7.441491628394775,49.59370734842755],[7.44170389310989,49.59407239935379],[7.441993803706634,49.59426384380938],[7.44270535115845,49.593854784322055],[7.44261295583821,49.59333510167213],[7.442796899367394,49.592849379718956],[7.44261562563125,49.592663410935444],[7.440857151004448,49.59208828024835],[7.438444445034241,49.591023933783596],[7.437377870805668,49.590836954111154],[7.436397839373278,49.590457422048075],[7.436068679585148,49.59001966519667],[7.435535180917628,49.589616618879994],[7.43465666270562,49.590490453538216],[7.433374968915923,49.5898121403009],[7.432955275116804,49.589411207337236]],[[7.4327836277272565,49.5891275842019],[7.432955275116804,49.589411207337236],[7.432885796717787,49.58938499900905],[7.432713189927505,49.589081680771244],[7.432413668255515,49.588835580576436],[7.432308058717469,49.58869815060609],[7.432454519143095,49.58883803168459],[7.432481024833856,49.58875183867475],[7.432520563282775,49.58870973705905],[7.432494771752639,49.58884356050829],[7.4327836277272565,49.5891275842019]]],[[[7.441628527152493,49.60465474079696],[7.442016178943739,49.60521083473732],[7.4419518856205364,49.60521346840102],[7.441676004911894,49.60493728048408],[7.441628527152493,49.60465474079696]]],[[[7.432439809230289,49.59071032379222],[7.431564952551382,49.589657730900534],[7.432504184300194,49.590727450024005],[7.432439809230289,49.59071032379222]]],[[[7.444866585442952,49.60278667326523],[7.445025248583384,49.602698079526256],[7.445614334102405,49.602979923785355],[7.4454270838746375,49.60307224528873],[7.444866585442952,49.60278667326523]]],[[[7.444882925797957,49.59727739324199],[7.445022577892046,49.597186367334665],[7.446875631643535,49.59837771349937],[7.446778603711362,49.59844177972762],[7.444882925797957,49.59727739324199]]],[[[7.445121602779102,49.60540029050001],[7.443814351021247,49.605053342670516],[7.443719654217243,49.604888014835794],[7.444079656762355,49.604843804599554],[7.445338500106147,49.605234337444614],[7.445121602779102,49.60540029050001]]],[[[7.446461551416645,49.604749141512976],[7.444681342949864,49.6047698832625],[7.444653961401666,49.604572511148426],[7.445993223726361,49.60385274300035],[7.445959527021734,49.60447729506284],[7.446461551416645,49.604749141512976]]],[[[7.404977988495774,49.59312773121539],[7.40355156892728,49.59360801702722],[7.403330020123662,49.59349877187651],[7.404958239034249,49.59296532859764],[7.405193978524386,49.59279818957728],[7.405384016224447,49.592335961302645],[7.405226313383046,49.59191194758402],[7.404392390236686,49.59088627413686],[7.404759175960515,49.590981616339825],[7.405582145948597,49.59204430414167],[7.40554549288839,49.592650681194655],[7.404977988495774,49.59312773121539]]],[[[7.4338229695279505,49.590303280815924],[7.434683205227294,49.590871661275564],[7.432819360014307,49.591002699946564],[7.432560373921214,49.59036316719729],[7.433403909041119,49.590416642047565],[7.4338229695279505,49.590303280815924]]],[[[7.415219973003882,49.575941791405974],[7.4157567882514535,49.57597299784061],[7.417064238536964,49.57668964232809],[7.419016609127964,49.57828267820379],[7.418311866414427,49.578650328803555],[7.4145625113187155,49.57640526079887],[7.415219973003882,49.575941791405974]]],[[[7.451294077115774,49.60885951476182],[7.451397770547377,49.609088390651245],[7.451260857416573,49.60943780291371],[7.450107957784147,49.61001418075001],[7.44998225472979,49.610118892219276],[7.449966849520996,49.61051295393309],[7.448557767437485,49.61069622244799],[7.447857003362328,49.611201854894915],[7.447072518997634,49.611507008815046],[7.447136576962263,49.61156604901265],[7.44669052928766,49.612083826095656],[7.448832901646105,49.612899619561475],[7.44910184736075,49.613125243142164],[7.45029559249084,49.613138003626226],[7.452379417150649,49.61296238035396],[7.453299822007724,49.61275467077948],[7.453674677297747,49.612340234417324],[7.453772870344822,49.61173331055781],[7.45387398022164,49.61178186788789],[7.453798311531989,49.61238485636242],[7.453532641973191,49.61270211971116],[7.454801185325443,49.6137822660703],[7.457527308108411,49.61268826017523],[7.457759828934912,49.61270553526458],[7.4575582829177325,49.612570503145385],[7.4567274365012315,49.612801505931365],[7.456666037549877,49.61259867338109],[7.456815492060329,49.61238203857048],[7.456590269147214,49.61217146215317],[7.456868153997246,49.611899735670896],[7.456673058782125,49.61179687378755],[7.456265062844644,49.61220351968505],[7.455987301063815,49.61222930946665],[7.456507257628423,49.611693098409255],[7.456906553382379,49.61180113865195],[7.4560540692456225,49.61130429951768],[7.456984461572028,49.61180863577862],[7.4575997608293525,49.61185239499391],[7.457878721861107,49.61176263495114],[7.4580569161724695,49.61148865878341],[7.457740634632228,49.61095781280659],[7.458474261775407,49.61090257871368],[7.457909949097013,49.60995972443375],[7.457840867753346,49.60952168276569],[7.4570308505733145,49.609361674800006],[7.457325497986552,49.60890783745396],[7.456393494980818,49.60870679965134],[7.457227896030934,49.60755590979756],[7.455052518670594,49.60766198056906],[7.453646577097337,49.60787654770415],[7.451980133973084,49.60788950457309],[7.451564222979644,49.60813072361123],[7.451294077115774,49.60885951476182]]],[[[7.45409598087783,49.61263958209654],[7.454202061133123,49.61242299170492],[7.454312067924528,49.61205376964891],[7.454424057297729,49.612108553078166],[7.454232602056146,49.61262641229013],[7.45409598087783,49.61263958209654]]],[[[7.4555670368345055,49.61216925435908],[7.456144654460578,49.61152654627965],[7.4563281048146575,49.611607080831035],[7.455818345925136,49.61219598594869],[7.4555670368345055,49.61216925435908]]],[[[7.455269123146887,49.6113286910351],[7.455436691286748,49.61062881715924],[7.455371265187969,49.61138011202046],[7.454713786434791,49.61212238833195],[7.454535268729942,49.61212139007975],[7.455269123146887,49.6113286910351]]],[[[7.4544637053411265,49.61097223512863],[7.454693923785534,49.6102096844314],[7.454812910136527,49.61025185072781],[7.454573370772702,49.611020303683894],[7.45383528888405,49.61173330764742],[7.453713418042677,49.61167369663526],[7.4544637053411265,49.61097223512863]]],[[[7.436037479298687,49.58301319191009],[7.438201222577749,49.58261754389166],[7.4381312348339765,49.58268680681345],[7.438508633254552,49.58287932451088],[7.438279833249962,49.58310936663289],[7.437766397556019,49.58293412616329],[7.437555864792743,49.58309979168567],[7.4368714832934195,49.583254154283274],[7.436128495704984,49.58392511728346],[7.435509060604089,49.58366660494172],[7.434441446126443,49.58400723498402],[7.4340664075801115,49.584000964208116],[7.433617004697915,49.58375362056309],[7.432916390641406,49.58401754475065],[7.433683427028339,49.58531945647133],[7.433835006952792,49.58633931835062],[7.434238032511797,49.58747903491872],[7.434472519750445,49.58862266738303],[7.434850772468859,49.58905795364515],[7.436111474426979,49.58996222420427],[7.436472811868578,49.59039888678955],[7.437826881124099,49.59088996258215],[7.43847340582067,49.590944222410144],[7.438133035956125,49.5902727677857],[7.437690208741816,49.59042095071021],[7.437235045861995,49.58993144658003],[7.436403446657295,49.58942123003175],[7.4361548504788,49.58955380648471],[7.435568308988659,49.58897632779419],[7.436337180633731,49.58887729307448],[7.436457332997923,49.58824206344409],[7.436770811794453,49.58822473659139],[7.437064881590957,49.58765434583648],[7.437416748992853,49.58732442129309],[7.437794071056641,49.58728858705257],[7.438600912692133,49.58739085946145],[7.438422315037209,49.58759756129496],[7.437750104811694,49.58759986745664],[7.437348433013813,49.58791533945116],[7.437134841486986,49.588271256961114],[7.4372358732103905,49.588695693667376],[7.437721160194914,49.58846357617013],[7.438589499596442,49.58847344240626],[7.438097922608275,49.588115824139344],[7.438193359624088,49.58786252924452],[7.4396953257113605,49.58858878089972],[7.440843013318492,49.58898448706602],[7.440861997415389,49.58869410676094],[7.438287594694018,49.58775346573431],[7.438352448565978,49.58767840326281],[7.440839045459878,49.588566848344385],[7.440475192735474,49.587826387912486],[7.440077024367207,49.58778911502469],[7.438702314521407,49.5872734996484],[7.439063972661604,49.58684314414073],[7.438013766635812,49.586472168743526],[7.438223811613899,49.585706855786896],[7.438799446658145,49.58585942862118],[7.439179044154545,49.585182585010976],[7.438189582208327,49.585065133108806],[7.437996286318725,49.58405821536662],[7.437462215424354,49.58427531907462],[7.437109182009224,49.58434755979878],[7.43701645790558,49.58434754873314],[7.437980702345175,49.584041930700394],[7.438146878994632,49.5837879443001],[7.4388334802310165,49.58334304951063],[7.4397257327854165,49.58309611954145],[7.4398642781550475,49.58298067196273],[7.43943251638842,49.58266935393166],[7.440376943094513,49.58211241874534],[7.4402684787104585,49.58205256882955],[7.441440766681674,49.581612431275715],[7.441387627739363,49.58138057420766],[7.435275795972557,49.58100325407784],[7.4351382701907305,49.58129772403718],[7.435001481925789,49.581292321330054],[7.436797328265012,49.58179251534905],[7.437337591246643,49.5821019262757],[7.436845816629115,49.58201642261091],[7.436824688253647,49.58225289181641],[7.436230298182898,49.582953433956604],[7.436037479298687,49.58301319191009]]],[[[7.445039924360202,49.60838673069379],[7.443851539477394,49.60937699636302],[7.445196472866466,49.61011124232374],[7.444604209107981,49.61036245362488],[7.443624127369921,49.61002448851263],[7.443554304916147,49.610123171200804],[7.443085337625362,49.610036068735305],[7.442833238017253,49.610171994405775],[7.443465914285433,49.610259815513885],[7.443828700709619,49.61052981883764],[7.444493192610205,49.610757739246104],[7.445290391729418,49.61075535385124],[7.447188965811297,49.61147304917294],[7.448592771190857,49.6106331496482],[7.449914706810301,49.61044521427048],[7.449926217822374,49.61009974652275],[7.450050395537362,49.60999119142792],[7.45121373000014,49.609410078488914],[7.4513224369293125,49.60914310814269],[7.451239217899689,49.6087660947128],[7.451413879137032,49.608242734806616],[7.4517196782362065,49.60793991047437],[7.454377135595498,49.607702984821294],[7.45212973580726,49.60721298934786],[7.450982231456436,49.60679263678359],[7.448525040015026,49.60627914568555],[7.448381707523228,49.6065308436099],[7.446631618669632,49.607314811908545],[7.445789176799429,49.60839523016688],[7.445039924360202,49.60838673069379]]],[[[7.449632382486145,49.60910569262916],[7.449711144075336,49.608441985100924],[7.45011394685213,49.608294128777366],[7.4501492021337885,49.60918154464209],[7.449632382486145,49.60910569262916]]],[[[7.447955420988244,49.60902134695688],[7.447708104909012,49.608891755508076],[7.4475136708539535,49.60837426293445],[7.448020991715787,49.60785268069781],[7.44840490651544,49.60805648709204],[7.44873915076811,49.60846073211769],[7.448468561136475,49.608761259113635],[7.447955420988244,49.60902134695688]]],[[[7.449218353463224,49.60211037657713],[7.447976421802957,49.602699239818534],[7.44688549873862,49.60212555312497],[7.446498597938949,49.602120575976954],[7.447558950435857,49.60261732532697],[7.447982183597209,49.60314550609847],[7.448101974838667,49.60287867784554],[7.447943071848044,49.603502450628696],[7.44763814950457,49.6038418785424],[7.448062324998641,49.60417551445099],[7.448618683095202,49.60427118928978],[7.4509409529708055,49.60413772894198],[7.451824639190649,49.60360020863907],[7.4523312674513855,49.60286748074474],[7.453010252770776,49.602797643915515],[7.453029534210046,49.60237729519838],[7.452740676438835,49.60189085055664],[7.4528070960743005,49.601779334769546],[7.453734484434412,49.60167710300772],[7.454456783821858,49.601925079443355],[7.455458149343951,49.601472766924644],[7.455204748975311,49.60124155442141],[7.454343112802423,49.600952889484375],[7.454035235001698,49.601329498742736],[7.453481640122941,49.60072022481958],[7.452383496400335,49.60086142272156],[7.4530339090054785,49.601180183391065],[7.452870386877679,49.60124058563862],[7.452178544869925,49.60090149010327],[7.451971310720359,49.6010276282006],[7.450896639976145,49.60073432529889],[7.4493151541215985,49.59971670199996],[7.4472129930502335,49.60096029279797],[7.449218353463224,49.60211037657713]]],[[[7.340135696732054,49.619748378626014],[7.340015702471319,49.619633673688135],[7.3397491301056705,49.61977315409827],[7.3392089596505405,49.62028735971741],[7.338805835276819,49.621525811469894],[7.338640892014245,49.621480527476464],[7.338376182754477,49.622750985530566],[7.338962798804777,49.62300212993986],[7.339458570026992,49.62289346857062],[7.339357236469663,49.622559101814474],[7.3387512608266805,49.622069582738234],[7.338890480831133,49.62146866539455],[7.340565500171377,49.62204966075551],[7.340982980521614,49.621804040015526],[7.340574582138899,49.621695909046935],[7.340122737635759,49.62131881695833],[7.339640106071189,49.6204573993468],[7.340451151822198,49.62045550270095],[7.340713125711937,49.62012773918789],[7.341114148027849,49.62028718046949],[7.341755349308087,49.62120744396241],[7.341693563182815,49.62135771466284],[7.342319209235577,49.62194186029987],[7.3419103733733095,49.62216833298773],[7.342298209319193,49.62299804180189],[7.342197108425513,49.623207594948276],[7.341964927162216,49.623413723661606],[7.341254038175504,49.62363297934902],[7.339832232354303,49.623619978946415],[7.3395948839814675,49.623412777433],[7.33869897438555,49.62351151273954],[7.338097310655934,49.623411887652196],[7.3373214375415845,49.62365732919848],[7.337255877593806,49.623772851590154],[7.340987255604068,49.62393194226094],[7.3421892652347545,49.623758092043566],[7.342848698721984,49.623476374895105],[7.344577614284357,49.62213630470634],[7.345821875276131,49.62138591764697],[7.343073768023194,49.62052239390493],[7.3417839435819,49.620370764631915],[7.341128277628965,49.61983314978626],[7.340135696732054,49.619748378626014]]],[[[7.451022340335579,49.604129769559464],[7.454442720696095,49.60381755197481],[7.4547041043926745,49.60289898142607],[7.455642824101773,49.60268130680817],[7.455506080752553,49.60151648418506],[7.45447316190614,49.60194724643783],[7.453780120647497,49.60170056084283],[7.4528185379161,49.60181140262902],[7.453083251667421,49.60248610885558],[7.453009146944682,49.60283476153583],[7.452362612366611,49.602876346208],[7.451854246764122,49.60361324290922],[7.451022340335579,49.604129769559464]]],[[[7.441950976525473,49.59440448336389],[7.441449986091453,49.59464089602087],[7.441810572541479,49.59506765415122],[7.4425130523988265,49.5950692757868],[7.443494520237343,49.59597489522544],[7.443309817631743,49.59681116948502],[7.444031812490338,49.59683523520497],[7.444616268990683,49.5966899125918],[7.445567392637205,49.59548643203261],[7.445262139713732,49.59468923222409],[7.443222577742911,49.59441754862406],[7.442227623497036,49.59451412593109],[7.441950976525473,49.59440448336389]]],[[[7.451763691193569,49.607012816589815],[7.454603856898504,49.60766737802737],[7.4550310372572,49.607555981981164],[7.456684796169635,49.607528312370206],[7.457713433645414,49.60729251637537],[7.45816583779898,49.60692573010554],[7.457954918760118,49.6067655581888],[7.457231636615748,49.60663536521724],[7.4546422751482755,49.606838426911665],[7.4525969846208975,49.60655657061132],[7.4519618496637925,49.60658627068683],[7.451763691193569,49.607012816589815]]],[[[7.44194815042557,49.612352201165436],[7.443058778035675,49.613097403820674],[7.443274351246032,49.613616150634876],[7.443210443300051,49.614503637241036],[7.443813076311867,49.61508449214615],[7.446532049403502,49.61616586266632],[7.447623995648967,49.61617445972689],[7.446484661475645,49.61564418104353],[7.445182887644426,49.61533243181883],[7.44445289418654,49.61465170812838],[7.443682685848353,49.61436667713381],[7.443706116605916,49.613282847661964],[7.443572142762748,49.61299978417628],[7.443113010227719,49.612653545835904],[7.44194815042557,49.612352201165436]]],[[[7.455519230291701,49.6134869410064],[7.454388351960124,49.61407206512762],[7.454541974653543,49.61425637725577],[7.458911136752649,49.61327881458609],[7.458211988746701,49.61276887662432],[7.457583919039303,49.61269948470585],[7.455519230291701,49.6134869410064]]],[[[7.443743885373719,49.60749518472566],[7.4429338807701475,49.60790640705898],[7.443110715930465,49.60846944754254],[7.443799250341337,49.60934892962627],[7.444786886012592,49.60863047364186],[7.444906822781147,49.60834309701492],[7.444008736567295,49.608048630802394],[7.443743885373719,49.60749518472566]]],[[[7.479804129379093,49.620319023152895],[7.477969740822599,49.62062799707372],[7.477998801322038,49.6210466630995],[7.4794343899946405,49.62160400806833],[7.480355711133287,49.62046078933195],[7.479804129379093,49.620319023152895]]],[[[7.466670953061247,49.57717821046026],[7.4691345252361065,49.578185137379705],[7.46973739899641,49.5777279960816],[7.468076972787919,49.57676311984955],[7.467342850673037,49.577090278506354],[7.466670953061247,49.57717821046026]]],[[[7.436469652493752,49.59205579080709],[7.438338023419152,49.592875045228084],[7.43923503345128,49.593112413862485],[7.440521284394386,49.59398716064609],[7.441306321222995,49.59366010130134],[7.440465208859396,49.59313902837883],[7.439396074432296,49.592771265672404],[7.436469652493752,49.59205579080709]]],[[[7.447266750033446,49.605751487864865],[7.443422772693922,49.60619289559308],[7.443562171463098,49.606348462333905],[7.444324827664684,49.6065258471189],[7.446790210843159,49.60631583802135],[7.447265708886043,49.606222156373185],[7.447163973781779,49.60587229958803],[7.447290275114138,49.605844903212315],[7.447266750033446,49.605751487864865]]],[[[7.458248516941113,49.61367639196273],[7.454719693756105,49.61429730320534],[7.454290463441931,49.614457190783625],[7.456096921579635,49.614483299496484],[7.456822822313045,49.614309298575215],[7.457564365410514,49.61379790404376],[7.458248516941113,49.61367639196273]]],[[[7.440967500053947,49.59121687104685],[7.440396688962782,49.59175217589129],[7.441997522731917,49.59238377687852],[7.4421970457430655,49.59228823535538],[7.440967500053947,49.59121687104685]]],[[[7.443417337886448,49.59687311778693],[7.443927126420375,49.59780999692696],[7.444831784708827,49.5978706234365],[7.444185565439435,49.59688383474086],[7.443417337886448,49.59687311778693]]],[[[7.371926963250362,49.618081228289135],[7.369843405390193,49.6184933955231],[7.368504620969253,49.61854383003488],[7.3674871908749635,49.61872810720998],[7.366707777500052,49.618956348369856],[7.365522539415711,49.619583080841224],[7.367688542856037,49.61884614035791],[7.370962958660958,49.61838296472351],[7.371926963250362,49.618081228289135]]],[[[7.340121433281973,49.61967631953202],[7.341424062309329,49.61976819795723],[7.342028026624409,49.61960427720893],[7.341811667388193,49.619371673034884],[7.342032486759798,49.619280683136246],[7.340770871215032,49.61938431839648],[7.340121433281973,49.61967631953202]]],[[[7.47825657648611,49.62026980389414],[7.477082287068426,49.62026895770398],[7.47790395809264,49.62060138824871],[7.479723816399414,49.620298413143594],[7.478452897003272,49.620031791676944],[7.47825657648611,49.62026980389414]]],[[[7.449659569099906,49.61512896141376],[7.448350916868545,49.61543123006172],[7.448553422286458,49.615999102905036],[7.449708494943562,49.615598445749335],[7.449659569099906,49.61512896141376]]],[[[7.45281091301597,49.614024929695496],[7.452179824070893,49.61429184303817],[7.452240740626941,49.61452946480243],[7.453198219854128,49.61452125276393],[7.4530776075524905,49.61406619342728],[7.45281091301597,49.614024929695496]]],[[[7.4419928218480385,49.60890071825244],[7.442766947739169,49.610162800221474],[7.443002278495889,49.61002966218442],[7.442225812493421,49.608771364566465],[7.4419928218480385,49.60890071825244]]],[[[7.441920419432768,49.61198409557109],[7.441971927932845,49.61227897689103],[7.443429028561544,49.612769480806286],[7.442521539681638,49.61213148610491],[7.441920419432768,49.61198409557109]]],[[[7.440988920381905,49.61143199337646],[7.441315743651986,49.611916621632375],[7.441911105699894,49.612258863479084],[7.441860941977804,49.6119721857758],[7.441428825376623,49.61185119359215],[7.441112857348402,49.61149444348244],[7.4410654604374065,49.61138286758767],[7.44134413849981,49.611278966180464],[7.44118193150556,49.610851812653856],[7.440988920381905,49.61143199337646]]],[[[7.459489367928071,49.60700075306114],[7.459697016200967,49.607080425385575],[7.4610615741857345,49.6061466991053],[7.460957454952705,49.60600220119663],[7.459489367928071,49.60700075306114]]],[[[7.29215405970981,49.63941054914187],[7.292817688329419,49.639698625081984],[7.294146577807495,49.63963337396042],[7.294015147094875,49.63953024018576],[7.292905605547961,49.63956819546937],[7.29215405970981,49.63941054914187]]],[[[7.44708884408132,49.61550754775058],[7.447826672645092,49.6161039842727],[7.44800043466884,49.616082558229095],[7.447466253281693,49.615434208900105],[7.44708884408132,49.61550754775058]]],[[[7.435431509045622,49.59193983510769],[7.436309225960385,49.59200454567752],[7.435855997153382,49.59186035291541],[7.434366242764089,49.59167671893963],[7.433261164047521,49.591917181991505],[7.4328116623506455,49.59217297373914],[7.43450692881907,49.59170346700724],[7.435431509045622,49.59193983510769]]],[[[7.4741867716672585,49.67760386966365],[7.474309601011002,49.67767426486138],[7.475260507265262,49.67678277762418],[7.4751086291001405,49.6767561215829],[7.4741867716672585,49.67760386966365]]],[[[7.448588554498881,49.61608690827605],[7.449015535431588,49.616107544511664],[7.449738959509766,49.615694643531334],[7.449325935701663,49.61575994767852],[7.448588554498881,49.61608690827605]]],[[[7.438784016296532,49.7029533737118],[7.4403827246517,49.70291258093671],[7.440454976149991,49.70282915355395],[7.438830385534848,49.70287099217537],[7.438784016296532,49.7029533737118]]],[[[7.342569948794346,49.61923171133684],[7.342851311921174,49.61926152066896],[7.343399872641061,49.61905422554422],[7.34392891296982,49.61870095202036],[7.342569948794346,49.61923171133684]]],[[[7.461558993816491,49.685141949035064],[7.46179757647454,49.68526498691975],[7.461993790092181,49.68493862551208],[7.461827734715265,49.68488264766541],[7.461558993816491,49.685141949035064]]],[[[7.293200720085158,49.63984385323502],[7.293563546035181,49.63997798778393],[7.293881670918364,49.64009558550631],[7.293697534251404,49.63978445113097],[7.293200720085158,49.63984385323502]]],[[[7.345147827097555,49.616726685717204],[7.3452838769473505,49.616746756544316],[7.345326138189905,49.61646977665423],[7.345415621171989,49.61647694771403],[7.3454482416949265,49.616110551827845],[7.345147827097555,49.616726685717204]]],[[[7.310974313785361,49.6174291265729],[7.311572717528807,49.61749835112364],[7.311560255200872,49.617334977394314],[7.310974313785361,49.6174291265729]]],[[[7.310438349242374,49.61751691423522],[7.310496438800256,49.617650739539584],[7.3107242210136,49.61765375840069],[7.310723728736825,49.617469393353815],[7.310438349242374,49.61751691423522]]],[[[7.472861768301095,49.58026673037945],[7.473201954909332,49.580363177278066],[7.473212379858216,49.580291569021206],[7.472861768301095,49.58026673037945]]],[[[7.31287317981973,49.617166320785564],[7.31222599216647,49.61721485000463],[7.311955287550505,49.61727609958127],[7.31287317981973,49.617166320785564]]],[[[7.452760070167506,49.614894380811634],[7.453315294590165,49.614750071221344],[7.453323801635912,49.614716174371],[7.453259952080475,49.614733284024226],[7.452760070167506,49.614894380811634]]],[[[7.4580972119011415,49.60679141721094],[7.458220384401342,49.60688150774591],[7.45828888004347,49.60682598437028],[7.4580972119011415,49.60679141721094]]]]}},{"type":"Feature","properties":{"OBJECTID":14,"we_nr":"2332","lgbez":"TrÜbPl Baumholder - Außenfeuerstellung 201 Sien","typ":"8","plz":"55758","ort":"Sien","strasse":"Herstein","bl":"RP"},"geometry":{"type":"MultiPolygon","coordinates":[[[[7.503809064914903,49.67796626299789],[7.506676488200537,49.67822249081789],[7.507362266580112,49.67700305039237],[7.505526261954406,49.67664455273084],[7.5043987406270505,49.67679924465148],[7.503809064914903,49.67796626299789]]],[[[7.502523555081903,49.677960204268444],[7.5037415807758086,49.67795692640421],[7.50422391140475,49.67700058046523],[7.50406050426128,49.67686708737324],[7.502666521959383,49.67714653498108],[7.502523555081903,49.677960204268444]]]]}},{"type":"Feature","properties":{"OBJECTID":15,"we_nr":"2333","lgbez":"TrÜbPl Baumholder - Außenfeuerstellung 206 Heimbach","typ":"8","plz":"55779","ort":"Heimbach","strasse":"N.N.","bl":"RP"},"geometry":{"type":"Polygon","coordinates":[[[7.259696651085715,49.62405187676761],[7.262144632998813,49.6241460682519],[7.262842207156377,49.62140704514106],[7.260425586328187,49.62153011738403],[7.259696651085715,49.62405187676761]]]}},{"type":"Feature","properties":{"OBJECTID":16,"we_nr":"2334","lgbez":"TrÜbPl Baumholder - Außenfeuerstellung 207 Reichenbach","typ":"8","plz":"55776","ort":"Reichenbach","strasse":"Höhe Dicker Fels","bl":"RP"},"geometry":{"type":"Polygon","coordinates":[[[7.265787791058277,49.64674381813063],[7.266039397491279,49.64678774257418],[7.2659652253948925,49.647014328347],[7.26655066375383,49.64768247723639],[7.2678437275200904,49.64814082065681],[7.268548216010382,49.64806177674202],[7.268667908437161,49.64770179545747],[7.269440084085824,49.6470545293794],[7.269720945952704,49.647011511975954],[7.2696041604742,49.646897892033415],[7.2705447235262435,49.6459108393609],[7.269231864484408,49.64552140316227],[7.2688262302178295,49.64525296297692],[7.267062698974297,49.64526089121358],[7.266493640496238,49.64544460839639],[7.266624264521728,49.64563947726337],[7.265787791058277,49.64674381813063]]]}},{"type":"Feature","properties":{"OBJECTID":17,"we_nr":"2335","lgbez":"TrÜbPl Baumholder - Außenfeuerstellung 202 Unterjeckenbach","typ":"8","plz":"67746","ort":"Unterjeckenbach","strasse":"Lauterecken","bl":"RP"},"geometry":{"type":"Polygon","coordinates":[[[7.486911465160765,49.67644471811075],[7.490887007960206,49.675580825944394],[7.490983311850251,49.674919873125766],[7.4906770159827145,49.67502232851626],[7.488484246340203,49.673558496823034],[7.488101926050165,49.673794222115234],[7.488637772015534,49.67417006965612],[7.486253710624778,49.6750183627527],[7.486453800472896,49.67520569270011],[7.486553933881001,49.675951855744046],[7.486911465160765,49.67644471811075]]]}},{"type":"Feature","properties":{"OBJECTID":18,"we_nr":"2336","lgbez":"TrÜbPl Baumholder - Außenfeuerstellung 205 Reichweiler","typ":"8","plz":"66871","ort":"Reichweiler","strasse":"Auf dem Keufelskopf","bl":"RP"},"geometry":{"type":"Polygon","coordinates":[[[7.307422410185758,49.553482204407096],[7.304807428766362,49.552573351388695],[7.303889740414711,49.552864791678196],[7.3035651683227245,49.55385558684155],[7.303014643885613,49.55440563050109],[7.303185376790216,49.55459962807842],[7.303437465618561,49.55461495635711],[7.3034482391137505,49.55483837000423],[7.304065396087074,49.555351438262306],[7.307422410185758,49.553482204407096]]]}},{"type":"Feature","properties":{"OBJECTID":19,"we_nr":"2342","lgbez":"TrÜbPl Baumholder - Lager Wilhelmswald","typ":"2","plz":"55774","ort":"Baumholder","strasse":"Lager Wilhelmswald","bl":"RP"},"geometry":{"type":"Polygon","coordinates":[[[7.3419103733733095,49.62216833298773],[7.342319209235577,49.62194186029987],[7.341693563182815,49.62135771466284],[7.341755349308087,49.62120744396241],[7.341114148027849,49.62028718046949],[7.340713125711937,49.62012773918789],[7.340451151822198,49.62045550270095],[7.339640106071189,49.6204573993468],[7.340122737635759,49.62131881695833],[7.340574582138899,49.621695909046935],[7.340982980521614,49.621804040015526],[7.340565500171377,49.62204966075551],[7.338890480831133,49.62146866539455],[7.3387512608266805,49.622069582738234],[7.339357236469663,49.622559101814474],[7.339514661731663,49.623318975593094],[7.339832232354303,49.623619978946415],[7.341254038175504,49.62363297934902],[7.341964927162216,49.623413723661606],[7.342298209319193,49.62299804180189],[7.3419103733733095,49.62216833298773]]]}},{"type":"Feature","properties":{"OBJECTID":20,"we_nr":"2345","lgbez":"TrÜbPl Baumholder - Zufahrtstraße Frauenberg","typ":"13","plz":"55776","ort":"Frauenberg","strasse":"Frauenberg","bl":"RP"},"geometry":{"type":"MultiPolygon","coordinates":[[[[7.293745684848964,49.66609411295713],[7.293755505231667,49.66555076688303],[7.293022545536733,49.665567720883956],[7.291300369135619,49.66527360920795],[7.2904110567671525,49.66544449477486],[7.289704194029566,49.66538355519567],[7.2895736436659355,49.66560852174829],[7.289045562737877,49.665593162049404],[7.2889627784928495,49.66552700254896],[7.289478067411272,49.665551042482264],[7.289610613831454,49.665364802751526],[7.287772100211152,49.664556209811664],[7.2873652756767875,49.66415133470195],[7.286611128317575,49.66478220062109],[7.285612089432098,49.66476982985625],[7.283603915495631,49.664338904196725],[7.283373781492851,49.664676491997035],[7.285010517330621,49.66506928509279],[7.287126708290123,49.66526651452194],[7.287522699142158,49.66544293129817],[7.288476631820605,49.66552592399027],[7.289459963663331,49.66581630485042],[7.291723323819236,49.665686030679176],[7.293518725492395,49.66600846120356],[7.293525631740315,49.666253493902495],[7.293745684848964,49.66609411295713]]],[[[7.282093975961888,49.66497260104026],[7.282339230407545,49.66461599044617],[7.283179926851122,49.66464867341026],[7.2832989742875505,49.664285907558515],[7.281826338194314,49.66419342059393],[7.281504120586686,49.66442005791267],[7.281259764456324,49.66493428588157],[7.282093975961888,49.66497260104026]]]]}},{"type":"Feature","properties":{"OBJECTID":21,"we_nr":"3964","lgbez":"TrÜbPl Oberlausitz","typ":"8","plz":"02957","ort":"Weißkeißel","strasse":"Muskauer Forst","bl":"SN"},"geometry":{"type":"MultiPolygon","coordinates":[[[[14.94214533572092,51.460741070089895],[14.945382431915684,51.45895983025198],[14.94688341794099,51.45776721827425],[14.947453533736136,51.456829306927915],[14.947779878204162,51.45486296518766],[14.948179394943672,51.453796274348775],[14.951096795101831,51.45035596931081],[14.951771517016896,51.449028518734785],[14.95254846631297,51.44683097665844],[14.952518937791242,51.44591571554138],[14.951939005206683,51.44391936830834],[14.951956602304795,51.44309703804904],[14.953303630565097,51.43372384017891],[14.956640092108383,51.425278881943804],[14.956888379266445,51.42380360081195],[14.956433136436585,51.41845432435279],[14.954364155538515,51.41881215095286],[14.952247637592269,51.41852424242091],[14.95010655341793,51.41852907874437],[14.94551573561565,51.418215646614655],[14.946416694641787,51.41729429827223],[14.946733069606793,51.416735651662904],[14.946678416104909,51.41586440602408],[14.945180845474335,51.41487533954162],[14.944302486264116,51.41454221715306],[14.941879975182587,51.41404808940306],[14.93813555722769,51.41399372316358],[14.934734560714348,51.41358530365866],[14.92719411928639,51.41296780571599],[14.926119672222686,51.41273865106048],[14.923822460851953,51.41256584891663],[14.920197681424911,51.41190452217981],[14.914066204401143,51.41182469300248],[14.911952533216034,51.4123009608964],[14.909914981674817,51.41241283551261],[14.909825956833519,51.41283099705443],[14.908447465080407,51.41232961186863],[14.909083157891276,51.41236016668539],[14.909253154177357,51.41218208852902],[14.908465356825898,51.411931187157],[14.907723856847555,51.411871673210506],[14.896374703243168,51.41161708953609],[14.891981047679499,51.411715494606604],[14.890702975897067,51.411484640447966],[14.887980021472096,51.41161178631316],[14.885824074671378,51.41152135183926],[14.882579455984416,51.41179423251791],[14.879873279394001,51.411741603879726],[14.877987848563023,51.41188506370112],[14.877693505678666,51.411838826458734],[14.877689773178659,51.41169673305724],[14.876702907363585,51.41186396466981],[14.869151377131756,51.412088567411665],[14.86508918643327,51.41190647256563],[14.865073142522274,51.41181229982076],[14.860611537492215,51.41185680465699],[14.860301556735385,51.411734658441354],[14.860313360598212,51.41154599604111],[14.858693295695478,51.411558198233145],[14.852567779891952,51.411710494515795],[14.852653907666443,51.41195709684223],[14.849464084415207,51.41210851325799],[14.848730085369494,51.412251032881265],[14.845670604971058,51.412222389703864],[14.843383602953507,51.4123687917752],[14.841728070766703,51.412106847509214],[14.839503078554932,51.41201473929781],[14.835032900902105,51.412538738881494],[14.83110721010936,51.41226918292657],[14.829967911868621,51.412530700444286],[14.821892725809835,51.41264363287789],[14.818290329704741,51.41234851154973],[14.817476187460935,51.41237414981866],[14.817183737326898,51.41256419663145],[14.807486783159584,51.41267187742856],[14.806083984791504,51.41288598154782],[14.798679282396247,51.413083432017906],[14.795436174675602,51.4134430929848],[14.788492126561488,51.41341871201476],[14.788650083626134,51.414107944520765],[14.788450808549985,51.415968417287466],[14.788518146263684,51.41683258630564],[14.789334588194626,51.41954347690049],[14.78926723610787,51.419757199833754],[14.789720298726545,51.42149836262669],[14.789693798425633,51.42220224271977],[14.78931451893287,51.42323010392659],[14.789209578639662,51.423209630224235],[14.784365214043383,51.43303383210365],[14.784202201260337,51.43402615701329],[14.784456441553763,51.435504594706565],[14.784422469066326,51.43626424359303],[14.784062257213757,51.43724187994871],[14.78334230602246,51.438120417161606],[14.774438831949109,51.44603977589226],[14.736650877920502,51.46827128320576],[14.730824182204696,51.469748390192585],[14.726621017091993,51.472069709022826],[14.725617398595178,51.47275195505262],[14.727907810617545,51.47236692182082],[14.72910917166463,51.47239117565694],[14.772953505355844,51.47870145360502],[14.774497739872178,51.47957622129654],[14.778925879064667,51.48108926364346],[14.782547947376168,51.48207529296411],[14.78718205409368,51.47970929096694],[14.783424557566542,51.481644769856],[14.78280648610824,51.48208483579382],[14.783861745157505,51.48260579865125],[14.787801624840172,51.48356898947653],[14.78976816365983,51.484450028720936],[14.794492811574806,51.486023489787534],[14.79494796008157,51.48629108131187],[14.79495489777049,51.48670611670494],[14.79525272072827,51.4871381247108],[14.796176802389796,51.48770977603842],[14.796621537625773,51.486970121990566],[14.806371684634325,51.48483284486972],[14.807635935836142,51.48552349619048],[14.806982965727364,51.48611303843044],[14.807423739392942,51.486541708084715],[14.807086469614415,51.48677626986338],[14.806799525254755,51.487384036380014],[14.8073269180733,51.488060984993936],[14.808757044988983,51.48836471079496],[14.811045891247776,51.49037402345881],[14.82980950564636,51.4930670779677],[14.830587497886498,51.49262925399761],[14.833062837991568,51.4907925068562],[14.835700040137835,51.49013499543695],[14.839081432716721,51.48859588917031],[14.838545928111149,51.48751503710206],[14.837865027583579,51.48663010842474],[14.83717888808127,51.48499928579276],[14.844509040189399,51.48224054341039],[14.84438727265429,51.48060499585935],[14.850592943334007,51.48054744328032],[14.852578858814358,51.480759726133535],[14.853130932845326,51.480333489463824],[14.853857529773085,51.480014676929315],[14.854252425578792,51.4798712458078],[14.85468548810595,51.479915195952245],[14.855064298678162,51.47955731585201],[14.854825981921488,51.479410131506434],[14.856141628435617,51.47926058293008],[14.85673493962972,51.4796694722647],[14.857452274926937,51.47976495697663],[14.85788906366589,51.479523698693946],[14.858488283079634,51.479453406259736],[14.857947307733971,51.478996869810565],[14.858960108809615,51.47845244539222],[14.85891252055744,51.47834878448929],[14.860919331749608,51.478286611668366],[14.869894206616733,51.47850784942173],[14.870314584932073,51.479999203393014],[14.877447381663819,51.48055567675037],[14.879698056709607,51.480567394491224],[14.891700426561146,51.479945172972165],[14.898728225507497,51.4792581604299],[14.899877023432342,51.478913997932366],[14.91148112789756,51.47432276470625],[14.912150652160387,51.47398845975979],[14.91310411412162,51.47324569478539],[14.934173683193588,51.46397659879937],[14.940277832568082,51.46158777257596],[14.94214533572092,51.460741070089895]]],[[[14.739555009063563,51.46772211174589],[14.738898221114855,51.46738291944216],[14.739489927019541,51.466935211624005],[14.740148211561515,51.46727417053838],[14.739555009063563,51.46772211174589]]],[[[14.456382551304772,51.48050367948371],[14.456390383715767,51.480517588617126],[14.456398192770502,51.48050964829382],[14.456382551304772,51.48050367948371]]],[[[14.520349007225917,51.441314710447784],[14.520222140853281,51.44118732859974],[14.520763421626127,51.44067418770863],[14.52069531675117,51.44050975930958],[14.52010209269362,51.441199511680374],[14.52016390666667,51.44132998656997],[14.520349007225917,51.441314710447784]]],[[[14.492001862642782,51.46256545898829],[14.492021670494784,51.46273913209868],[14.492376946104867,51.462650194615264],[14.49230186760838,51.462305948785655],[14.492525194177919,51.46208093241053],[14.492493968738641,51.46184378940687],[14.492001862642782,51.46256545898829]]],[[[14.515768258639707,51.43792465733533],[14.516638940847498,51.43764790135733],[14.517370779444924,51.436872623240994],[14.515796225889444,51.43708653112717],[14.515768258639707,51.43792465733533]]],[[[14.514566274161803,51.44944911982535],[14.514940700057116,51.44952050930043],[14.51502879244716,51.449379952784916],[14.515169612351109,51.449414677676565],[14.516427932875423,51.44743189540398],[14.516011007684027,51.44733519362182],[14.515204491238649,51.448530497248576],[14.515301331422929,51.44855434834983],[14.515242657960135,51.44864830487296],[14.515128651869118,51.448642087241936],[14.514566274161803,51.44944911982535]]],[[[14.512400327315362,51.45232843961942],[14.514108724458294,51.450851737774656],[14.515053046959828,51.44959666731865],[14.514431920331264,51.4496405844897],[14.512400327315362,51.45232843961942]]],[[[14.515706636906135,51.43801185891727],[14.51574716529849,51.43914525658716],[14.516355636461345,51.439201602607405],[14.516667857616468,51.43906564633156],[14.516752170794122,51.43780710203289],[14.516388098880759,51.43797790371934],[14.515706636906135,51.43801185891727]]],[[[14.495100326331297,51.46568555570971],[14.496217823358375,51.46625402584636],[14.498210664849584,51.464725573983976],[14.497131072235902,51.464128035390814],[14.495100326331297,51.46568555570971]]],[[[14.671942244691303,51.45138662380276],[14.674476730773009,51.45819381357961],[14.674682283276342,51.458659476835244],[14.674919959534254,51.458668228080406],[14.674614264639676,51.45746432868122],[14.672371601667933,51.45142596840182],[14.671942244691303,51.45138662380276]]],[[[14.786322516385283,51.41757211481187],[14.786645427492303,51.41776517362335],[14.786652424470061,51.4179732948259],[14.787721022602963,51.41817108634466],[14.788523899074765,51.41811970144963],[14.788190757055002,51.41669060646638],[14.787402030845511,51.41651795539825],[14.7866122482173,51.41666293527945],[14.786514692075736,51.41714145811908],[14.786403256963045,51.417206436969515],[14.785532936776317,51.41728831054811],[14.78609072678745,51.41763123646343],[14.786322516385283,51.41757211481187]]],[[[14.497250752984588,51.46403790127239],[14.498260120699225,51.464675116170824],[14.49887581162202,51.46435645163007],[14.499619238486636,51.46299013008061],[14.50044675035681,51.46206210142808],[14.510779986629819,51.45377554060974],[14.508144060091265,51.455497094050486],[14.507982759497153,51.455617663461524],[14.508177820576284,51.455662164826094],[14.508102079123104,51.45574714389021],[14.507842947502947,51.455722155760604],[14.507465134959011,51.456004596228006],[14.502167725710372,51.46046151451688],[14.497250752984588,51.46403790127239]]],[[[14.473190864807894,51.47387215945011],[14.474211838755997,51.47436890124083],[14.476003945408738,51.4724113307556],[14.476717220320841,51.471886765953116],[14.477877402595269,51.47146024715752],[14.479646155745527,51.470274925238925],[14.48117291533466,51.46954066261864],[14.48010534397611,51.469560572758],[14.47679405951531,51.47092671604451],[14.475593072167385,51.4716851462199],[14.474563426781831,51.472845963052144],[14.473190864807894,51.47387215945011]]],[[[14.665620517066762,51.43939686083838],[14.666538738119392,51.44041936744949],[14.666455707735958,51.44053356196572],[14.667060947658717,51.441276156722225],[14.668634212131796,51.44374039743869],[14.668847526977515,51.44336268656903],[14.669875314647042,51.44498373906576],[14.675067117052562,51.44566369313859],[14.673443112138958,51.44302733114843],[14.672573780099068,51.441841425751655],[14.672138623598943,51.44080603091358],[14.670508342156484,51.438067415092455],[14.668792803407026,51.43579404267497],[14.668432078616412,51.43548382970057],[14.667303078662137,51.434726078047035],[14.66194013192361,51.43178260837279],[14.660751252069103,51.431002338579916],[14.659139819976245,51.43022002072613],[14.657795431864578,51.429768848340224],[14.655840373514227,51.42932254140549],[14.64980295459233,51.428673386427754],[14.650301910342224,51.42876600939987],[14.652317525024182,51.42965344122767],[14.653764392943476,51.42987574091057],[14.657067805467477,51.430910056178234],[14.65968806898074,51.431080831568416],[14.660769870551679,51.43230110629785],[14.65911234410495,51.43363964672342],[14.658594494988002,51.43391997250422],[14.65913765862966,51.4342064780809],[14.661546320384467,51.43604275171263],[14.665620517066762,51.43939686083838]]],[[[14.668780505470794,51.443344414492174],[14.668801302367934,51.443288111656685],[14.668821363544849,51.44332144756629],[14.668780505470794,51.443344414492174]]],[[[14.608412662849101,51.428460709433686],[14.60879515561565,51.42981440151779],[14.6106134535488,51.4293132871827],[14.623754487430457,51.42978084908154],[14.62262679542322,51.42928498178392],[14.620340825569937,51.42861009798806],[14.617068071648278,51.42736672844175],[14.620360418724596,51.42857169372463],[14.621982615329507,51.42901177368768],[14.624323682452445,51.42826557304231],[14.626307254228198,51.42788555877113],[14.639405876848654,51.42761072417189],[14.615474588793125,51.42511508820829],[14.608393652701055,51.423904834162826],[14.605527319970168,51.42295445598339],[14.603931429630059,51.42402307557096],[14.602617788155586,51.42472530190341],[14.597708347803499,51.42648279269391],[14.595764690870748,51.427439389709505],[14.596066305617342,51.42778692246096],[14.59655923816326,51.42763383342253],[14.596768549217753,51.42789898713854],[14.605040040522349,51.428403986663966],[14.608412662849101,51.428460709433686]]],[[[14.614985214474043,51.42638895412017],[14.615877927864153,51.426683911990644],[14.617063059947302,51.42730540528436],[14.615839193407433,51.42671972507724],[14.614985214474043,51.42638895412017]]],[[[14.697689743893589,51.46785334242952],[14.713682011622822,51.45336149473086],[14.70929721254954,51.45157725630417],[14.69532988311661,51.447074885235125],[14.692505423556096,51.4457014089384],[14.681025708808278,51.43764460699983],[14.67306322987661,51.43179492165358],[14.673312650708539,51.43112385253081],[14.672164364823441,51.431060500838285],[14.66657221653339,51.425811917767334],[14.664382844319269,51.423140118155196],[14.663485604318414,51.4224065861259],[14.658779375460025,51.41959147042187],[14.657660389026194,51.42034636795728],[14.656904964262642,51.421126659511174],[14.656069737660827,51.42155237935373],[14.652692223109014,51.42182526961885],[14.6506453245973,51.42212954175485],[14.650093699723941,51.422138489339446],[14.649252726599261,51.42188571393784],[14.648760395026267,51.421875184376646],[14.644674349565356,51.42229451806141],[14.641741020480596,51.421832011861866],[14.639345691521243,51.42177321550303],[14.629641286726969,51.42038144935977],[14.630375735828657,51.419413947024104],[14.63279385864003,51.41786573295795],[14.63477824967934,51.41610848725992],[14.636493111997387,51.415304843854045],[14.639278301705243,51.4147331737797],[14.63993076696082,51.413005875718845],[14.601760551930981,51.412882568865975],[14.596032525369385,51.4181496960999],[14.606140452491028,51.42300512740255],[14.609132349037392,51.423864300742785],[14.61763670522321,51.42517463644602],[14.641635561859495,51.42764028467587],[14.645130313742385,51.42772526044641],[14.64767489239635,51.42823082366675],[14.65470838127172,51.42893480113843],[14.658216986972947,51.42963939056993],[14.659376800938132,51.43004291330088],[14.661843572912023,51.43130407920349],[14.662104363720518,51.43131128657543],[14.6623551922125,51.431460043028636],[14.662327984039175,51.431583737730634],[14.667856723846528,51.43480773039704],[14.669364643967498,51.436005895934734],[14.670122148330963,51.436994840601855],[14.672647072744796,51.44114334170513],[14.673378525964965,51.44209885012482],[14.674005762934122,51.443371441306724],[14.67550237326563,51.44578519160629],[14.687322165027238,51.44750569766323],[14.680729236916703,51.46538319267906],[14.697689743893589,51.46785334242952]]],[[[14.783912421817638,51.43352362943543],[14.788992683109242,51.42316731937068],[14.785321647631582,51.42230936809565],[14.78169704696926,51.42116723569237],[14.777317456328017,51.41941226473545],[14.777271337719625,51.4191072092671],[14.77769904269446,51.41815938731279],[14.778729607056546,51.417649384932936],[14.779237573807059,51.41723807481151],[14.77936096998777,51.4166683936622],[14.780546428159335,51.41592123679971],[14.77558169021331,51.416597313624614],[14.774254132936765,51.41664195386192],[14.76797992978404,51.41610187975146],[14.763712596213962,51.41660499335528],[14.762562191203077,51.41621725946363],[14.7551203129281,51.42511341173081],[14.75316135319449,51.42675865292222],[14.750709745680906,51.42814655567713],[14.73631588177796,51.43419052755024],[14.734680307461838,51.43505205151876],[14.733243988458895,51.43603564700688],[14.718571946855164,51.44937019821342],[14.718365145693564,51.44975963207397],[14.717920827275872,51.45017566833004],[14.717818024973056,51.4501325930923],[14.717476116294415,51.45042539798925],[14.71421552915498,51.45335322836304],[14.69827890397277,51.46787132377501],[14.709228448311148,51.46946818919032],[14.711414406927199,51.46353378202311],[14.71202305415985,51.46222460472677],[14.715917386562646,51.4610097435258],[14.717205634460631,51.46038358302203],[14.717350340476527,51.460443907488994],[14.718116316851422,51.4602023875004],[14.719532828002327,51.459414909930594],[14.721010392253207,51.460823161747086],[14.723511915553882,51.45944160483925],[14.724392437008984,51.46013098506428],[14.723988054095564,51.46099898455175],[14.725038389478737,51.460590139419814],[14.726644928448236,51.461871713076185],[14.726877556174225,51.462448593949446],[14.727741103962037,51.462290629309564],[14.730091303358131,51.463967099192104],[14.729848747451623,51.46418097699291],[14.729196157330213,51.4655708096109],[14.727987819966637,51.466609452843514],[14.727593496387783,51.4670953712378],[14.72901127685819,51.465924831096466],[14.729952306135894,51.46419826413612],[14.730693736045628,51.463349983138905],[14.732457048100237,51.46440060252792],[14.73210626676153,51.46491354003975],[14.733819249804014,51.46616840710023],[14.73445955366725,51.4659252183621],[14.735073343754886,51.46642380894755],[14.735860993782618,51.466069536701255],[14.736447284642802,51.46651410680057],[14.735610459039753,51.467048997903596],[14.736135801004492,51.46758899703082],[14.735740334768597,51.46774315197208],[14.73596839366308,51.46828367674597],[14.736365344814146,51.468134955160444],[14.745466150907658,51.46281250217389],[14.745822559293316,51.46256302496767],[14.745871505798204,51.46219666112494],[14.74642133044771,51.46225035381612],[14.7743886331927,51.44572303151486],[14.783402352111018,51.43774793704347],[14.783947752557753,51.43692708714531],[14.78418577556534,51.43614192459785],[14.78418201431926,51.435461257545974],[14.783926424756261,51.43460158878928],[14.783912421817638,51.43352362943543]]],[[[14.736897126801146,51.457190064406376],[14.736410679193273,51.457005556528564],[14.73694085678919,51.45653063888512],[14.737291658789161,51.45666302124617],[14.736897126801146,51.457190064406376]]],[[[14.73674656466794,51.45478953083369],[14.736821715029663,51.455013533596095],[14.736447482272164,51.45526594772539],[14.735919971774296,51.45495602653581],[14.736441682748668,51.4546135424862],[14.73674656466794,51.45478953083369]]],[[[14.736659603256841,51.45385201116489],[14.736772702049459,51.4544665407513],[14.736008498050603,51.453955553082146],[14.736564700738635,51.45358706965597],[14.73677227714633,51.45372715195923],[14.736659603256841,51.45385201116489]]],[[[14.74313328809825,51.460304338334744],[14.743661423823529,51.459987116976734],[14.74431859175961,51.460414069891485],[14.74379045693263,51.460731293878894],[14.74313328809825,51.460304338334744]]],[[[14.74010111199286,51.460550635369046],[14.740860757939942,51.46040033988859],[14.741159081259303,51.46109522867001],[14.740411908419956,51.461222013764704],[14.74010111199286,51.460550635369046]]],[[[14.739366388006724,51.45800544426716],[14.740277919305436,51.45751376175505],[14.740874291958011,51.45792234842278],[14.739997285610619,51.4584704360968],[14.739366388006724,51.45800544426716]]],[[[14.551545698620542,51.45559648050344],[14.549927884895899,51.45601410309027],[14.549529375167802,51.45593886313969],[14.54600169284321,51.45695112496411],[14.545614277308902,51.458585932726265],[14.545433480578149,51.458717442119],[14.543197931365155,51.45927073901943],[14.540806771487034,51.45953796250473],[14.539002990328882,51.45944605175033],[14.53439144120652,51.458189297140336],[14.530817686087618,51.456857111081426],[14.529852007038524,51.456350914762815],[14.52845764924084,51.45517447785911],[14.52844931916322,51.45451836617991],[14.528562039765092,51.45434302332647],[14.529894571911631,51.45317883939258],[14.529250583159099,51.45187425383057],[14.528152692761408,51.4509115754832],[14.527193070153945,51.450263565895895],[14.526480698048726,51.44984788537267],[14.526078243818208,51.449828225833315],[14.526127092406744,51.44944499776402],[14.52656773581661,51.44930810346458],[14.527121336085248,51.447862409980544],[14.527133596292236,51.447373778623195],[14.52483065366999,51.44568713814429],[14.524709298461616,51.44537215831623],[14.524795372337215,51.44465081260869],[14.523754199769938,51.44256811602832],[14.522507294137975,51.44167530272803],[14.521702130555429,51.4416981747338],[14.520521400217186,51.44143500319277],[14.5216929884008,51.44175732844711],[14.521821628946132,51.44199807590686],[14.522539722421401,51.44232597848812],[14.523420828679747,51.44306029658613],[14.52331868124878,51.44321101142428],[14.523769720861422,51.443536348761654],[14.524232254418129,51.4445280401616],[14.524462906748832,51.44594470096509],[14.526556293974844,51.44739658003205],[14.526551812279893,51.447978665738056],[14.525968581979885,51.44928833564438],[14.526042888823572,51.449408885064635],[14.525941045921488,51.44982328197594],[14.525714491705108,51.45000374165988],[14.525754058900135,51.45011510300247],[14.527102338513629,51.450860842641724],[14.52847641414881,51.451910382493686],[14.528784732124047,51.45221884536767],[14.529162164680612,51.453032475677155],[14.529082844339325,51.4532919658372],[14.527773785171146,51.45442862563504],[14.52769725589544,51.45532552383686],[14.529553962196895,51.45682796858007],[14.530815011803025,51.457594825947034],[14.535645919636348,51.458935491474975],[14.53598723722353,51.459125957562584],[14.538473508927316,51.45974054376373],[14.539467863996927,51.45986082323227],[14.54063233123528,51.45993379718549],[14.543227417666051,51.459651214796956],[14.546141432073885,51.45892710353819],[14.546296616937555,51.45879157652058],[14.546572196710567,51.45740793746537],[14.546708195356395,51.4572523958397],[14.549854724302513,51.45634191062615],[14.54998126638336,51.45607434265243],[14.552453775896979,51.45559066180742],[14.551771884527643,51.459124355096236],[14.555721435472663,51.45969601727039],[14.579515416037028,51.456766145934886],[14.584560774186569,51.457425338002125],[14.6158364292913,51.45230820231561],[14.626193277781587,51.46149092503465],[14.627320498173283,51.46157928830099],[14.629053667258512,51.461237339756096],[14.630379394666805,51.46081685958106],[14.633329797131868,51.45955923710535],[14.637831057391834,51.461108949508784],[14.638824925574554,51.46130682240697],[14.640620566199607,51.462099871403346],[14.66190390825808,51.45818789950128],[14.67461124091041,51.45865685174123],[14.67117789426709,51.44946907791959],[14.670454690276133,51.448141650824546],[14.67000251519296,51.446321265694365],[14.668406112813141,51.44345918903817],[14.66700827045045,51.44129031354831],[14.666146492343787,51.4405184742782],[14.665947026824785,51.44057667761602],[14.665894163665287,51.44050187641635],[14.666115947827477,51.44044152559459],[14.665228892027018,51.43914054451683],[14.659095402777021,51.43423220657412],[14.658706348715606,51.434025817638975],[14.656358167833954,51.4335009179848],[14.656096287369047,51.43354904805693],[14.654773320483637,51.43444796200521],[14.65240536588594,51.43622250482352],[14.650575470702458,51.435967450847784],[14.647200753504473,51.435228894802435],[14.644492748842467,51.43540041733807],[14.642083096245894,51.43516890045944],[14.627157625527415,51.43717178388148],[14.610449592756126,51.43987369033778],[14.606788684884979,51.43975918675731],[14.596340033064203,51.4398903141857],[14.595336284311713,51.43923939485917],[14.574448276436762,51.43858063174843],[14.572793312883551,51.43867819985931],[14.556638419545154,51.43808152195549],[14.556352041124098,51.438236070553025],[14.555759162917965,51.43822807023321],[14.555644016864834,51.43983298181904],[14.555289787792066,51.44020958518786],[14.552434075842795,51.452321649255126],[14.553080444232537,51.45234271953391],[14.552467572223103,51.455519174909796],[14.551545698620542,51.45559648050344]]],[[[14.432467216430364,51.45647024319556],[14.431370784896727,51.45674938045734],[14.429171522231293,51.45773211911711],[14.42920334954183,51.45782753388525],[14.427293214142233,51.45898988093317],[14.426127368888237,51.459557081660215],[14.409370774989279,51.4638781764143],[14.408824148342209,51.46479207288645],[14.408046548665837,51.46768286289545],[14.408629410656564,51.46840657558008],[14.409014378281752,51.46862959936948],[14.409048110020665,51.468894868787956],[14.409413323692739,51.469446381443596],[14.412714774296145,51.47367241958439],[14.414585693742012,51.47632604083105],[14.415191511281504,51.47697948130359],[14.415280364544591,51.47716681108912],[14.415196448422284,51.47739163893814],[14.417900533734722,51.48178006564842],[14.42220289621102,51.481978884985615],[14.4369779889509,51.48326564514105],[14.440734668909444,51.48409079015735],[14.44958006061149,51.48389672719776],[14.450748666388337,51.484161845749966],[14.450500067514884,51.48337783327182],[14.453541975968063,51.48304194886866],[14.453432578234423,51.48317487752253],[14.453533090731602,51.48612386140613],[14.453715405615151,51.486379836226284],[14.453560144394695,51.48318822306405],[14.454494518952766,51.48144320835555],[14.454667066454238,51.478816062619885],[14.456463327815152,51.47914325264988],[14.45879561390616,51.478365039619405],[14.461527928776421,51.473231893104746],[14.468266613033393,51.473389174719514],[14.469760263416067,51.47139857694932],[14.469869441960784,51.471482982258756],[14.469500582925285,51.47198734047117],[14.472928991529495,51.473882843209154],[14.472734187368534,51.474085767571125],[14.474145526918349,51.473008235465386],[14.475091187011325,51.47200451274546],[14.476273761590871,51.471059783530755],[14.478663331450928,51.469961996358705],[14.480285654718298,51.46939446440396],[14.48161980383238,51.46952136410061],[14.4829934240217,51.46865335658979],[14.483952868762739,51.46838566940476],[14.484593861633815,51.4685001129559],[14.487380370966845,51.46822405711063],[14.487145553148165,51.46778046004437],[14.488219856481434,51.467576731453114],[14.489274118400687,51.46700235086847],[14.490118025423122,51.46583251459842],[14.491201033431498,51.46479819933421],[14.491724647037621,51.463086298362434],[14.49169767601953,51.46265298906038],[14.491982722239023,51.46192841891495],[14.492811257290294,51.46141772465884],[14.492909388353635,51.46152909957622],[14.493625162378862,51.461324660813105],[14.493404195683567,51.46139448977789],[14.493662413717072,51.46153804560166],[14.492940261653319,51.46165537974931],[14.492610415552305,51.46188460367317],[14.492609619644977,51.46215754856071],[14.492441624805329,51.46235029923308],[14.492518245709203,51.462662046240375],[14.492058180722887,51.46284382076979],[14.492030639274606,51.464192607157194],[14.491725882221164,51.46506519625985],[14.491234257622287,51.465577623747585],[14.49131955445516,51.4656085296728],[14.491252078400906,51.46570319988983],[14.49096371829632,51.46578435027082],[14.489519363863206,51.46751026291054],[14.487940821787848,51.46827273313878],[14.486331160274403,51.46852095360551],[14.484551062300397,51.46862509179731],[14.483969545985987,51.468519100767985],[14.48312850458933,51.46875062373855],[14.481150868880958,51.469939488809494],[14.47987647030969,51.47045722342476],[14.478033942118397,51.47169048835582],[14.476627016889884,51.472235489809606],[14.47488837796286,51.47409000211155],[14.47429397531572,51.47455492518175],[14.474923307156072,51.47510351362816],[14.475362418938387,51.4752738686384],[14.476290065114961,51.475104481597484],[14.476185891084711,51.47520242264133],[14.48050037093586,51.474382801614055],[14.479212028714745,51.47480473968386],[14.476394376587468,51.47527501061412],[14.474649996527459,51.47577845854164],[14.475251224574183,51.476401380894195],[14.474762248208746,51.47658857877357],[14.475146106414549,51.476774234463996],[14.474327787903006,51.477112502600725],[14.475065950640063,51.47692056848696],[14.47787065445084,51.47520443299173],[14.479261952586675,51.474873991855986],[14.481129327280424,51.47418649726715],[14.482843514065388,51.47303595478368],[14.48428188122718,51.471508845870716],[14.486355926826784,51.4707681182178],[14.488351571959965,51.46935038380998],[14.48887482444339,51.46876091138269],[14.489315616973572,51.46850665357002],[14.490102264481477,51.46831223833962],[14.4909995341267,51.46834509934351],[14.493024566746131,51.46714709222939],[14.496088942064553,51.46466550086187],[14.503178040249281,51.459299041510086],[14.506730680467438,51.456352056652506],[14.507511497010817,51.4554520148518],[14.509281879705012,51.45425078639766],[14.510442306321218,51.45377934712315],[14.511501430821127,51.452941387031984],[14.512842969476736,51.45135659386716],[14.512886920450333,51.45111849272092],[14.513760589556442,51.44996417190391],[14.51390374777507,51.44959588299308],[14.514208971054138,51.44946214325263],[14.514329170130743,51.44911560954238],[14.515032131485071,51.44836925243708],[14.519982125382363,51.44078233702798],[14.52007481535002,51.44033599881621],[14.520415718813874,51.440196275228],[14.523093881442167,51.43646970234562],[14.522110886467653,51.43665535552529],[14.519471692756385,51.436559649548464],[14.517726906657922,51.43682662910952],[14.517154439073344,51.43746414550883],[14.51702820960622,51.437774978929525],[14.51694599938467,51.439092770871675],[14.516332353027504,51.43943232798605],[14.515698074164868,51.43947716934268],[14.515892432761438,51.439945810961106],[14.515663989388027,51.44106876372859],[14.515454333380452,51.44148673926727],[14.510412141792282,51.44784689306672],[14.50993818166516,51.448590376068815],[14.509484251273923,51.448990288950675],[14.505703339260606,51.453587000802585],[14.504700672977982,51.45449519327993],[14.504627735166808,51.4551663349677],[14.504511053892868,51.45511471402918],[14.50423431888639,51.45570538933983],[14.502698900436265,51.45675971222839],[14.5006830809384,51.457678792213635],[14.50033336230666,51.45797561627006],[14.500600133200003,51.4581179514458],[14.499718707141422,51.458937867478404],[14.499389785406821,51.45987951295758],[14.498835188008206,51.46071611211924],[14.498394828465988,51.4604358321419],[14.497530511720297,51.46095894690744],[14.496711832984316,51.46125824584847],[14.495042323011704,51.46127323265582],[14.496423107265445,51.46125174561239],[14.497795555153353,51.46074386353255],[14.499081327294403,51.459492228516474],[14.498987343752761,51.45900763348873],[14.499190051291588,51.45892081958109],[14.499301729847724,51.45903953008465],[14.500082640714199,51.45779526701916],[14.500450466687134,51.457462831946664],[14.503051447862799,51.45629425013267],[14.5037207116142,51.45580513022497],[14.504148845983712,51.455087160708715],[14.504436037380108,51.453849491592905],[14.505361743195657,51.45230982853287],[14.50627459232291,51.45108378479992],[14.50513841482949,51.45162154776096],[14.504152346718367,51.45194640308611],[14.50333792150528,51.45241122600253],[14.502405342679472,51.452692719630406],[14.501236939921837,51.45357007405919],[14.499576888310866,51.45463349272512],[14.502369568171591,51.452663326481165],[14.503299610155029,51.45238205603164],[14.504110377428304,51.451917416434],[14.506331336204472,51.45101181948002],[14.507074224978227,51.45042002425281],[14.510710542366791,51.445910459968296],[14.51232889238563,51.44363258938782],[14.513586629005,51.44235276569907],[14.51432826373064,51.44134294904052],[14.514504091879514,51.440698059711856],[14.51447959482173,51.44013169359017],[14.514118883505873,51.43948161427896],[14.514112419229091,51.439222899565095],[14.514587058482551,51.437630179693656],[14.514551688216564,51.433664840149106],[14.51492866981885,51.43265687050746],[14.515438963205947,51.43226275218054],[14.516124987723893,51.432001322907624],[14.514890362960188,51.42954754507694],[14.514127324974597,51.42868053260488],[14.514126233521527,51.42740145551017],[14.514513485562462,51.4262156064888],[14.508909235168915,51.42607882907292],[14.509172106475585,51.422400096042324],[14.512137865640431,51.42087735726063],[14.512087816004374,51.4208167687607],[14.505866418519004,51.42400898005052],[14.503040943862205,51.426060707475536],[14.499514555111597,51.42776476153755],[14.498821263222997,51.42826018549621],[14.497064238477074,51.42665300827487],[14.498692056739023,51.42827554943854],[14.497793798048662,51.42895757086759],[14.494471824534264,51.429779621955916],[14.492841852112242,51.43062236275208],[14.491632830232447,51.431767083194835],[14.49050938006997,51.43192548109387],[14.488335046552026,51.4318596326895],[14.487964130374506,51.44032207575189],[14.474448643648088,51.44005523029116],[14.473585869309748,51.439664096514214],[14.474324067979422,51.44005579584027],[14.473637554777953,51.440034218736045],[14.474113843338284,51.44509466026279],[14.461416503545166,51.44484821768051],[14.461313959058852,51.44653633585052],[14.459565368595147,51.44649519825096],[14.459745512250676,51.445173526557674],[14.459598939535612,51.44426300590987],[14.459505202132341,51.44425632464595],[14.459648198654225,51.445174579704876],[14.459466462285707,51.446488331436534],[14.450448200586997,51.44628779872474],[14.44532963782661,51.453295207565574],[14.442840236392403,51.45336839633799],[14.439775677817641,51.453929355967574],[14.432635020827163,51.45681764745965],[14.432467216430364,51.45647024319556]]]]}},{"type":"Feature","properties":{"OBJECTID":22,"we_nr":"4104","lgbez":"TrÜbPl Klietz - TrUkft Kaserne am See","typ":"1","plz":"39524","ort":"Klietz","strasse":"Trübenweg","nr":"4","bl":"ST"},"geometry":{"type":"Polygon","coordinates":[[[12.067419488844488,52.66139035520931],[12.066240615323949,52.66108522067925],[12.06676404118218,52.65948132620397],[12.067091241744674,52.6595325312389],[12.067243605000062,52.659185811782834],[12.065511186906404,52.65894198113094],[12.065577047789777,52.65836959396372],[12.064994174120951,52.65818727088722],[12.065215004272325,52.657633409598894],[12.064210662631714,52.657407563969244],[12.063805637422902,52.657918597344754],[12.06376009014303,52.65840560557752],[12.064336711537454,52.658403130699476],[12.064332484964046,52.65795077600844],[12.064798736647736,52.65791805027184],[12.064893246602145,52.658953301568275],[12.06506072850375,52.65939140285566],[12.06501498449285,52.659575223668774],[12.064514660608742,52.66003337146666],[12.064123811713426,52.66109170552936],[12.063822836567333,52.661526902592094],[12.06364519651648,52.66222560508437],[12.063679040544832,52.6623995595044],[12.064039985422665,52.66272211953289],[12.064043200493078,52.662882162976686],[12.064297359039802,52.66291400509477],[12.064507059064836,52.663659189789854],[12.064493207941455,52.664090319840696],[12.06467055963307,52.66436936192206],[12.065627728941495,52.664343281175135],[12.06619022702302,52.66362706490715],[12.067419488844488,52.66139035520931]]]}},{"type":"Feature","properties":{"OBJECTID":23,"we_nr":"4110","lgbez":"TrÜbPl Klietz - Außenfeuerstellung C1","typ":"8","plz":"39524","ort":"Klietz","strasse":"Scharlibber Heide","bl":"ST"},"geometry":{"type":"MultiPolygon","coordinates":[[[[12.107064790571679,52.703963969943175],[12.120197318305918,52.7044277290726],[12.120162655912345,52.70644019172155],[12.123706646252614,52.70640872640256],[12.128461469476298,52.7054823605904],[12.128620922235879,52.70410682029656],[12.12885181082352,52.70352434070442],[12.120217454042995,52.70325743354447],[12.120215315154304,52.70338176986119],[12.109537334221283,52.70204187935985],[12.108979471446617,52.7020841595625],[12.107064790571679,52.703963969943175]]],[[[12.08043990952621,52.70398968357474],[12.082039721012547,52.70588942507475],[12.091222579224151,52.70481690489965],[12.090759978293798,52.703184981792596],[12.08999488406452,52.70289342137573],[12.08043990952621,52.70398968357474]]],[[[12.10882306487416,52.7020938406954],[12.090824277905215,52.7031810196222],[12.091560047530338,52.70571735288795],[12.106897332026263,52.703984486962064],[12.10882306487416,52.7020938406954]]]]}},{"type":"Feature","properties":{"OBJECTID":24,"we_nr":"4111","lgbez":"TrÜbPl Klietz - Außenfeuerstellung C2","typ":"8","plz":"39524","ort":"Kamern","strasse":"Frau-Harke-Sagenpfad","bl":"ST"},"geometry":{"type":"Polygon","coordinates":[[[12.105096093100363,52.72741476383639],[12.105822158225509,52.72577588426037],[12.105587176015126,52.726257424230106],[12.091576192052642,52.726020117750565],[12.091910788444876,52.726470586086755],[12.092886803509641,52.72728910056776],[12.09321930413231,52.72720019103093],[12.105096093100363,52.72741476383639]]]}},{"type":"Feature","properties":{"OBJECTID":25,"we_nr":"4114","lgbez":"TrÜbPl Klietz - TrUkft Kaserne im Walde","typ":"1","plz":"39524","ort":"Klietz","strasse":"Im Walde","bl":"ST"},"geometry":{"type":"Polygon","coordinates":[[[12.07665998206641,52.64770095704503],[12.074628785207528,52.651535328812734],[12.073882291494554,52.652417239741304],[12.074398380811855,52.65219358353553],[12.0746596926432,52.65237484059499],[12.075183764390145,52.6524110620528],[12.076307953866099,52.65161024072238],[12.076895620945269,52.65207851790491],[12.076632506195148,52.65267726644907],[12.077043043466553,52.653002681852115],[12.079514962787044,52.652673705689075],[12.079508160743721,52.65250165916291],[12.079841321628125,52.65235806773815],[12.07992049105243,52.64865921444515],[12.077400572949688,52.648201669039594],[12.07665998206641,52.64770095704503]]]}},{"type":"Feature","properties":{"OBJECTID":26,"we_nr":"4118","lgbez":"TrÜbPl Klietz - TrUkft Am Ring","typ":"1","plz":"39524","ort":"Klietz","strasse":"Am Ring","nr":"1","bl":"ST"},"geometry":{"type":"Polygon","coordinates":[[[12.068930393168847,52.66912550510944],[12.067858206266376,52.66919467514634],[12.067776909631474,52.6693868460667],[12.068915742544883,52.669680459536224],[12.069113297347222,52.669376886394566],[12.068911437818024,52.66932880505546],[12.068930393168847,52.66912550510944]]]}},{"type":"Feature","properties":{"OBJECTID":27,"we_nr":"4119","lgbez":"TrÜbPl Klietz - Technischer Bereich ÜbdTr","typ":"0","plz":"39524","ort":"Klietz","strasse":"Am See","bl":"ST"},"geometry":{"type":"Polygon","coordinates":[[[12.062554727101377,52.65968925556413],[12.061301558415218,52.660910194200135],[12.061099529104434,52.66159802921738],[12.061389024679519,52.66217781880784],[12.061930108721297,52.66272409509893],[12.06219449638417,52.66387078824653],[12.062861489194542,52.665284970913305],[12.06276128302287,52.6652904227416],[12.062852961487529,52.66577611978419],[12.06270409088199,52.66676567545533],[12.064307111150526,52.66540010529779],[12.064578710488533,52.665053371366795],[12.064686372677013,52.66439429582296],[12.064493207941455,52.664090319840696],[12.064507059064836,52.663659189789854],[12.064297359039802,52.66291400509477],[12.064043200493078,52.662882162976686],[12.064039985422665,52.66272211953289],[12.063679040544832,52.6623995595044],[12.063648731387126,52.662122045111715],[12.064514660608742,52.66003337146666],[12.06501498449285,52.659575223668774],[12.06506072850375,52.65939140285566],[12.064893246602145,52.658953301568275],[12.064798736647736,52.65791805027184],[12.064332484964046,52.65795077600844],[12.064336711537454,52.658403130699476],[12.0638882968021,52.65844881947488],[12.063745735064778,52.65832769916249],[12.063880193998212,52.65778651663684],[12.065254284006448,52.65646901265831],[12.066137596527131,52.65585409162336],[12.068459507974927,52.65679782403718],[12.069812890019234,52.65692456874644],[12.071496499948555,52.65377011016228],[12.071792596344345,52.65349862587545],[12.071535724885454,52.65338691948046],[12.073052317342169,52.652722175379225],[12.073804942955299,52.652132098941244],[12.074362016110848,52.65146414875532],[12.076146319098669,52.648254929453465],[12.076360755041867,52.64714220917226],[12.076177534656512,52.64640658026105],[12.07677288682292,52.64366365752257],[12.077218334422927,52.64270926703605],[12.077188559762828,52.64255376278653],[12.077937302857302,52.64202775439717],[12.07783163672537,52.641897695944195],[12.078030690815934,52.64178844935752],[12.078051929684179,52.64156280096568],[12.077723044780528,52.64147326103075],[12.077295441315332,52.64166293193249],[12.076321575020755,52.64135318497797],[12.076030775990182,52.64170048412026],[12.075122449880416,52.64192852911924],[12.074144975053335,52.641648527225016],[12.073641480116306,52.64190983570889],[12.074075744589315,52.64232171683313],[12.073892441558927,52.642373709994615],[12.07492811374171,52.643321220232686],[12.075490743875605,52.644336690206345],[12.07519536613206,52.64440201046085],[12.075057749620393,52.64398739306811],[12.07477658502126,52.64410204993401],[12.074695298267827,52.644311656018516],[12.074354091173387,52.64640204500951],[12.074347637676404,52.64764708498754],[12.073852062286923,52.648954414707404],[12.074034922447844,52.64922835410282],[12.074054978234877,52.649665540792746],[12.073461225968,52.65004829049183],[12.072697235768189,52.65128335932481],[12.07164961778877,52.65233717223069],[12.07117102325309,52.6523087491365],[12.070876665995716,52.65209488650432],[12.06962875694556,52.652719460397904],[12.069090350781629,52.65286333619293],[12.068387967942336,52.65380470053489],[12.067364595492412,52.65396582128528],[12.066852049130597,52.65419058609708],[12.066200773244443,52.654917883948166],[12.065299761217712,52.6551337348378],[12.064325042421924,52.65602422483225],[12.063973908045293,52.656198861099796],[12.063318536739807,52.65627706392751],[12.062687829578728,52.65679478563398],[12.06230966309857,52.658039128127896],[12.062292202544386,52.658672494901204],[12.062550600240945,52.65931882762881],[12.062554727101377,52.65968925556413]]]}},{"type":"Feature","properties":{"OBJECTID":28,"we_nr":"4123","lgbez":"TrÜbPl Klietz - TrUkft Barbarahäuser","typ":"1","plz":"39524","ort":"Klietz","strasse":"Berthold-Schwarz-Str.","bl":"ST"},"geometry":{"type":"Polygon","coordinates":[[[12.075199281888375,52.65565111207072],[12.074548083257339,52.655086021457336],[12.074128198117071,52.655429588893746],[12.073085970927668,52.65493230390283],[12.072871259201694,52.65509867796801],[12.073537177626969,52.655471624883155],[12.072031895857977,52.655968299970674],[12.072676982351794,52.656605124229785],[12.075199281888375,52.65565111207072]]]}},{"type":"Feature","properties":{"OBJECTID":29,"we_nr":"4145","lgbez":"TrÜbPl Klietz - Außenfeuerstellung C3","typ":"8","plz":"39524","ort":"Klietz","strasse":"N.N.","bl":"ST"},"geometry":{"type":"MultiPolygon","coordinates":[[[[12.096860319709796,52.686064217747735],[12.096582185128138,52.68470355981297],[12.096760591441882,52.68468941596942],[12.096187002759857,52.68200728567742],[12.096004773216235,52.681836606624486],[12.078254342575626,52.684204928430795],[12.078533137419015,52.68613233069556],[12.079985730301646,52.688804116288495],[12.080508315336793,52.68910750489434],[12.081225981214008,52.689065805087644],[12.081291669620837,52.68948029938557],[12.096917210016752,52.68823404889555],[12.096701999725788,52.687471784427025],[12.096860319709796,52.686064217747735]]],[[[12.112459729910736,52.696628778070625],[12.112761871070063,52.6965898287351],[12.112705553888254,52.69624336245691],[12.112459729910736,52.696628778070625]]],[[[12.110371417267759,52.691614103977244],[12.111276528307116,52.6967782800665],[12.112329748180668,52.696645269900465],[12.112680683131279,52.696095094456425],[12.111812817141919,52.69122593041159],[12.110371417267759,52.691614103977244]]]]}},{"type":"Feature","properties":{"OBJECTID":30,"we_nr":"4460","lgbez":"TrÜbPl Baumholder - Zufahrtstraße Baumholder","typ":"13","plz":"55774","ort":"Baumholder","strasse":"Bahnhof Baumholder","bl":"RP"},"geometry":{"type":"MultiPolygon","coordinates":[[[[7.302887655342076,49.61968507776402],[7.303456288917009,49.61960294912616],[7.303762229051696,49.619102195920824],[7.304119822315192,49.618896487788085],[7.3057280330494585,49.61850799545186],[7.305978778896441,49.61864623536431],[7.305971162979448,49.61884151876752],[7.306454601231144,49.61863490220646],[7.306200104917845,49.618440262244654],[7.306365613220761,49.61832634865372],[7.309571413009345,49.61754131544776],[7.312386077340007,49.6170485769031],[7.313811754001766,49.6170741423744],[7.3142950952353765,49.616821912798954],[7.314917926866366,49.61670383458888],[7.3184386553323275,49.61624197025888],[7.320321806239106,49.6156251015405],[7.309910445282445,49.61731239020144],[7.303573792149461,49.61893401975],[7.302887655342076,49.61968507776402]]],[[[7.324548713824763,49.61399745525052],[7.323564992113197,49.61423530195572],[7.320088502081702,49.615644833498294],[7.320894380723207,49.61542643819413],[7.324548713824763,49.61399745525052]]]]}},{"type":"Feature","properties":{"OBJECTID":31,"we_nr":"4543","lgbez":"TrÜbPl Todendorf","typ":"8","plz":"24321","ort":"Panker","strasse":"Todendorf","nr":"0","bl":"SH"},"geometry":{"type":"MultiPolygon","coordinates":[[[[10.57298958858476,54.36190893265984],[10.571028029126717,54.36108908212516],[10.570170109284156,54.36100768408486],[10.570170250319666,54.36110094661801],[10.570950370668694,54.36115896256213],[10.573426250661289,54.36220960337174],[10.573536592524277,54.36214199162153],[10.57407402491442,54.36237168583129],[10.574006873151985,54.36255122485719],[10.573111943618036,54.36255997203832],[10.572447829009864,54.36275374371047],[10.572039333609096,54.36304263328815],[10.57135986409777,54.36387790683371],[10.570453177413375,54.3642488690609],[10.572069729903355,54.365387515339556],[10.572036043080194,54.36691066294782],[10.572760013334076,54.36717771327756],[10.572738536412267,54.3673554356963],[10.570401980628688,54.36798008787934],[10.5690859909581,54.368682215268905],[10.567015377821171,54.36942714083967],[10.565815452281953,54.369838865210234],[10.56490955701333,54.36906243776494],[10.56142598556245,54.37038266375859],[10.5608133345386,54.37006871576023],[10.55777872938866,54.37111892877634],[10.556528756908307,54.37077191579543],[10.556599285437898,54.37058118415041],[10.555712416487005,54.370303758337265],[10.555188991527071,54.36991847904454],[10.554506014992874,54.36979935390813],[10.554325936914367,54.36933537035887],[10.551629301330593,54.36948061517536],[10.552020674842046,54.3699475930506],[10.551814764809235,54.37138292238877],[10.551441976542698,54.372338635276954],[10.549439273346323,54.3744981006228],[10.547327390706899,54.37568510002197],[10.547968766260308,54.37707490628517],[10.556235006013738,54.374573960494885],[10.556284910122733,54.374686859202704],[10.556521432943804,54.37464315450533],[10.562566896279078,54.37271761043797],[10.569875506786705,54.370627270019895],[10.56994041365926,54.370783112374205],[10.57080232741155,54.370614160197405],[10.580251846922016,54.36841719478567],[10.580690468224148,54.36821381261636],[10.593753944259127,54.36543661118434],[10.594584264262894,54.365122201963544],[10.59438032782874,54.36490285355676],[10.597729694569397,54.36377317367402],[10.599008921585332,54.36353411748977],[10.600278421643324,54.36288335943978],[10.601959783987809,54.362376421117126],[10.601729521525943,54.36209388527659],[10.60010700332417,54.36266241211009],[10.59869663844644,54.36085147644405],[10.59836215344528,54.360789014577364],[10.596880945627605,54.36098976770076],[10.596151547752761,54.360805903556916],[10.595598536778951,54.36107988657811],[10.593958558921324,54.36114938545386],[10.59325038913496,54.35931438821195],[10.591639969443431,54.358522215599535],[10.590614359290138,54.35776380608534],[10.589514200646375,54.35803711632859],[10.587318756719236,54.35811890081315],[10.586554491634981,54.35829934517043],[10.586329379214643,54.35679637405669],[10.586020207839898,54.35605780017991],[10.585827876740913,54.355898058468306],[10.583980517409993,54.35641539202097],[10.582736148620366,54.357386681594775],[10.581857746291018,54.357601526940975],[10.581343074515235,54.357586852494755],[10.580913772335828,54.35796501108649],[10.58118436286576,54.35803807008141],[10.580912203877363,54.35893923567023],[10.580329334700123,54.35960303973239],[10.577694391816788,54.359899604177414],[10.57737051771578,54.3600744776061],[10.577487032801425,54.360161492935674],[10.576689299184604,54.36057079039379],[10.576686728206244,54.36069464166248],[10.576124258870795,54.360873132786246],[10.575845122667605,54.36069783825494],[10.576408435521097,54.360397805536536],[10.57621288216519,54.36019787655104],[10.57298958858476,54.36190893265984]]],[[[10.57273836034247,54.36248988619166],[10.573062180544552,54.362406468474354],[10.573041515699751,54.36240784347008],[10.57273836034247,54.36248988619166]]],[[[10.548424516638296,54.368797152838304],[10.55010896020419,54.36882798781608],[10.550160462416054,54.36855404286831],[10.548653887971405,54.36809165712584],[10.548424516638296,54.368797152838304]]],[[[10.559362806882799,54.362670393524944],[10.560076578563265,54.36264654505899],[10.560053886220883,54.36242426647358],[10.559567084676754,54.362319460517234],[10.559296269568014,54.36261066189538],[10.559273499072184,54.36324389513261],[10.559107829970854,54.363704895078335],[10.559162560727854,54.363972160430116],[10.559639725145589,54.36450458244287],[10.560496366685479,54.36467309813427],[10.561719334011785,54.36714513587954],[10.562947437006533,54.36671959045922],[10.562482511236224,54.36629932446739],[10.563407701418834,54.36597717083652],[10.563861172770954,54.36637779796189],[10.565602436575231,54.36568464094384],[10.564735445544944,54.36515026791126],[10.559777355131978,54.36442760643273],[10.559429613692183,54.36423910006707],[10.559206551227323,54.36381613678144],[10.559374857782364,54.3632582252557],[10.559362806882799,54.362670393524944]]],[[[10.574773551111113,54.35500980591438],[10.573397922288784,54.35525422261775],[10.573631685485303,54.35545491641158],[10.572178967736878,54.35655526185692],[10.57345821810897,54.3576959807708],[10.574807475089505,54.35821594825718],[10.574498248019207,54.35790878873873],[10.576383843241855,54.35767640511488],[10.57483140890361,54.35671551193141],[10.574621217500164,54.35636174519833],[10.574808204521517,54.35633258229967],[10.57456119207287,54.35598492245582],[10.574888125835725,54.35557036895014],[10.574773551111113,54.35500980591438]]],[[[10.575419008609131,54.35139772220571],[10.575489503901062,54.351574027600414],[10.575687151229905,54.35153853109027],[10.575594127088964,54.35134210708947],[10.575419008609131,54.35139772220571]]]]}},{"type":"Feature","properties":{"OBJECTID":32,"we_nr":"1112","lgbez":"TrÜbPl Bergen (NATO) - TrLgr Hasselhorst","typ":"1","plz":"29303","ort":"Lohheide","strasse":"Petkusstr.","bl":"NI"},"geometry":{"type":"MultiPolygon","coordinates":[[[[9.91408702185972,52.8161998835094],[9.91321294132524,52.816678677799956],[9.913722946353134,52.81707928551967],[9.9152956772269,52.816917861504244],[9.915598231611291,52.816390870886785],[9.915382343990583,52.81630247377184],[9.915481453319266,52.81620944484242],[9.91414876576416,52.8158449318528],[9.91408702185972,52.8161998835094]]],[[[9.922006007060249,52.811983530288614],[9.921532509565502,52.81202467986619],[9.921623596040405,52.81244286283152],[9.922248976191826,52.81241039675695],[9.922006007060249,52.811983530288614]]],[[[9.91646585864879,52.812321043526794],[9.916476194664428,52.81273411545886],[9.917015138919218,52.81264795822948],[9.917054969320596,52.81229016173937],[9.91646585864879,52.812321043526794]]],[[[9.913753315697944,52.81401062654553],[9.913282688320523,52.81365828000241],[9.91255354107567,52.813809364818525],[9.912774597602512,52.81423662490831],[9.913072328932087,52.814355902223],[9.913542904207244,52.814242869836136],[9.913753315697944,52.81401062654553]]],[[[9.918616588034332,52.8149166462356],[9.918460609958258,52.81465131070812],[9.917493174702805,52.81458397607328],[9.917507771427843,52.81481079128792],[9.918152781564872,52.81486881478143],[9.918522678154519,52.81521542413768],[9.919311081868782,52.815234157953626],[9.919290841028815,52.8149224643194],[9.918616588034332,52.8149166462356]]],[[[9.91641163005,52.81286848792669],[9.915496050942634,52.81518535988881],[9.915850830682688,52.815450831145775],[9.915969874525828,52.815429550005526],[9.916959590695294,52.812897644863824],[9.91641163005,52.81286848792669]]],[[[9.915456157659195,52.817147527285954],[9.915341645816644,52.817521159874644],[9.915655738162524,52.817495531102345],[9.915873385582847,52.817219703924756],[9.915606105344752,52.81705360816803],[9.915456157659195,52.817147527285954]]],[[[9.913834745283516,52.81766666871125],[9.914931354683613,52.81783269860609],[9.915346161647587,52.81704164248225],[9.914478402557716,52.81698917530001],[9.914148745102928,52.817324077392186],[9.91406450918039,52.81759586472519],[9.913834745283516,52.81766666871125]]]]}},{"type":"Feature","properties":{"OBJECTID":33,"we_nr":"1103","lgbez":"TrÜbPl Bergen (NATO) - Scheibenhof","typ":"0","plz":"29303","ort":"Lohheide","strasse":"Blücherstr.","nr":"0","bl":"NI"},"geometry":{"type":"MultiPolygon","coordinates":[[[[9.931857588237436,52.79968404095343],[9.932534751773447,52.79951078712878],[9.9322976854716,52.799425059920395],[9.932394165431443,52.7993512308657],[9.93200359501386,52.798808135136596],[9.931997008566208,52.79862146340622],[9.932537919233146,52.79846136237003],[9.932148837323956,52.79792034990205],[9.932100708285992,52.79714203613374],[9.932216851469072,52.79714106985869],[9.932219474549695,52.79659853531929],[9.932996624170089,52.79667250212154],[9.93411701916227,52.79715857252466],[9.93392444282321,52.796493943163135],[9.934084991527449,52.79637258105389],[9.933873935046364,52.79601729205517],[9.932493600848572,52.79635885524878],[9.923333911984805,52.79639896858971],[9.922745237894189,52.795805861934646],[9.92209846346596,52.79580285221292],[9.922051787902099,52.79919918877326],[9.922733341504895,52.79945262473404],[9.922726808956133,52.800243726136785],[9.924439587182746,52.800924565947554],[9.924426180725428,52.80208459127898],[9.923375434812181,52.80210313741222],[9.923418920458447,52.80277365391929],[9.923590895733101,52.803156900950974],[9.924470102952952,52.80300362524447],[9.924429318540723,52.802146517595716],[9.925565335235698,52.80239442781234],[9.925407551545923,52.80259648641862],[9.927406776465505,52.802268898727746],[9.928205240412664,52.80072925968232],[9.931843131649577,52.80072428532365],[9.931857588237436,52.79968404095343]]],[[[9.921505785584113,52.797248516367716],[9.920896332562698,52.797941903583144],[9.920981709345615,52.79804521966862],[9.921223911315904,52.798099590625455],[9.921682728542283,52.797552742929724],[9.921734679911797,52.797356855555925],[9.921505785584113,52.797248516367716]]]]}},{"type":"Feature","properties":{"OBJECTID":34,"we_nr":"1098","lgbez":"TrÜbPl Bergen (NATO) - LgrÜbdTr Ostenholz","typ":"1","plz":"29664","ort":"Ostenholz","strasse":"In den Gehren","bl":"NI"},"geometry":{"type":"Polygon","coordinates":[[[9.738415107953509,52.771772313568555],[9.73520614519681,52.77353043576165],[9.735796829717,52.77421730257521],[9.735932445680529,52.77465277178635],[9.734111945976627,52.77486609098384],[9.734452537725055,52.776132245507824],[9.736697017988625,52.776076326606],[9.74112373335138,52.77518490542223],[9.741038969219483,52.77234366198093],[9.738415107953509,52.771772313568555]]]}},{"type":"Feature","properties":{"OBJECTID":35,"we_nr":"1108","lgbez":"TrÜbPl Bergen (NATO) - LgrÜbdTr Hörsten","typ":"1","plz":"29303","ort":"Lohheide","strasse":"N.N.","bl":"NI"},"geometry":{"type":"Polygon","coordinates":[[[9.89589445211431,52.7863028173273],[9.901103503071601,52.787278448477494],[9.902450735249447,52.784112988218844],[9.903202332291599,52.78423651053359],[9.904130470744953,52.78195006570695],[9.903459451685523,52.78175222645326],[9.904074856944039,52.78031401956239],[9.904894879559677,52.780271907012725],[9.905265414851492,52.77944380135679],[9.904822593027065,52.77908342334161],[9.904366954938482,52.77902272592153],[9.904362279207422,52.77878930770841],[9.903326811840543,52.778041104033186],[9.90289926317257,52.77820664731955],[9.902565487840485,52.777928858624605],[9.901782067979418,52.77835260182448],[9.900263642959525,52.77811209687808],[9.898034422377684,52.77935544159665],[9.897304845738116,52.78183301197433],[9.89697893964794,52.78247252073426],[9.895696228067067,52.782260633030354],[9.894818261420642,52.78467349912106],[9.895001668655595,52.78513760300162],[9.896018421420171,52.78585122769078],[9.89589445211431,52.7863028173273]]]}},{"type":"Feature","properties":{"OBJECTID":36,"we_nr":"1093","lgbez":"TrÜbPl Bergen (NATO) - Brigadegefechtsstand Hörsten","typ":"0","plz":"29303","ort":"Lohheide","strasse":"N.N.","bl":"NI"},"geometry":{"type":"MultiPolygon","coordinates":[[[[9.904645400337236,52.77848952416865],[9.905925354988518,52.77540105435767],[9.90479122565398,52.77543131186239],[9.904490452628798,52.77528193373881],[9.904614193762596,52.77386910829822],[9.901386634981181,52.77689988116143],[9.902883369280255,52.77734624812129],[9.904536217300969,52.77851989798526],[9.904645400337236,52.77848952416865]]],[[[9.90705736070575,52.77733172566053],[9.905808013452845,52.77644607245056],[9.905664041360545,52.776564413889474],[9.905599421050598,52.77671375555062],[9.90572539359952,52.77673398349151],[9.905121980850057,52.777910589096464],[9.906617552729118,52.77812198827671],[9.90705736070575,52.77733172566053]]]]}},{"type":"Feature","properties":{"OBJECTID":37,"we_nr":"5039","lgbez":"TrÜbPl Bergen (NATO) - Scheibenhof Fallingbostel","typ":"0","plz":"29683","ort":"Oerbke","strasse":"Scheibenhof","nr":"MPBW 2","bl":"NI"},"geometry":{"type":"Polygon","coordinates":[[[9.721797823890515,52.84268544647741],[9.72285715051137,52.841452056178504],[9.721450502862297,52.84099515290653],[9.721813429423626,52.84057342574912],[9.71868313842461,52.839437200396986],[9.717136943784306,52.84118415063969],[9.721797823890515,52.84268544647741]]]}},{"type":"Feature","properties":{"OBJECTID":38,"we_nr":"1123","lgbez":"TrÜbPl Bergen (NATO) - Außenfeuerstellung Nr. 7","typ":"8","plz":"29664","ort":"Walsrode","strasse":"N.N.","bl":"NI"},"geometry":{"type":"MultiPolygon","coordinates":[[[[9.685901783834272,52.77295501177093],[9.675356322371986,52.774488114375096],[9.671415864174254,52.77521693465929],[9.680938239749224,52.78317900140977],[9.687450573707425,52.77972896048557],[9.686654509160412,52.77673374384717],[9.686523920169206,52.77449338682163],[9.685901783834272,52.77295501177093]]],[[[9.671238994877944,52.77872126927289],[9.67007767084477,52.77908326739105],[9.671412033757896,52.78123666936341],[9.679271563063025,52.7839857992263],[9.6806772108872,52.783317712422146],[9.671215353914627,52.77526336040946],[9.6704525557792,52.775440224614265],[9.671238994877944,52.77872126927289]]],[[[9.674909790505412,52.78631746881449],[9.679155335438287,52.78412311133747],[9.67912592459588,52.78403211293596],[9.673803964390526,52.78217024416864],[9.67242477913799,52.78307429222699],[9.672583586907187,52.78388477788049],[9.672385441013388,52.78501187632865],[9.674909790505412,52.78631746881449]]],[[[9.683096454796049,52.784431111202075],[9.679267155029935,52.784202607510444],[9.675042825609147,52.78638660694719],[9.683096454796049,52.784431111202075]]],[[[9.680879342605953,52.78334973458804],[9.679648346137656,52.78408627049841],[9.683328920825293,52.78431955598577],[9.680879342605953,52.78334973458804]]],[[[9.684021158990065,52.78168437412836],[9.681099678683921,52.7832865025101],[9.683913855229392,52.784400664360085],[9.688235056275458,52.78209949538455],[9.686057528348368,52.7822258716166],[9.68609460182015,52.78258720379289],[9.684247829987433,52.78288087919639],[9.684021158990065,52.78168437412836]]]]}},{"type":"Feature","properties":{"OBJECTID":39,"we_nr":"0595","lgbez":"TrÜbPl Jägerbrück","typ":"8","plz":"17358","ort":"Torgelow","strasse":"Pasewalker Chaussee","nr":"7","bl":"MV"},"geometry":{"type":"MultiPolygon","coordinates":[[[[14.218300691472095,53.62375000115255],[14.218428582822483,53.62374958665167],[14.220173239563598,53.619019301638474],[14.221895473456861,53.618109451514904],[14.221809918807518,53.61805777634966],[14.229629534167941,53.614317219758],[14.233584528903574,53.61196873898017],[14.23188050475941,53.598269240432685],[14.231675413091818,53.59776486756821],[14.231811948930176,53.5974952816733],[14.232323950912951,53.59721729060851],[14.226152281466746,53.597590536924585],[14.226359588379845,53.599407257335166],[14.21468289375146,53.600337264595545],[14.213168192248403,53.60019557462077],[14.211459384575363,53.60037329764961],[14.210614769680513,53.6003258413727],[14.207979060534255,53.59983566124768],[14.205677580369283,53.59976141336028],[14.200840100461326,53.59932695603963],[14.200335113422586,53.59895389245558],[14.200062290579199,53.59848787073694],[14.199379093059452,53.59822718369089],[14.198832637092263,53.597763903180415],[14.198449893695726,53.597621941752145],[14.198379295097528,53.5974232212867],[14.197293834688441,53.59634562316315],[14.197103044200176,53.595609662863104],[14.197220421668469,53.595266772937315],[14.197810392926328,53.595217866120805],[14.198300378998136,53.595328584261075],[14.198804258414121,53.595015868863705],[14.19700949274814,53.5945701469513],[14.195540734682009,53.594456019479765],[14.194629541149839,53.594446960241314],[14.19414745845593,53.59463176896137],[14.19224457156235,53.59472549201612],[14.191011533223417,53.59501555324475],[14.188522227010603,53.595276298494774],[14.187256486402061,53.595014097772086],[14.1849783282985,53.59499713751348],[14.18466642335032,53.595118402253206],[14.183910316765473,53.595808054920944],[14.181833401048506,53.59682014028309],[14.180912337726328,53.597111728362776],[14.18068200339923,53.5972853338182],[14.18057691578233,53.59775270583159],[14.179701401536649,53.59825945486455],[14.178252133318914,53.59805024702081],[14.17815280030972,53.59832005594117],[14.177698762120633,53.598276379162094],[14.17673395443739,53.59862692495615],[14.175508889544894,53.59841468720824],[14.17314720159465,53.5989275801686],[14.17258310720685,53.59885302842214],[14.170980517231325,53.59900052558375],[14.167933166784161,53.598452217238794],[14.165013925977982,53.598194407646865],[14.164087036182863,53.597862101627726],[14.16287611077298,53.59792566359781],[14.161875796279793,53.597771693983105],[14.15505284555755,53.59770371073159],[14.155980189001905,53.596052888370714],[14.158718094088142,53.59537705591076],[14.159617019328483,53.594882039277806],[14.158353037621257,53.59311985092381],[14.15868125328004,53.592783694434864],[14.159595852325436,53.59266630980216],[14.160043854734091,53.59183261435278],[14.160774934255137,53.59143392208951],[14.163223050017203,53.59150276212717],[14.146835743650158,53.589020575236844],[14.14436801586879,53.5892091567154],[14.143388262914137,53.59133875586192],[14.143935614501663,53.59152788790518],[14.1478171000976,53.59200962984805],[14.15034666880146,53.59376914061168],[14.150790858760033,53.594260980449285],[14.151266243615217,53.59447621988983],[14.152261270624624,53.59431493942737],[14.153351146253343,53.59446205523897],[14.153209711901745,53.59476998177782],[14.152442930636353,53.59541648500145],[14.153633614307964,53.59585571033236],[14.153514825586369,53.59627260705623],[14.155334057767398,53.59675002302729],[14.15486382654703,53.59770282577522],[14.154028280144951,53.59775700159642],[14.152762989592356,53.59733483425941],[14.152077788829512,53.597258987439],[14.150349963821913,53.59721889314427],[14.148101554327305,53.59655601711217],[14.147151164604344,53.59641451384216],[14.145582559692645,53.59649001245097],[14.144313072211077,53.59687161273512],[14.14311198964173,53.59698766622439],[14.141002921424116,53.59681310046746],[14.13859288345032,53.59720251059854],[14.137913566652568,53.597447534284036],[14.13654386311786,53.59736030042578],[14.134812163676447,53.596181365933745],[14.132775855403583,53.59607878607626],[14.132077610204519,53.596209310760926],[14.131452177052468,53.59657922065188],[14.130005806799836,53.596535876872956],[14.130219283342301,53.59527436374102],[14.127607306787532,53.59526004101609],[14.126694154928055,53.595391709140024],[14.125993586685663,53.595718569995924],[14.124218710618388,53.5968097983377],[14.119740586468568,53.599036850311805],[14.129691965083913,53.59867217293395],[14.12713174855754,53.59888641594398],[14.119528652333452,53.59911373666127],[14.119400807695445,53.59923007345754],[14.119375990837394,53.59963280595095],[14.116490559923578,53.6029104921715],[14.115043976770231,53.60343361437109],[14.113792694546177,53.60429678309743],[14.113814343944528,53.60452024441658],[14.114129973307842,53.604972183971846],[14.114431773107373,53.60708752059373],[14.114062859274652,53.60788286363105],[14.114504657917985,53.60881835504247],[14.114500490633382,53.60907895487576],[14.114258117983145,53.610621908530014],[14.114360897828101,53.61179597141241],[14.1136307435718,53.61393994489211],[14.11213500011449,53.61483178527276],[14.111569383082312,53.614788521504714],[14.108447352990602,53.615259897390075],[14.106931048893092,53.61522887922814],[14.10109025232228,53.61577575483558],[14.097293221837806,53.61715589574913],[14.096359217385604,53.61761294071334],[14.094302797630185,53.61948076171702],[14.094016962689905,53.62001531289509],[14.092602329916229,53.62183147587051],[14.09203365232387,53.62237472552604],[14.09126204800373,53.62260639048703],[14.090407192314634,53.62254304254448],[14.085278778628842,53.62343328771838],[14.084079567250248,53.62432399627198],[14.082383448280575,53.62475415437743],[14.081719869966637,53.62529521726964],[14.081677015836,53.625993886828574],[14.081481070814624,53.62632915840039],[14.08043403494349,53.62689062414359],[14.07986280254245,53.6274394598922],[14.076513888552698,53.629911700575796],[14.07579597384212,53.63011624611478],[14.076276337160618,53.63033239594396],[14.073861223705423,53.63132999291392],[14.073299061593813,53.63198623900979],[14.07132202596004,53.63334353748887],[14.071175685908658,53.63413761575161],[14.069464016203131,53.63412408866254],[14.069497323038918,53.634667478901946],[14.068961065645142,53.635977456535336],[14.069580864563731,53.63678607402658],[14.06949994072966,53.637503201403355],[14.06977042436007,53.63805515808178],[14.068867798959086,53.6387236859867],[14.068945724216746,53.63946894374666],[14.068281011330573,53.64057363030624],[14.066399434272178,53.64092269439623],[14.065545903598133,53.64092109618158],[14.065201169717891,53.641340690159325],[14.064399946146214,53.64171668911571],[14.06271578914289,53.641883183830146],[14.061997503428112,53.642083356644825],[14.061590882811355,53.64225084949683],[14.06123507450029,53.64270974435928],[14.059796214163427,53.643677289539106],[14.060220719339199,53.64404396824733],[14.060868992157356,53.64432383441111],[14.061060765402543,53.644814815579714],[14.06133407782778,53.645104420458665],[14.062214796912247,53.64532440155768],[14.063568053192393,53.646024184152694],[14.06458561983061,53.646270360723555],[14.064647704196547,53.64639347988706],[14.064906330065206,53.64639178816117],[14.067412311704642,53.64730551314298],[14.068129109809295,53.647688255971005],[14.068776566058823,53.648822323048655],[14.06951443055521,53.6498015920171],[14.069796976763248,53.6506036281904],[14.069854178785596,53.651473423451996],[14.069338321233612,53.6530581214347],[14.068963975288375,53.65550621210833],[14.070420170415264,53.65785800771679],[14.070563040274692,53.658395729960134],[14.070473416257098,53.65895320182363],[14.070949473950407,53.65894174069236],[14.070824208375601,53.658553487041644],[14.073408398242016,53.65857212845161],[14.07491754725828,53.65871739840189],[14.07723752283663,53.65928235587878],[14.078009331972677,53.65924490386576],[14.076666310198528,53.65771153222909],[14.075836582184548,53.65757616904845],[14.076960321604556,53.65511595167862],[14.077963514299912,53.65631096397181],[14.079925043215221,53.65752833680557],[14.082006276235438,53.659497941060096],[14.082031568302286,53.659201711706785],[14.081834689931329,53.659198224413686],[14.08029256106602,53.657665956236],[14.078000640772292,53.65615116857692],[14.077021027954816,53.65498163268466],[14.077682343412565,53.653495471127776],[14.078914157347787,53.65335677380718],[14.079984147869357,53.65252762198356],[14.080411578858008,53.65073960263539],[14.083064781796113,53.651183781914526],[14.082808337036976,53.652750459080174],[14.08475937003653,53.65332367319227],[14.084000899085854,53.65872791203629],[14.084283559379923,53.659675450689896],[14.085818322059897,53.65985875495747],[14.085809306567727,53.660967684381426],[14.091283022767293,53.66442267613168],[14.091610870116797,53.66433642852811],[14.092821296961723,53.665364767438696],[14.093697250483581,53.665784375288496],[14.094545589793633,53.66543568889795],[14.09809578210263,53.66772664788734],[14.104957130413345,53.668146134823346],[14.105345370601123,53.6684419612287],[14.106329397739902,53.66840427572966],[14.112701924195449,53.66962491718262],[14.113964015847312,53.67004395840205],[14.115793469059652,53.67041779407256],[14.119237236160274,53.6689215315268],[14.112677556495045,53.66551989041156],[14.11200400598313,53.66598904867616],[14.113830625909054,53.66691397400378],[14.11321009037195,53.66734620575658],[14.10632067959007,53.663856313163116],[14.101336766205938,53.667237746800765],[14.098527852889728,53.66579257774213],[14.104816632106289,53.66148095457],[14.102670440111222,53.660364827377165],[14.10280526735393,53.66026841700279],[14.10082630752881,53.65921400533104],[14.103877005997052,53.657109181770366],[14.104966339941654,53.6568989654562],[14.108323508550574,53.65468596467109],[14.11238438950539,53.65676519728055],[14.116362715285605,53.65851574372414],[14.117475513225433,53.659149216496225],[14.118644469345247,53.66012824242462],[14.121640159477053,53.66166094753932],[14.122290522674856,53.66271671600733],[14.122844241521111,53.66293792315817],[14.122415293277925,53.6632970979989],[14.122643985484697,53.66412784186621],[14.124572175224856,53.665102210950685],[14.123402191432362,53.665919950555164],[14.123396278721167,53.66607505285588],[14.12374365364831,53.666252156362766],[14.124649427644357,53.666044084814196],[14.126365931184434,53.66695232878679],[14.124981520431911,53.668034387753],[14.124406358799803,53.66895980678039],[14.127258937425363,53.6695940927823],[14.128910271784832,53.6702539686606],[14.134768009683608,53.67339904313934],[14.148082493873588,53.67575410324546],[14.149223224927198,53.67269793693301],[14.150223029177303,53.673096187188236],[14.149141441405403,53.675865639875596],[14.151503380883934,53.6755069297455],[14.152322161129552,53.67320975090836],[14.15342827111209,53.67297240842993],[14.152652471659568,53.67529915718857],[14.153508172663363,53.67511068392762],[14.154427260590227,53.67269253764331],[14.155381921802384,53.67242652997035],[14.154703846476353,53.674970590642594],[14.158462173945143,53.674985265740546],[14.15872510094737,53.67431265484694],[14.158954624994053,53.67426334628493],[14.161089905153345,53.67250742343354],[14.160682586545608,53.67489862788554],[14.163744069288809,53.674694760321955],[14.16415165020463,53.67384990900853],[14.164571668295569,53.67388222402484],[14.164188220619872,53.67466382947885],[14.166349277037915,53.67451202664223],[14.165723748664474,53.673217190938054],[14.165731935909957,53.672594412110726],[14.165095999655605,53.672518897372896],[14.16516611406187,53.67211395126027],[14.164308504138107,53.67204742184477],[14.164106482013834,53.67187377997984],[14.163980612771146,53.671410514025496],[14.166517508134469,53.67182786114973],[14.165798993349297,53.67166963701363],[14.16594578525328,53.67125548937062],[14.168901050298969,53.67173987892217],[14.168065298182684,53.67261998348979],[14.17112860001434,53.672377217072125],[14.174792131864445,53.66582683897603],[14.17621656615615,53.66504589244224],[14.177619731935211,53.66214260494874],[14.18224416469538,53.66050999000955],[14.18351565092849,53.658794049391],[14.18352731375584,53.658396486947666],[14.182840618196362,53.657637524516815],[14.18377420762687,53.65741776309818],[14.183909298075928,53.65645070884967],[14.184346346428045,53.6556035080679],[14.186003072475826,53.654096462910225],[14.186964870802893,53.65248354765189],[14.188082233981001,53.6519376949858],[14.18860686537837,53.65218866553786],[14.188880576655588,53.65144349569339],[14.190679898576649,53.649117357028935],[14.191598920926522,53.6483025277428],[14.192478632101244,53.64786716302097],[14.19067588580228,53.64758008933928],[14.189898629282366,53.64669973600249],[14.18657071700562,53.64656172134226],[14.18896595254021,53.64030322217263],[14.189067993071651,53.64032131618402],[14.18899017112026,53.64023850599482],[14.191130005738033,53.63467841559084],[14.193065852717687,53.63393855734798],[14.194437676276479,53.63262159015518],[14.195488952195747,53.63105157785979],[14.200968030439256,53.627591514341226],[14.20945723563953,53.62474176919182],[14.21276833145414,53.62298025319172],[14.215935375226408,53.62169727036485],[14.220100339481636,53.619052084967976],[14.218300691472095,53.62375000115255]]],[[[14.112551804931645,53.65561250095072],[14.112563765101367,53.65560002260657],[14.112570335379338,53.65560768242254],[14.112551804931645,53.65561250095072]]],[[[14.098494316983547,53.6614953453274],[14.098751847805842,53.66106187822953],[14.099600330846323,53.66123697153208],[14.099462123243235,53.66164553109832],[14.098494316983547,53.6614953453274]]],[[[14.169384429261822,53.67123035514582],[14.166165143065912,53.67063649997548],[14.166365165540347,53.67010264274368],[14.169962746675536,53.670622522654554],[14.169384429261822,53.67123035514582]]],[[[14.117067686171206,53.58772092971653],[14.12240767197105,53.590340196023156],[14.126439631665312,53.58741594006032],[14.125300728683328,53.58687187475156],[14.12508364181173,53.58705465776238],[14.12261757052374,53.58584164808482],[14.123208111313527,53.585173412886604],[14.123475840709236,53.58431705633306],[14.126999528225774,53.58488292413636],[14.12742934693648,53.58378206651941],[14.1233769865021,53.583101524545704],[14.123473994671336,53.58244517698606],[14.121016119612001,53.582081081685],[14.121868617223516,53.57988308514288],[14.12082415861892,53.5801435696446],[14.119630337132046,53.57923705519075],[14.119320052744662,53.57865193372766],[14.116855851749103,53.57872030390923],[14.11749971743243,53.57749642087878],[14.11318062293569,53.57674991235167],[14.113871128250295,53.57610091693674],[14.11259890539863,53.575544612517014],[14.11489496243426,53.5742256509474],[14.109368304921711,53.5712443968225],[14.104414861493728,53.57064160951223],[14.102990262810286,53.5694190087153],[14.101987589341183,53.56927344345591],[14.10223948952327,53.56876205020767],[14.096657412245916,53.5675974394626],[14.097159536353802,53.5666524431438],[14.09608935898264,53.56583917044377],[14.094592938195651,53.56407236600057],[14.092325440399549,53.562115644428815],[14.090878226628872,53.5615695620721],[14.086897732315567,53.56050862613718],[14.084914007826201,53.559485305070844],[14.082322686234763,53.55761000389101],[14.081899736042732,53.55742258344793],[14.067022865977759,53.55448130633496],[14.06770807662207,53.557367675555966],[14.068804191050434,53.56348855151078],[14.068945778115635,53.563481392498566],[14.069069882168794,53.56405657082589],[14.068926808391794,53.564073587785515],[14.069199385995141,53.56573729371851],[14.071749114690599,53.5788065767646],[14.071702856843322,53.58033127448165],[14.071467420983739,53.58121203092953],[14.063932148461948,53.59543413336883],[14.06258831730575,53.597507055914015],[14.06035828195194,53.599342361681884],[14.060397214038053,53.59955121768895],[14.05968911881188,53.60024985386002],[14.051592039012966,53.606809047935464],[14.051072291755817,53.60695401706303],[14.050920874426442,53.60688945386417],[14.061365002331431,53.59828420825337],[14.062720575366727,53.59692778720803],[14.063815773513483,53.59520643298336],[14.068157480402597,53.587081941009195],[14.066966587423526,53.588277279202835],[14.048853492529606,53.60317650734044],[14.048751418760501,53.60335751358222],[14.052152382036155,53.60480243343467],[14.05011523473683,53.60650249579648],[14.05094724447164,53.6068580063582],[14.049014424814475,53.60846443484506],[14.051391673382074,53.60948089635868],[14.050790130026739,53.60998999357926],[14.052250879612112,53.610620948699264],[14.049342723118253,53.61296941544523],[14.049748015126738,53.61317307693574],[14.049541687377307,53.61332602904439],[14.04917664079186,53.61316845872874],[14.048589234224112,53.61354214923276],[14.04467683849758,53.61656412631303],[14.044517166549074,53.61722176580999],[14.043643165066305,53.618043333998436],[14.041317000993951,53.61852176249351],[14.042151386772684,53.61914200481156],[14.041974341406577,53.62103515304149],[14.038552502182009,53.6204908631329],[14.036405635552187,53.62736685872721],[14.033440022812734,53.632513004022826],[14.034070154153703,53.63323004370779],[14.034075213465389,53.63393416246193],[14.035316739985465,53.63365215427325],[14.036319108027387,53.633769297709044],[14.036764075927014,53.63395941640532],[14.03877265500367,53.63540834701221],[14.040248063297883,53.63727183232289],[14.040783813143529,53.640722346718015],[14.041145409299926,53.64070224085386],[14.041172543811424,53.64087373180288],[14.040811118334906,53.640894234343214],[14.041048321180645,53.64241166041364],[14.043515880977054,53.64290997449272],[14.04375586680357,53.6424836099572],[14.044711966218452,53.64267428209786],[14.04503916678098,53.642095010880716],[14.045861029146305,53.64226080966465],[14.0452444965021,53.64335884103656],[14.044596079055212,53.643236462817775],[14.044294605344128,53.643371765536045],[14.043863280158723,53.64328757462551],[14.043668998817237,53.64306769366907],[14.03935638746192,53.64221136187899],[14.039090067522855,53.64268506653517],[14.037556740350677,53.642377690617735],[14.037814253206696,53.641900170528295],[14.035556598251192,53.641483276837725],[14.037208000882606,53.64409070175663],[14.039953158966473,53.64757962927948],[14.050201021151526,53.6530037311863],[14.05462072157021,53.65479294768279],[14.055184394648137,53.655161703452464],[14.056747078763799,53.657047496536315],[14.056941873043293,53.65706046475275],[14.057050205375008,53.657667908893075],[14.057488085567034,53.65858525590028],[14.059000380483434,53.66087510747681],[14.058891201938753,53.66089911299708],[14.059540111662416,53.66207038021563],[14.062807293334378,53.66129931069156],[14.062521236510184,53.660433267084485],[14.062906085557753,53.6603469501003],[14.062793962335551,53.660007958574724],[14.063453882709673,53.65985335561942],[14.062833404664747,53.658943491536064],[14.064138968488155,53.65872987262923],[14.067493733205373,53.659306330366526],[14.067648255112351,53.658414283071465],[14.069270846975988,53.658080612751526],[14.069484055820482,53.6581455240708],[14.06935958345808,53.65835679139687],[14.070149218762602,53.65893291354308],[14.070278934591327,53.65818622541591],[14.070174051790332,53.65790219141669],[14.068634881077234,53.65536188138674],[14.068924002953159,53.65302355646365],[14.069462420795183,53.65176718129771],[14.06949625134878,53.65065681503108],[14.0692698318797,53.64998572298281],[14.067851756761911,53.647794429807895],[14.067264268447463,53.647462221744846],[14.06538699970918,53.646809951770024],[14.064829464819587,53.64690454733262],[14.06448691474382,53.64676970909441],[14.064729174206322,53.64650750109749],[14.064437969137227,53.64643569739867],[14.064307802354225,53.646695544791235],[14.064118520137324,53.64656000619357],[14.064123854333488,53.646330006306314],[14.062079388459544,53.64541360672009],[14.061205545978595,53.64518909392105],[14.060921425922178,53.64490662153583],[14.06073963834966,53.644414981648],[14.060035249572348,53.64409736199243],[14.059610444359274,53.64369458065193],[14.059644643222146,53.64352952665276],[14.061121053137889,53.642614781520706],[14.061443021912186,53.64217162339554],[14.061984137394997,53.6419507657866],[14.064271403517228,53.64160853752236],[14.065038789348801,53.64124958740372],[14.065393868227856,53.64083356228172],[14.068060330299554,53.640539480087924],[14.068716360070146,53.63952647662424],[14.068667262648312,53.638710009645514],[14.069562052045047,53.63808564764542],[14.069310272237171,53.63749699070919],[14.069374003215026,53.6367392338898],[14.068779945520937,53.63594605199861],[14.06930217033165,53.63466091891125],[14.069277177403798,53.634122572750485],[14.067848465334714,53.63411161834015],[14.067777185813513,53.63357512253276],[14.064383736945215,53.63292441845979],[14.064870587896655,53.632062913564596],[14.065196230780483,53.63191125342639],[14.065310130870309,53.631687899235274],[14.069863423348194,53.63166193706904],[14.07076420810116,53.630746706567365],[14.073142197778868,53.62892282093748],[14.073578990111109,53.62911992931607],[14.077081657049993,53.62703735534148],[14.078034671650206,53.62678458094333],[14.078784552910136,53.626806749813284],[14.079299400755747,53.626973525529806],[14.080170738733688,53.62691513647036],[14.081373849698917,53.626193269865134],[14.081505687348356,53.625309727463744],[14.082061885544801,53.624788714284286],[14.08292163615391,53.62441302741444],[14.084122338735854,53.62415448868354],[14.085070519501553,53.62337917360025],[14.090207169840165,53.622439148366816],[14.091170341691296,53.62248276286463],[14.09186898574237,53.62229439330524],[14.092303163078824,53.62192090174815],[14.093892395106046,53.61989471052998],[14.094109817947562,53.61946264544597],[14.094776241226008,53.61875282464549],[14.096170440021904,53.617553465531905],[14.098371738269726,53.61661124942038],[14.09935426252703,53.61635698235036],[14.100893101761798,53.615716242428704],[14.102044711413457,53.61552511165537],[14.106982774785465,53.61511518005529],[14.108407443537482,53.615155841939334],[14.112085944015156,53.61469488026363],[14.113522676243095,53.61384316244017],[14.114170569073877,53.611760737370524],[14.114086867648949,53.61052986274325],[14.114299653386944,53.60908281725613],[14.114296754523545,53.608827693138096],[14.113827103614836,53.60795931122864],[14.114229216485525,53.607072862360454],[14.11396814360604,53.605083831708],[14.113547379913411,53.60437530851034],[14.113591317412286,53.60422212249556],[14.114817387519569,53.603345510700976],[14.116146982175131,53.60278118540369],[14.118295494518572,53.600388450233986],[14.11754014431518,53.60007463790287],[14.116679989464206,53.59869531827037],[14.115596349041873,53.598317693248724],[14.116688537832452,53.59747361878906],[14.117271485163107,53.596144075924975],[14.118603217809062,53.59585066266142],[14.118625031599116,53.59534633449412],[14.118172616665785,53.594875742339084],[14.118078156118683,53.5935056232293],[14.117067686171206,53.58772092971653]]],[[[14.042125933907423,53.64567336189795],[14.043729187737936,53.64602203712765],[14.043199051464521,53.64696492631434],[14.041848932101304,53.646603915788354],[14.042125933907423,53.64567336189795]]],[[[14.057155628063493,53.6544681694194],[14.059190177435006,53.65421306296665],[14.059728182052002,53.65426130678389],[14.060740496240788,53.65498099435724],[14.0576733145854,53.65551635707446],[14.05682498336019,53.65475477083019],[14.057155628063493,53.6544681694194]]],[[[14.060849509495469,53.65650562062667],[14.060909295970903,53.65507452545899],[14.061647546742842,53.654906802437615],[14.062143574883228,53.65497126452122],[14.062256474249855,53.654750835964826],[14.063666107000618,53.65511895643949],[14.065159802299046,53.655336615766764],[14.064638595279577,53.65723150748764],[14.061498217098187,53.656954529320494],[14.061316592120775,53.65668389082607],[14.060849509495469,53.65650562062667]]],[[[14.047345357711297,53.64820084176749],[14.043081566198376,53.64737370035935],[14.048267913135158,53.63838044677438],[14.052198170064516,53.639154653832435],[14.054393525956737,53.63981714355623],[14.053677015312989,53.64106562013001],[14.05398002424488,53.64140175238646],[14.05495203102683,53.6415977176613],[14.054294144438536,53.64274382838338],[14.055667566998526,53.64302850503507],[14.054296215055246,53.645441729843824],[14.056027988158554,53.64566614970775],[14.056596887634793,53.64665125882253],[14.057184440627934,53.64688004129337],[14.057162113001537,53.647002879655346],[14.05662764954337,53.64698179488427],[14.05626676125942,53.647132732049116],[14.056326197391883,53.647283349185535],[14.056022786913056,53.647483411706254],[14.054277241738147,53.64699766078009],[14.05134672617683,53.6464378885994],[14.051044458355044,53.64698117667014],[14.048332003439118,53.64644006702026],[14.047345357711297,53.64820084176749]]],[[[14.026893458550662,53.59668430495412],[14.026847277060208,53.596528637622676],[14.026429594589022,53.596364859849395],[14.026354212461946,53.59657170152072],[14.023360408792243,53.59654385182879],[14.021114375341558,53.596754301834274],[14.016360695673212,53.59747210369288],[14.016189457017113,53.597325237729244],[14.015427249973142,53.597515044014244],[14.015333518858082,53.59780666408196],[14.01388917789966,53.59804867916823],[14.013773988727399,53.598383969599745],[14.013281893411307,53.59865685234235],[14.012674252291804,53.598568729112806],[14.011455176467324,53.59922250362185],[14.011187611463283,53.599169442767305],[14.010789349670219,53.598790333589626],[14.009608041715246,53.59852639119456],[14.00538098411094,53.5983433635323],[14.003587395237991,53.59902369899399],[14.000073647580072,53.59960201193128],[13.999611473349505,53.599879511264426],[13.999840259879338,53.6000435392854],[13.998624427871379,53.60064130062057],[13.998850617371735,53.60090880667312],[13.998345841437114,53.601658645002864],[13.998022500935381,53.601595919152516],[13.998020092552098,53.601144690823645],[13.996713480394742,53.60162900599471],[13.995551403573371,53.60258222268534],[13.996066787713184,53.602996711921605],[13.995804186799404,53.6031387453714],[13.99519012362392,53.60312899717781],[13.995147273086568,53.60348129103047],[13.994935583293195,53.603733378260365],[13.99454221282686,53.60378257744679],[13.994769582713504,53.60411196282041],[13.994169894379207,53.60458043408192],[13.994327936783778,53.60505240417802],[13.995240397838817,53.60541574298995],[13.994841406613743,53.6058175311895],[13.99430748573802,53.60581780088944],[13.993484647802276,53.606228669694],[13.993300976462645,53.60722661206159],[13.993481486630792,53.60801606309393],[13.993221826801241,53.60878009393141],[13.99334868329244,53.609418223695755],[13.994317943924562,53.609627625194584],[13.993832508718018,53.60984605707742],[13.994814583817673,53.610038151553226],[13.994798638721392,53.610875639361744],[13.994080707841164,53.61130720557322],[13.995132766193038,53.61177855104581],[13.99505371354972,53.61197699986843],[13.995233877866484,53.612140799183734],[13.995955326549344,53.61234663206266],[13.996068633751118,53.612627156177425],[13.996846847875105,53.613111379119275],[13.996182081090042,53.61344988226032],[13.997430562367013,53.61371153370757],[13.997152691890035,53.61413297836317],[13.997483323118612,53.61423846450035],[13.99843823136744,53.61416806760874],[14.00270851320829,53.61693301869971],[14.004589926773317,53.61784187216884],[14.004927216314778,53.61821717739823],[14.005335431441186,53.618154519833546],[14.005907101321775,53.61784368706296],[14.008428826834876,53.61902500033206],[14.009997146082297,53.620767948693945],[14.01261521231636,53.62307123183796],[14.012414968856373,53.62472182566303],[14.012801662145181,53.625178028463154],[14.015687605997043,53.62435849579538],[14.015018835420747,53.62318402729195],[14.018796877316737,53.623950572222896],[14.019442808226929,53.62349049402689],[14.025483291302294,53.62171512300483],[14.026897109303968,53.620936028091485],[14.039359108458896,53.61065137015291],[14.03793314343793,53.610193445602555],[14.038974219885487,53.60886177255956],[14.039773659402996,53.60887586576172],[14.040962334441632,53.60931748804349],[14.060405113822661,53.59332410558781],[14.059137073526985,53.592738373504],[14.053620302872458,53.59188637275745],[14.045543841205962,53.59041331942464],[14.044822759035716,53.59091423006438],[14.043355739209636,53.59391267712795],[14.042639473805961,53.594780623849005],[14.041183910194697,53.595321678547215],[14.039475411542124,53.596887738446966],[14.03917808355608,53.59782447618025],[14.038937116769299,53.59947180585108],[14.037501435570231,53.60081020857782],[14.035504504947838,53.6018532735465],[14.035394415511464,53.60177878559941],[14.037357197576592,53.60078593856199],[14.038796005811191,53.59945445556515],[14.038834327042878,53.599270832734675],[14.030794750201972,53.59951678531607],[14.029813106293627,53.59977631241803],[14.029019392637718,53.599816572738696],[14.029003543661158,53.599244525442884],[14.027340276081445,53.59823295129536],[14.027814407786812,53.59776090499513],[14.028002594059055,53.597437314041194],[14.027981397411608,53.59716260337293],[14.026893458550662,53.59668430495412]]],[[[14.028940377723645,53.59952211135154],[14.02895271788071,53.599509787530316],[14.028958291028735,53.59951742128452],[14.028940377723645,53.59952211135154]]],[[[14.018624901143788,53.623805771731114],[14.018676839936875,53.62371577870905],[14.018910015635226,53.62376503506523],[14.01884682454486,53.62385252713082],[14.018624901143788,53.623805771731114]]],[[[14.035875982572406,53.6028142222776],[14.036105778808643,53.60237120469914],[14.037217685619682,53.602533560476445],[14.037038263311356,53.6029875111269],[14.035875982572406,53.6028142222776]]],[[[14.065558600386344,53.56966382542551],[14.06664940936465,53.570147558861954],[14.06573108949734,53.57211818503722],[14.065035116137603,53.572643588582906],[14.062705906776454,53.57346169863735],[14.06401640235076,53.57457035928388],[14.069869639689943,53.58077382401137],[14.070841173059756,53.58197077520754],[14.071442481056518,53.58040162271465],[14.071528149791929,53.57865933124464],[14.069161597464365,53.566437713389185],[14.068960735963442,53.565699616190884],[14.06850712896573,53.5655739242453],[14.068445758760449,53.565416859738576],[14.068597147343716,53.5651487757826],[14.067953613138718,53.561901729327005],[14.063986395027014,53.56108591726682],[14.060744921341856,53.56711637525937],[14.06167887009847,53.56703837170038],[14.062595165163156,53.56745905508174],[14.063530782989577,53.5676136312954],[14.064485430726982,53.56733864190734],[14.064637754456463,53.56748399829751],[14.06532994770548,53.56761812057882],[14.064992697689888,53.56771949609952],[14.065206511100564,53.5679422951935],[14.066401824689152,53.56820267241889],[14.066312494420675,53.569108075404216],[14.066502683936015,53.56929202616938],[14.065558600386344,53.56966382542551]]],[[[14.06612912222001,53.571460473106384],[14.066258624249695,53.57142114221914],[14.066522843927611,53.571462791425034],[14.066418286316734,53.57169639738376],[14.066155832726677,53.57165601104829],[14.06623417570092,53.57147732972316],[14.06612912222001,53.571460473106384]]],[[[14.063724872989882,53.57394288108786],[14.06402713721841,53.57343397506772],[14.06645993221331,53.573856219054704],[14.066206286604597,53.574374390496054],[14.063724872989882,53.57394288108786]]],[[[14.168900151085374,53.595493684492254],[14.17006936951324,53.59594054342113],[14.169745218731126,53.59612664590272],[14.16943550028238,53.59671928501607],[14.17078396584714,53.59691786964942],[14.171954056539157,53.59669801677506],[14.172988814236993,53.59618680647855],[14.173272147369223,53.595501812654284],[14.177582184152959,53.595998931079116],[14.177649461679522,53.5958390964128],[14.175912749638803,53.59533365438607],[14.175955706177415,53.594222547804186],[14.17147877319361,53.594262221088606],[14.170522635151157,53.59450463181497],[14.169206949111121,53.59516920662382],[14.168900151085374,53.595493684492254]]],[[[14.085979169004807,53.664010708221745],[14.08481775603842,53.66568358945874],[14.08875232218619,53.664116930910176],[14.085944627883809,53.662216969371165],[14.085979169004807,53.664010708221745]]],[[[14.128643749724823,53.67366916402309],[14.130142474690567,53.67388445371003],[14.13000660180887,53.67324127670135],[14.130223376965041,53.672749532417015],[14.129167577130024,53.672569303696285],[14.128643749724823,53.67366916402309]]],[[[14.130248604353167,53.672699927209145],[14.131428996924896,53.67291615152684],[14.132019708394562,53.672061580694276],[14.13125413985482,53.67162708768017],[14.130248604353167,53.672699927209145]]],[[[14.08867396663552,53.66396488248563],[14.089234881885524,53.664327882480066],[14.090111805587917,53.66376355630808],[14.089558198132735,53.66340478677943],[14.08867396663552,53.66396488248563]]],[[[14.218368765804351,53.62380947506242],[14.227514886514086,53.62517581111819],[14.227566966342685,53.62514826531218],[14.218428582822483,53.62374958665167],[14.218368765804351,53.62380947506242]]],[[[14.056177752587768,53.6582170730668],[14.056339755664444,53.65831360418363],[14.056744204154887,53.658120466136104],[14.05662243751811,53.65805854548874],[14.056177752587768,53.6582170730668]]]]}},{"type":"Feature","properties":{"OBJECTID":40,"we_nr":"1122","lgbez":"TrÜbPl Bergen (NATO) - Außenfeuerstellung Nr. 6","typ":"8","plz":"29308","ort":"Winsen (Aller)","strasse":"N.N.","bl":"NI"},"geometry":{"type":"MultiPolygon","coordinates":[[[[9.882489508473501,52.730765486820964],[9.880975030650955,52.73444156900762],[9.883123180973332,52.73486043537563],[9.884706322422927,52.73106705847282],[9.888970351989379,52.73155223849777],[9.887445800459247,52.735285819421655],[9.890536805435962,52.73545829281139],[9.89784733654165,52.735067562685984],[9.899624738671498,52.733758274017305],[9.901268140906996,52.733012875690164],[9.902253990727488,52.73243969374279],[9.902591264997566,52.73204496830814],[9.903761055652286,52.73144745735496],[9.902828101330691,52.731117972897906],[9.901828404878406,52.73052746559568],[9.898888352802068,52.72955923538592],[9.897178963919036,52.729227732004254],[9.891463086173317,52.728434422182524],[9.888033151331438,52.72829854088784],[9.884710492402489,52.72783248727085],[9.883172557771228,52.72775922764815],[9.870382996032744,52.725904269941296],[9.869226906482726,52.72817265929522],[9.872706124697737,52.73282877311601],[9.87307034573142,52.73289982010225],[9.874402487110823,52.72967448324662],[9.882489508473501,52.730765486820964]]],[[[9.87324697427924,52.72018685275681],[9.87042577739982,52.72581888245872],[9.883185132388567,52.72767507655495],[9.884666858534167,52.727747181903226],[9.89030275298191,52.723180601111714],[9.886827128028054,52.72444544952239],[9.886728174107903,52.72438350129606],[9.890230928183373,52.72310877875108],[9.889682994487526,52.72258446818095],[9.88878576436814,52.72244992561351],[9.888919395054886,52.72146184243627],[9.881480256641556,52.721097355858845],[9.881582825382393,52.72116159181651],[9.880467407056868,52.7221679371788],[9.87324697427924,52.72018685275681]]],[[[9.856555845106637,52.73110382613968],[9.856982029233686,52.73117847545087],[9.857215663971122,52.73166250427563],[9.85718327251861,52.732017982546814],[9.85660233471923,52.732575035576396],[9.85714223388317,52.73269523421225],[9.858888768103187,52.73403928619068],[9.860065670720026,52.734224763089045],[9.86011408093068,52.734111631228195],[9.861017612731803,52.73427725343127],[9.862372847102227,52.733483945734],[9.863285191376246,52.73426757454329],[9.865560017628436,52.733294356660636],[9.866612265524829,52.73174843734321],[9.8567136629324,52.729813917992125],[9.856555845106637,52.73110382613968]]],[[[9.857966194713018,52.728731497937254],[9.858072813059172,52.728997534996324],[9.858416000938778,52.72906820361377],[9.858758631862917,52.73010384715889],[9.866681267816752,52.73164485232653],[9.869131083191359,52.72804395768975],[9.870214911361586,52.725881823705805],[9.867008268953256,52.72530863668672],[9.857966194713018,52.728731497937254]]],[[[9.891517703742617,52.72835837767099],[9.897676182327176,52.72923696919199],[9.898221823522396,52.72776891940559],[9.886524352658109,52.72638547390904],[9.88482097530099,52.72776142332239],[9.888062081575166,52.72821151516312],[9.891517703742617,52.72835837767099]]]]}},{"type":"Feature","properties":{"OBJECTID":41,"we_nr":"3831","lgbez":"TrÜbPl Lehnin","typ":"8","plz":"14822","ort":"Brück","strasse":"Beelitzer Str.","bl":"BB"},"geometry":{"type":"MultiPolygon","coordinates":[[[[12.787005106244662,52.20699712413618],[12.767547826258317,52.21332345799144],[12.749653626544688,52.21396459097592],[12.749240002661923,52.21458455446576],[12.747749125378524,52.21532079173604],[12.738472721104829,52.21829552850527],[12.721600047803154,52.22441600935456],[12.719433022080029,52.22878102734406],[12.723109008173227,52.22949388601395],[12.720426277611725,52.2350893741345],[12.717743317081501,52.23458904823987],[12.717369335852288,52.23505948838217],[12.716087309685932,52.2346738050641],[12.716243926464175,52.23447973282362],[12.711939254419304,52.23342412780017],[12.700343928291057,52.24015089282912],[12.70408752788073,52.24136673891864],[12.704341380101978,52.241727713947675],[12.708329380737768,52.242471267510155],[12.704918320398338,52.24494088365928],[12.705438427879924,52.24692230951173],[12.705437079508682,52.247532010914256],[12.705752991841315,52.24788616761029],[12.705526407980532,52.24828951219575],[12.703802204081835,52.250216482596905],[12.703851787492267,52.24982697178551],[12.703623910955793,52.24946524263607],[12.699363360564433,52.248937847781995],[12.698650008397212,52.25036955365489],[12.698485807143042,52.2503486804849],[12.698532903118442,52.25051238012218],[12.697827605246067,52.25128260526657],[12.696664601363322,52.25098657704062],[12.69594653304084,52.251502605464836],[12.695537226461358,52.25141887838136],[12.695431434565302,52.251741456056756],[12.693129675922597,52.25162690617509],[12.69253070534218,52.25262950099852],[12.692094253471438,52.25273467473127],[12.691730773547862,52.25339918895539],[12.690951403292111,52.25672733061491],[12.687937101864236,52.25661629910713],[12.683728252212434,52.263651594889026],[12.68335465725877,52.263849846083836],[12.683226416463711,52.26489032924288],[12.685083029340367,52.26512382109313],[12.681279789700655,52.27154575642634],[12.68249322320683,52.271443516514104],[12.684667525283745,52.27171822187583],[12.684634039683203,52.271905883456725],[12.686073970811908,52.27244583490021],[12.685896988327865,52.27278194343003],[12.688059810833767,52.27319880905594],[12.687533504976708,52.27418012301006],[12.690984177426918,52.2748843143798],[12.690169007510434,52.277979615442476],[12.689816416964742,52.27793661007304],[12.689444501860653,52.27946924542467],[12.687405972952426,52.27909894238283],[12.687420999970508,52.2790066155219],[12.687185451821522,52.27895694883664],[12.68394137212372,52.28546893400619],[12.683898015834833,52.28678392676443],[12.684175878227004,52.28691199876524],[12.68426014559054,52.28724513743592],[12.684170057143946,52.287582373407254],[12.683907126548464,52.287847318078],[12.681985971515276,52.28878266105381],[12.68154825661325,52.28913595373435],[12.681181572399057,52.2902479679272],[12.68574882649307,52.2911669266121],[12.686886981178434,52.29116747331851],[12.689752032911697,52.290601247273635],[12.69626055172489,52.29027801211675],[12.696665501475213,52.29194438847201],[12.700079599018663,52.2918488164289],[12.700355570457143,52.29496691422383],[12.70485747840245,52.29515182484372],[12.705092905278862,52.29662930749537],[12.705921113343386,52.29826319442467],[12.708554252409616,52.297432277703464],[12.709050743182372,52.29806516195502],[12.711173147788699,52.29760494732345],[12.711955334262885,52.29854277340351],[12.711951716747238,52.29864051306504],[12.70965865738976,52.299158750785104],[12.70832202712886,52.2996208505661],[12.707972047087365,52.29990248486426],[12.70792415340801,52.30008284829146],[12.708295524133025,52.30043757526301],[12.709098964746838,52.30035191570443],[12.709483405959256,52.299966096257194],[12.710067044094378,52.30020094151009],[12.711601614534874,52.300222002163125],[12.711858236262138,52.30032791449614],[12.711953092067928,52.29985461763597],[12.713676131750022,52.29986170584542],[12.714615094902566,52.29914037871799],[12.713624187567051,52.29821393113294],[12.714685337767916,52.29797701081314],[12.71335616532052,52.2966962253944],[12.71373104666166,52.29660336603493],[12.71560571657384,52.296717530542296],[12.719650027204928,52.29881370096384],[12.721824332875132,52.29771214870031],[12.731697373007817,52.29746341522202],[12.738833358758821,52.2832033955407],[12.738534221565791,52.28311962993249],[12.739762126032877,52.28144680870816],[12.738084112607808,52.280838475887755],[12.736701704200016,52.28260641436394],[12.73624354004886,52.28247809360572],[12.737661362740097,52.28068522035246],[12.737161832068395,52.28050413491431],[12.735703283355441,52.2823267858977],[12.735190351616339,52.282183122123925],[12.736661770492374,52.280312237786355],[12.73534777508171,52.279828544144856],[12.734871567369751,52.278131805287124],[12.734823693453295,52.277131500698246],[12.734950501435451,52.27609707714239],[12.733412257783758,52.27141668408439],[12.733221559821962,52.2697503436994],[12.733362880985826,52.26882556387331],[12.733326183009861,52.26794218286371],[12.73586784573238,52.26780215848749],[12.735812965855029,52.26753278504147],[12.739591008649352,52.26756003598009],[12.739647801039926,52.2699964451848],[12.740806095953952,52.269976034766835],[12.740833049005733,52.270170911024586],[12.7424537328477,52.27012352729732],[12.742419090217096,52.26837302762282],[12.743283892951352,52.26837446793202],[12.743301967953185,52.26912456415883],[12.744207020602062,52.2691317413943],[12.74418836888179,52.2683976134745],[12.749668131641554,52.26778525992121],[12.74984460927243,52.268445456426406],[12.750773735872592,52.268320801539936],[12.752163042443428,52.268334680747564],[12.752940077977788,52.26913728209174],[12.753115185677823,52.27028689778875],[12.753765391670465,52.270872396672566],[12.754552532353443,52.27134776996622],[12.756727999545294,52.27315803458393],[12.762228143282208,52.27677660794822],[12.76493364254291,52.27781615513407],[12.765339396285437,52.279124475297536],[12.76592881777437,52.27955245954228],[12.768200045375522,52.278687731108434],[12.773685288756813,52.278109033069434],[12.773850755737227,52.27821966450778],[12.773706945341708,52.278413378920156],[12.773816978184229,52.280629908569615],[12.774684766020172,52.28049545420408],[12.778423397028034,52.284999429470474],[12.779255649307958,52.285355778559136],[12.77951508366037,52.28533539060021],[12.779014087836435,52.286139382687445],[12.778749308508091,52.292576942914145],[12.782584986312733,52.292252613952805],[12.782909884493165,52.29498973711427],[12.784892662158219,52.29489631927543],[12.784892966687103,52.29453793278741],[12.785231125797758,52.294518604474575],[12.785219227611833,52.29426740981112],[12.786315236937302,52.29420294523073],[12.786376448140764,52.29462464033013],[12.786816031538587,52.294605095587215],[12.786857677435165,52.294803695684294],[12.790230945650599,52.294645426182825],[12.790489027140213,52.296210365801805],[12.790841426344725,52.29633000983577],[12.790949524216165,52.29694238657991],[12.791202193356167,52.29703946447334],[12.791320254442383,52.297524301374004],[12.791779788524346,52.29767819362319],[12.792349267413949,52.297652263764626],[12.792655153649708,52.298560501866376],[12.794182526788159,52.298469453270954],[12.794186490155187,52.299078980591084],[12.794628820601167,52.299059243341844],[12.794639978575315,52.29925292762953],[12.794187661558336,52.29926931318901],[12.79418890931827,52.299471129695],[12.79588686983426,52.29941801954122],[12.795987511688788,52.30005447636138],[12.798188349999231,52.300027687072514],[12.7981764643897,52.30082471175036],[12.798884784194678,52.30082825275623],[12.802645542504614,52.29973195292353],[12.802005171267728,52.29874103831404],[12.800011606632726,52.29883221380224],[12.799318482729083,52.29430803080516],[12.797503510359121,52.294308353861],[12.79761922504582,52.29310484133443],[12.797295123671043,52.29302035601077],[12.797287781740232,52.2922223782488],[12.798644327650985,52.29207576143967],[12.798680155159461,52.29176527320765],[12.805186837816187,52.29372306676546],[12.805680024585353,52.294727047082304],[12.805829952507974,52.298519534828536],[12.806092049466882,52.29836469675065],[12.805954948588184,52.29472853268553],[12.804418334480426,52.290661645048594],[12.804994542649817,52.29049999803968],[12.805872759027903,52.29051840171372],[12.80756329945963,52.29092617789303],[12.808990264305494,52.29083180751516],[12.811138417322795,52.29157246166462],[12.810823682681491,52.2913414712114],[12.809358537639419,52.28887888040829],[12.80878114728711,52.28885934357015],[12.808253021443297,52.28780162755915],[12.806581475888231,52.28791833967853],[12.806377112754355,52.2869776119827],[12.80573668582188,52.287063643048356],[12.805582870889019,52.28676280092349],[12.803998596663847,52.28701063121353],[12.80392585199045,52.28673201306275],[12.803201315797931,52.286735050746536],[12.802954572843882,52.28592542481323],[12.800839731153921,52.28325408512869],[12.814305581469343,52.281615305643804],[12.814173250644798,52.28126649469004],[12.814459479047205,52.28122276926687],[12.8168551349933,52.281691918679705],[12.818969744917911,52.281923243574916],[12.819308018114596,52.28338596252669],[12.823499027224875,52.283371339543905],[12.82354843187055,52.28407615588816],[12.824701491403092,52.284259646351025],[12.824638087412014,52.28399849734821],[12.825897043943542,52.28390431664282],[12.825972082914193,52.284363983963374],[12.826310621113889,52.28440465745283],[12.825999260544783,52.28299774924713],[12.827792563753455,52.28360181816158],[12.827862849737931,52.283494612307976],[12.827094629371489,52.281856249499086],[12.826832271901123,52.28164939284177],[12.826839424287446,52.28152241191966],[12.827272714986702,52.281427301567064],[12.826400870358931,52.28016992936539],[12.827386024883369,52.281462208324534],[12.827935747124936,52.281337596086374],[12.82702409635031,52.280012503962],[12.825210320536284,52.27673214103741],[12.824461232488758,52.27628183073682],[12.824243236522095,52.26620382489228],[12.821339230244828,52.26626181058243],[12.821264130188773,52.26213981131191],[12.818976557741031,52.26234580620801],[12.81560422377348,52.26329641662288],[12.81567632704975,52.266518959057414],[12.812908539505564,52.26653629406533],[12.812741255233355,52.257120369878095],[12.816790420360226,52.256962062533425],[12.817652677268972,52.24673044354703],[12.837862457104285,52.24750487086578],[12.839384981136835,52.245049154663505],[12.83953163380194,52.24512818335888],[12.83953857059256,52.2449974648858],[12.843402965740214,52.24684087004751],[12.843837650624799,52.244585960910776],[12.845798286614727,52.24546935401485],[12.847633896880039,52.23789360223673],[12.846832709240946,52.237693431728104],[12.845347270358277,52.23732228349895],[12.847279680383664,52.229738149811595],[12.848437365341598,52.228500324223965],[12.841090207226848,52.22534340846481],[12.84189621971732,52.22719512607173],[12.838638149657285,52.22820786907816],[12.837078522508548,52.2245782506792],[12.83449762856095,52.223637899351615],[12.833313782865277,52.22399741559093],[12.838374669292847,52.23553681793639],[12.838162506985634,52.235482871389905],[12.832666087663888,52.222907882409835],[12.831750873272512,52.221325259830074],[12.828272379099625,52.219829877210614],[12.82840137447948,52.22005231835198],[12.826172161982512,52.21909226671674],[12.826431746353572,52.21903792539904],[12.812182654043507,52.212905091022456],[12.81179178808018,52.21298815981678],[12.811608468880143,52.21265789001389],[12.805319090487282,52.20994979770712],[12.80554222930893,52.209859206127994],[12.803299012076678,52.20889096220242],[12.803439374738172,52.20916320910748],[12.80026904762351,52.20770635304816],[12.799592395228915,52.20794144340872],[12.799171831860606,52.2073310868929],[12.797965804963967,52.20678898730637],[12.797123954185219,52.20658793721736],[12.79670770003532,52.20629543959567],[12.794441462575579,52.20652287497143],[12.795362344438079,52.20733098890517],[12.792501386327558,52.209061357682494],[12.791109400980542,52.2081524808386],[12.79044519833749,52.20859774045069],[12.791817098253068,52.209521131128085],[12.791694981273322,52.20959775260052],[12.789301766049842,52.20793108272208],[12.789613099669468,52.20775180188938],[12.789372343088443,52.20745538197141],[12.788740521118102,52.20762753131117],[12.78811353298231,52.207208793615095],[12.787005106244662,52.20699712413618]]],[[[12.800252762065728,52.21474848951775],[12.796787095835096,52.216156614880965],[12.79458360300303,52.214046676408415],[12.792963883951646,52.21374024903915],[12.79056565882382,52.2108945166014],[12.790966778157818,52.210619166947886],[12.7907131029047,52.21036634573065],[12.791401990353465,52.21004038029423],[12.791887403102148,52.21028988906929],[12.795888895535214,52.20841689179009],[12.797239793737745,52.20950149876048],[12.795373996485631,52.210466513627615],[12.797934964003613,52.21258231247656],[12.800252762065728,52.21474848951775]]],[[[12.811946149188744,52.23639945864346],[12.813828198760982,52.235498514734324],[12.80957949535158,52.23189341953138],[12.8066368255845,52.229008457102],[12.80584190099957,52.2293003864654],[12.804027665248128,52.22716026902337],[12.806993600482771,52.22564253959797],[12.808229641889705,52.226599038605464],[12.810605875361052,52.225528300918164],[12.81888794163318,52.2326776134401],[12.82155152460438,52.23141176313129],[12.823737226302262,52.23310883383218],[12.823329470214972,52.23508222659857],[12.818535158848007,52.239692792954706],[12.815632476687462,52.240649927150955],[12.811946149188744,52.23639945864346]]],[[[12.702010995744393,52.240544279752015],[12.70201875000194,52.240530840162364],[12.702025896100018,52.2405390523286],[12.702010995744393,52.240544279752015]]],[[[12.813162475270142,52.246528957128255],[12.813171243725611,52.24651431318501],[12.813179664533104,52.246522064437904],[12.813162475270142,52.246528957128255]]],[[[12.695089739685672,52.27124853151293],[12.6955016819222,52.2713753373854],[12.695064701842067,52.27180529950316],[12.694712334976884,52.27167637248681],[12.695089739685672,52.27124853151293]]],[[[12.731735082486814,52.2811334310399],[12.730454687661052,52.280683347920885],[12.730317805971278,52.27985050207987],[12.731483179609768,52.27972250035033],[12.731735082486814,52.2811334310399]]],[[[12.827833481116354,52.21903719783914],[12.833441126243368,52.22144971387119],[12.834036941042147,52.22165770112162],[12.834128503624111,52.221582615470744],[12.83696537520692,52.22280846896423],[12.84713447310786,52.2197281019724],[12.846634942436156,52.21913620146384],[12.846831800145884,52.21907691147631],[12.843799223391887,52.21493018588768],[12.840912330919094,52.2115323341084],[12.838921498060865,52.20961231459564],[12.835447835925901,52.20740688255088],[12.825789169752644,52.209999287931986],[12.822232906628962,52.20540897551815],[12.823088710040693,52.20214775089367],[12.822859036873659,52.20222089070137],[12.822004296168892,52.20538727359153],[12.822078464672023,52.20548107443796],[12.820576763587763,52.20580957540168],[12.818797960086108,52.202656309199995],[12.813813955972131,52.20422935658304],[12.811125531888361,52.20490744145717],[12.797963441496435,52.206177728091845],[12.800844468868746,52.20741870876913],[12.801029126558557,52.2073339912936],[12.8133814944179,52.212651444513824],[12.81312423758172,52.21270651965772],[12.820952691466253,52.216076238439],[12.82120685540286,52.21602054994065],[12.822388848772418,52.21651852254323],[12.82316564715151,52.21634178335051],[12.823559926712942,52.21703275528187],[12.82764545833748,52.218787214259336],[12.827964821099133,52.21893165529526],[12.827833481116354,52.21903719783914]]]]}},{"type":"Feature","properties":{"OBJECTID":42,"we_nr":"4107","lgbez":"TrÜbPl Klietz","typ":"8","plz":"39524","ort":"Klietz","strasse":"Im Walde","bl":"ST"},"geometry":{"type":"MultiPolygon","coordinates":[[[[12.137431277845193,52.600131773036914],[12.13344243279303,52.606307713585956],[12.131203940699145,52.60581572206413],[12.129556195109249,52.60852344049522],[12.132289633771913,52.60903218835069],[12.136349836498688,52.6092389245802],[12.131755498198851,52.60906284558017],[12.120580839643477,52.60696386843535],[12.115303207704134,52.60574361055243],[12.11427153302437,52.60678929849896],[12.112696824060327,52.60795112107369],[12.105916374430832,52.61118973448748],[12.104463589308725,52.61232784584694],[12.103819811660278,52.61348190377246],[12.10372021274978,52.61522572549046],[12.103824387678328,52.61749931561875],[12.104518082910525,52.617587262435414],[12.104515445456846,52.617756597724],[12.103852306419057,52.617805386990916],[12.103878914517786,52.61811069213271],[12.103457563326957,52.6196462614111],[12.102295058009199,52.621326284822146],[12.100898287336678,52.62237701695721],[12.098919051728778,52.62331381062205],[12.092901378675116,52.62502311075785],[12.091558266171127,52.62577555192432],[12.090768102657215,52.62642755389711],[12.0887793799416,52.628539080151],[12.087329143339995,52.63057597381477],[12.087590960922837,52.63076091192023],[12.087546701827103,52.63084453567501],[12.087229945976429,52.63083125821393],[12.087065153630768,52.63101063990588],[12.08501444177067,52.63464553557714],[12.085159287025416,52.634816574534476],[12.084908152207923,52.63483356074335],[12.083887201616008,52.636112054836964],[12.083820156753093,52.63638458420534],[12.081818192870196,52.638691564867905],[12.081114548796243,52.63924946728223],[12.082495400423632,52.639741207972705],[12.082271640866121,52.639973712976776],[12.081446408021817,52.63970405258582],[12.081402465133062,52.63980590493284],[12.080483237967318,52.63970958610211],[12.079925619534393,52.64031386410691],[12.078147029831749,52.64309712886019],[12.078321227538423,52.64329450990127],[12.078262266614756,52.64338898993311],[12.078043055227521,52.64337876215551],[12.07779335771445,52.643706677775064],[12.077657514477188,52.64436744644349],[12.07783638701659,52.64511336700723],[12.078400082552378,52.64578524804986],[12.079705246625512,52.64683489043891],[12.080023698495438,52.64744278870603],[12.080091272466074,52.649880002265334],[12.080260909426052,52.64997122482124],[12.080067200311419,52.65013167900552],[12.080078222639939,52.65258697433535],[12.07992543987134,52.653191761072364],[12.078920782922049,52.654384665975165],[12.072509325278721,52.65683915959558],[12.071393632068752,52.658522507168335],[12.071581479676157,52.65948501390999],[12.07187777909119,52.66006703987341],[12.074353653693867,52.66127473079204],[12.075585249338461,52.66264427311507],[12.077802564547804,52.664434041518994],[12.079826228134724,52.66359508764774],[12.07897110474766,52.66294075520197],[12.080550707733357,52.66225067205939],[12.080040196055634,52.661861310161036],[12.081302179011349,52.661234436826035],[12.082480327591464,52.66212294954765],[12.082772140819992,52.66217938522349],[12.083350643286641,52.662601436577326],[12.083153172925893,52.66270700802963],[12.084576244473338,52.66375308100401],[12.083809654549093,52.66406484803228],[12.08287411936767,52.663385028621896],[12.08139267798805,52.664099830154676],[12.081187500082173,52.66394263566583],[12.08085333308462,52.66402661713717],[12.08022131977313,52.66354215537894],[12.07793935999929,52.66457137590585],[12.078445350456187,52.66626581998857],[12.079156479293088,52.6678133368048],[12.079167360586132,52.6681551257906],[12.078799937058463,52.66935118342453],[12.078821218147539,52.66998147844815],[12.078959082594205,52.67010154398838],[12.079534080732907,52.670109102275426],[12.079536193570481,52.67021185944173],[12.079112451064377,52.6702159084946],[12.079272789562829,52.67046463281686],[12.084648285765873,52.673604567782455],[12.094736321492153,52.67618331921563],[12.094861357996566,52.67614475251443],[12.094847653298611,52.675941176543745],[12.095041681315147,52.67590908084223],[12.095100885682292,52.67622161845222],[12.0953074469937,52.67632985145466],[12.106388835269728,52.67915080951824],[12.11209468242699,52.68011565750462],[12.118960724435073,52.68160810370608],[12.11908201855801,52.68130067868951],[12.119234064708087,52.681310191248606],[12.119252711936738,52.6816723248329],[12.11993146549078,52.68184259717071],[12.127737241405951,52.68261088825785],[12.13405729636743,52.68203343974927],[12.136339551687017,52.682057099572376],[12.136572062632016,52.680272228506965],[12.144638797340608,52.68182905581213],[12.14464287389537,52.6812229655732],[12.14492211160823,52.68022739798425],[12.144924421176835,52.67935985927307],[12.145930920570741,52.67780137810112],[12.149135644177601,52.67922508590825],[12.150802668511844,52.675742763651705],[12.153115132377796,52.675159272640656],[12.152076908081291,52.673132809565054],[12.153362538288537,52.6707839417313],[12.1535209543923,52.67079662202306],[12.153313214491233,52.67017873160579],[12.152202986631435,52.66981454600881],[12.152888928504385,52.6689167697298],[12.15282071493328,52.66871369557592],[12.150417181660437,52.668516640090154],[12.151060617949087,52.66778396661079],[12.151083536666937,52.66760629212362],[12.152606535908252,52.66725925264396],[12.153382582397475,52.666689595347314],[12.155828781154733,52.66789820643822],[12.160923128928324,52.66690315832262],[12.162407877006528,52.66643798286695],[12.16400258067217,52.66557729026485],[12.164706420578856,52.6649889084293],[12.166637287298567,52.661942182397894],[12.16867590244508,52.660849783245105],[12.171352567581778,52.660193867731095],[12.168051311014445,52.6599173958337],[12.168211934278878,52.659786117220335],[12.168028609688925,52.659715503639354],[12.169396301895699,52.65884523093958],[12.171978023191688,52.657956119228196],[12.171852639937564,52.657852329002466],[12.173753678996613,52.657181257819964],[12.174099922944812,52.657458421608204],[12.17405891305548,52.658831529885134],[12.174235722164651,52.65881259795768],[12.175023056883735,52.65820658832253],[12.177823608681294,52.65658841075625],[12.18112745598989,52.65499156451533],[12.182593910775632,52.65442264427935],[12.181965179009874,52.65395069640085],[12.183937768881309,52.65314289136242],[12.185044171714633,52.65366765928515],[12.1841512481187,52.653165119983754],[12.186441952991855,52.65224759985708],[12.187091035192061,52.65291002857224],[12.188748522112919,52.652289614927554],[12.189690517079537,52.65155681763356],[12.2004979614147,52.646915856424876],[12.208956349909139,52.64248913475583],[12.21389036457416,52.641071148345745],[12.21452101783631,52.640355500888774],[12.215404346526643,52.639918464790476],[12.216260269414322,52.63976603545066],[12.220749776117133,52.63977786454376],[12.224408345673602,52.63885261974385],[12.226627857263813,52.63920676863137],[12.226638290297537,52.63950698296075],[12.228136955076142,52.637698617895154],[12.228901834608045,52.63710498003503],[12.229426218070381,52.636886804460914],[12.234265878189527,52.63594094843699],[12.23561431590651,52.635379619931],[12.237170316556432,52.634326613040784],[12.239380217071462,52.63192688546397],[12.240165952789313,52.630607686798896],[12.240580806465704,52.63020285381473],[12.241285105411475,52.629796113639074],[12.242811585624542,52.62828968975439],[12.252713423948617,52.617573513547505],[12.253202779403061,52.61719199586579],[12.253297420511513,52.61696991244184],[12.253164261440311,52.61667990129203],[12.252875713587866,52.61652461867125],[12.230055889473938,52.60507373043394],[12.229287312476314,52.604556120372145],[12.222844853972516,52.605093913663794],[12.220160068065622,52.60251570081004],[12.216410317711189,52.59972762389982],[12.214186673870664,52.59750996946885],[12.214024028498564,52.597069826811826],[12.213820631053567,52.59709367177568],[12.211386007088743,52.594810535100564],[12.20748281909386,52.594849285977006],[12.197918118495972,52.596738969232575],[12.171911381672338,52.59988241556433],[12.167703062924854,52.60029962739146],[12.159865845974734,52.60004109582209],[12.15871556403305,52.60020310483251],[12.157995229261124,52.60020907492374],[12.159591200449636,52.60003719686077],[12.154292958462719,52.59979882867902],[12.155281512212206,52.59813377374143],[12.151450544274615,52.5972918512971],[12.152916656802262,52.59483142698606],[12.151054654033889,52.592487449832994],[12.150249696165575,52.59113758288578],[12.149693812379482,52.59101863751253],[12.14360157017408,52.59103211641812],[12.143428547463811,52.591433231886],[12.143415170650899,52.59311000283979],[12.14156596438378,52.59528954261556],[12.140171871589105,52.59654273193553],[12.140046863830769,52.59702255645162],[12.139255134553316,52.59803846918819],[12.13916799078424,52.59845811028028],[12.1388350984961,52.59886370176923],[12.137697274390767,52.59964966205518],[12.13747568516298,52.60005483384714],[12.142783771787089,52.60005012956026],[12.137431277845193,52.600131773036914]]],[[[12.182529529417545,52.606787758466496],[12.182512476698507,52.60679675371723],[12.182510875900647,52.60678973546883],[12.182529529417545,52.606787758466496]]],[[[12.211279415692069,52.61797197757313],[12.211261399979044,52.617981072514624],[12.211260156710694,52.61797302199716],[12.211279415692069,52.61797197757313]]],[[[12.074258090015595,52.65935677004392],[12.074226710964414,52.65937320402782],[12.074223522843482,52.659360072533616],[12.074258090015595,52.65935677004392]]],[[[12.083590468314709,52.63690345296004],[12.08360802319199,52.6368999917693],[12.083554605771914,52.637010167514156],[12.083590468314709,52.63690345296004]]],[[[12.135783278032083,52.63126543052095],[12.133573605689149,52.6311111608749],[12.135795300185507,52.63120829085132],[12.135783278032083,52.63126543052095]]],[[[12.157887343392131,52.60020414749792],[12.15644877141447,52.60015738739418],[12.154227531465644,52.60023958664956],[12.151758018731776,52.600231523594424],[12.15642748583381,52.6001122046094],[12.157887343392131,52.60020414749792]]],[[[12.083443210185095,52.637227472411716],[12.08351887258653,52.63711661795402],[12.08592245167346,52.63762918649472],[12.085872057084316,52.63774463576929],[12.083443210185095,52.637227472411716]]],[[[12.148951553324725,52.60024806054893],[12.151795984230645,52.60015448909762],[12.149725906489653,52.600316992012246],[12.148346367300892,52.600258308776276],[12.1445866169007,52.59993070805095],[12.142809652250405,52.60001923249848],[12.144575491265913,52.59987770743957],[12.148951553324725,52.60024806054893]]],[[[12.255903902970001,52.64728482577887],[12.260610884616625,52.64688585030721],[12.260924153207366,52.6455095647336],[12.261037278949429,52.64541199340318],[12.27053535240102,52.64982671603602],[12.270785099321397,52.648963196373046],[12.273306283150381,52.64881313336241],[12.27326309843971,52.64858813216754],[12.27576316018144,52.64848170146834],[12.275779986525007,52.648568696574955],[12.27770934677002,52.64839664098138],[12.277673221020873,52.6482118744338],[12.279360659569925,52.648111908338954],[12.279294716939848,52.647768870384525],[12.28261613260045,52.6474240834818],[12.284215304486318,52.64736848716969],[12.284325956268074,52.64797306322437],[12.286245388332564,52.64806192220824],[12.286960209245272,52.647960048209555],[12.288142015765233,52.647512595856455],[12.288235842101717,52.64805906795839],[12.29387700966019,52.64169703257565],[12.297874068009014,52.63687597331107],[12.299779073130017,52.63530993406948],[12.295371974278115,52.63387617256806],[12.295734916110831,52.63348318480818],[12.296273284545519,52.633298064662426],[12.297820585011916,52.63199655381486],[12.296891656041115,52.63169652456901],[12.296435416979607,52.631744505549605],[12.295322033338207,52.62875855962367],[12.293589083441901,52.62870843741478],[12.27929704627139,52.62419211411245],[12.278511122805611,52.62446194319084],[12.278270489293789,52.62427960632535],[12.278070052695991,52.62454804159934],[12.278233018766656,52.62425121789054],[12.274333334201387,52.62129617225739],[12.273938855213965,52.62209895675661],[12.272946283300227,52.62313102834933],[12.270863453973735,52.624387690954926],[12.269054686267461,52.62296340000719],[12.268086676988528,52.62341715768687],[12.265530403167883,52.62204452418485],[12.265738597616481,52.62185319327252],[12.262189830933844,52.6198372960187],[12.261795757984943,52.619933882201344],[12.259466907051571,52.61902713307082],[12.258346388990223,52.61837789449093],[12.257020692124632,52.61601229648858],[12.253196135463227,52.61738300845983],[12.243712612024295,52.62756115290741],[12.24207801687184,52.62958980489133],[12.240709712912343,52.630824999507894],[12.239459744923577,52.632231317910026],[12.238930450371573,52.63337584557578],[12.238475489612702,52.633922937015065],[12.235379046235257,52.6357818847027],[12.235447442164372,52.63588024347772],[12.231199703545586,52.6366910239809],[12.23116382573144,52.639930010381214],[12.234316171269032,52.64072788945006],[12.234359760221563,52.641756295864155],[12.236757724837966,52.641708622939895],[12.237988945885071,52.64575887933124],[12.237937928763472,52.64602846969223],[12.237027743141047,52.646879727430345],[12.23915975702596,52.64754884695821],[12.251862904427378,52.65093114534575],[12.255034287062465,52.65141287922698],[12.255903902970001,52.64728482577887]]],[[[12.249234447380422,52.64391633862602],[12.249249739401481,52.643905370769346],[12.249253077541097,52.64391321102656],[12.249234447380422,52.64391633862602]]],[[[12.31983614924851,52.64871686597664],[12.325596424430481,52.647984692801806],[12.323321322395515,52.64692596183359],[12.320888185142488,52.64500356214095],[12.320246720655902,52.64434556709513],[12.319177645517575,52.6428727747007],[12.317235879538513,52.641390166167575],[12.316415433816376,52.64038015303711],[12.31634688786861,52.639900041989726],[12.316145331071635,52.63989084257904],[12.316109116389274,52.63974746213269],[12.309019274399482,52.63940295759821],[12.308500974328222,52.639088001205444],[12.306847576538553,52.63855419550693],[12.30684820086767,52.638653236007464],[12.305638189044439,52.63817958553241],[12.305925004945014,52.638916976221616],[12.302594148889082,52.639331393648305],[12.302126445527913,52.639893800389274],[12.300823202951205,52.63957806255507],[12.299979480981738,52.6399089453995],[12.296593586046637,52.63880040761497],[12.290285359202507,52.64600973334068],[12.290760702735158,52.64817654495662],[12.293418645184714,52.64789294397414],[12.293479980355675,52.648245336119864],[12.294027855661046,52.64821627487918],[12.293998772703711,52.647818487872186],[12.294884195366977,52.64761836235276],[12.294872553200893,52.64695908276988],[12.300163465833391,52.64680296684362],[12.300270704017109,52.647303835186996],[12.303516248867112,52.647238677869176],[12.304980067097505,52.64803672174266],[12.305629045991479,52.65030499596003],[12.305765208130676,52.65040959324545],[12.309339823835598,52.65074716338269],[12.313757174261543,52.64999275801015],[12.31358871858615,52.649499525371006],[12.315671082585313,52.649009836236836],[12.316087292717752,52.65028087204949],[12.318049037228764,52.65004316648214],[12.317711394649375,52.64860875968696],[12.31983614924851,52.64871686597664]]],[[[12.290996806941314,52.64727487742055],[12.290977062869706,52.647282790652206],[12.290976527473768,52.64727534178268],[12.290996806941314,52.64727487742055]]],[[[12.21286097251352,52.648609190789415],[12.212859251341447,52.6483418547046],[12.215797246275798,52.64807377140348],[12.215855643955784,52.648885512388375],[12.222319410498137,52.64847105413313],[12.22300077186145,52.648599777386686],[12.222336510827887,52.64706664211387],[12.22341851002819,52.64626658460605],[12.222720666376029,52.645996787506895],[12.222423957329218,52.64480341120332],[12.222428461482064,52.64396653117015],[12.220387989517883,52.64139330321408],[12.21824587317928,52.641388838305566],[12.218316882307551,52.64180775059976],[12.217551313767808,52.64170525861119],[12.217289966003847,52.64117412423546],[12.217874433283955,52.640870384701586],[12.219794989140846,52.64096413734928],[12.220392010377093,52.641314057697336],[12.221031615351055,52.64197231747792],[12.222517611189192,52.643962197340414],[12.223053000810403,52.643758249586504],[12.222762423663712,52.64403280693384],[12.222824295128907,52.64467712354196],[12.2234533880174,52.64515238296875],[12.22392104825944,52.64584342443216],[12.224619425510877,52.646318023134846],[12.226009349224322,52.64692853873696],[12.22635068657444,52.64671298307867],[12.227388216473221,52.645473110273436],[12.227163126510776,52.645352120796574],[12.226370432442708,52.645310682263975],[12.225242627247736,52.64542967970138],[12.225029704965813,52.64512706745557],[12.225157113920893,52.644513012154974],[12.225061385850953,52.64430070624806],[12.224047990988893,52.643702284506915],[12.222565224594188,52.64199847970942],[12.223113367597492,52.641863894713765],[12.223348621997394,52.64160486391444],[12.222231997234466,52.641084389993274],[12.220887028811108,52.64080749089319],[12.219822896203478,52.64038557690036],[12.2189885661203,52.64067854737383],[12.216900619091643,52.640223017157844],[12.216372697165406,52.63990366920408],[12.215522372578606,52.640059086389854],[12.214724267957584,52.64042269573102],[12.214008210064705,52.64121013038972],[12.212791489622916,52.64163813605659],[12.20943580323421,52.642497613562085],[12.207735877204406,52.643273626959896],[12.207713430102064,52.6435947970139],[12.209426774267282,52.64360000844561],[12.209410316232958,52.645610706447634],[12.206344058944016,52.64560588332882],[12.206346340664844,52.64743978616926],[12.209395480556058,52.647423768457834],[12.209377493589106,52.649621360108696],[12.213276880812035,52.649038269650575],[12.21286097251352,52.648609190789415]]],[[[12.220973634489322,52.647123176802715],[12.220828596096801,52.64673480782946],[12.221612117467506,52.6466066600928],[12.222217657427564,52.646946492576696],[12.220973634489322,52.647123176802715]]],[[[12.209405495873165,52.64620008549094],[12.209407121823812,52.64600153264161],[12.213089719517514,52.6459656438004],[12.21308878616793,52.64616414176366],[12.209405495873165,52.64620008549094]]],[[[12.216835127415845,52.64370064166437],[12.213097417181176,52.644346155217576],[12.21310009865228,52.64378027966787],[12.216834343186612,52.64313453591615],[12.216831849463368,52.64134891139537],[12.217439364818745,52.642143678283546],[12.218698220738961,52.64237018328111],[12.219079713680607,52.641526928105534],[12.21949653826073,52.64145082859481],[12.220425654979422,52.64160698543059],[12.220616950320888,52.641766555091614],[12.22061622717709,52.64192602441858],[12.218864366845716,52.64248634282709],[12.219253013970313,52.642773259175776],[12.21822523079234,52.64301816115014],[12.218361124335306,52.64326406905365],[12.21683450937494,52.643259804379014],[12.216835127415845,52.64370064166437]]],[[[12.218751897772133,52.6439711876792],[12.220360794819282,52.64688224274794],[12.21683957677147,52.64688051554503],[12.216835495725121,52.64396555004913],[12.218751897772133,52.6439711876792]]],[[[12.143350944701343,52.59308693169479],[12.143346947198326,52.591422584308695],[12.143515730758793,52.59103114175024],[12.131630701544598,52.590956247244996],[12.127747191146037,52.59262016922954],[12.125805280538207,52.59382859542305],[12.123932343476197,52.594376156133926],[12.123440911116797,52.595075867745166],[12.122640882304424,52.59574388889157],[12.12018874478482,52.597479285600166],[12.120279321016637,52.59757058305999],[12.120063628330366,52.59768632408809],[12.119648360530647,52.59832439204733],[12.122774525567594,52.59901803161204],[12.124387418321101,52.596295703650334],[12.126584454961225,52.59678019022104],[12.129183965594807,52.59237550030615],[12.14029311810133,52.59482236925321],[12.13775702134033,52.599540415281865],[12.138770259895493,52.59883524774532],[12.139101506470048,52.59843616650398],[12.139196140391988,52.59802067097197],[12.139962471601404,52.597019894215016],[12.140107525265307,52.59651369036694],[12.141499848378865,52.595259083100814],[12.143350944701343,52.59308693169479]]],[[[12.332023223502274,52.648441558668296],[12.329015302807852,52.63943969513099],[12.330259456001805,52.63646852158296],[12.329966139891832,52.636447124021686],[12.328665454818728,52.639377083275306],[12.328772283370638,52.6399649256901],[12.326904371484355,52.640146031747506],[12.326311996334763,52.64045850190304],[12.326214070087326,52.64030233878663],[12.325429021580653,52.640823874613865],[12.324603160813979,52.64112958883229],[12.32440435645504,52.64149039237668],[12.324601563609406,52.64160412585357],[12.321678142942197,52.64184566460538],[12.32094609952887,52.642183438761066],[12.320893400761037,52.642473767153774],[12.321379669604188,52.64281710610262],[12.32131418331827,52.64296526065193],[12.321698603869423,52.64299490861706],[12.321804760481536,52.64314128125084],[12.321691035563175,52.643335870763266],[12.32231046078257,52.64375591995803],[12.322349621939075,52.64408904466841],[12.322587688964123,52.64458007088627],[12.322692188184522,52.64456328849861],[12.322590171009269,52.644729133525566],[12.323888255459611,52.64584003861972],[12.325681211020273,52.64687701699152],[12.327497165248861,52.64761883870169],[12.33160630010747,52.648600676652315],[12.332436679400047,52.64898783549494],[12.332023223502274,52.648441558668296]]],[[[12.075919098332376,52.66306891935969],[12.074201336252566,52.661305692512094],[12.072012566807997,52.66031912546934],[12.071571767989601,52.65994780383955],[12.071212148126818,52.65857864780617],[12.07134048863482,52.6582511346707],[12.072281691287365,52.65710143988104],[12.0721560627932,52.65696224460143],[12.069518527371974,52.65798892013146],[12.068243181078069,52.66009268618947],[12.069027597170818,52.660614809308086],[12.068019933560274,52.662246173320845],[12.069856326258193,52.661857783384505],[12.070470482858443,52.66272356770017],[12.069531581689663,52.66292673452582],[12.069842878478374,52.66395461730686],[12.072239726488885,52.6630427256018],[12.074672067834584,52.665387024101385],[12.077542083658106,52.66451114870913],[12.075919098332376,52.66306891935969]]],[[[12.325596424430481,52.647984692801806],[12.324535983000393,52.64819251279601],[12.325865006327437,52.65235955167135],[12.332757624993219,52.65139472122054],[12.33246269461066,52.650692892335194],[12.331846683887667,52.64989856256088],[12.331099290961065,52.64944237191044],[12.329567791860514,52.64895036041456],[12.326867195604635,52.64844742844122],[12.325596424430481,52.647984692801806]]],[[[12.072871259201694,52.65509867796801],[12.073085970927668,52.65493230390283],[12.074128198117071,52.655429588893746],[12.074548083257339,52.655086021457336],[12.075199281888375,52.65565111207072],[12.078823616649357,52.654254405585],[12.079473092311659,52.6534934652136],[12.07974735156117,52.65269501247928],[12.079512699930854,52.65261646100949],[12.077043043466553,52.653002681852115],[12.076632506195148,52.65267726644907],[12.076895620945269,52.65207851790491],[12.076307953866099,52.65161024072238],[12.075183764390145,52.6524110620528],[12.0746596926432,52.65237484059499],[12.074398380811855,52.65219358353553],[12.073882291494554,52.652417239741304],[12.073371657645925,52.65286701628296],[12.071921415654435,52.653568148160105],[12.071656534816453,52.653821042875684],[12.070782808218166,52.65543385074692],[12.07231540146675,52.656614231304694],[12.072542995033903,52.65664266195321],[12.072676982351794,52.656605124229785],[12.07203189316302,52.65596829724608],[12.073537177626969,52.655471624883155],[12.072871259201694,52.65509867796801]]],[[[12.129395835949529,52.60271549200164],[12.134889553138942,52.60392445101673],[12.137817679181579,52.5993200112358],[12.13407224702869,52.59979855587027],[12.131990378899593,52.60323788995626],[12.129395835949529,52.60271549200164]]],[[[12.073708441435889,52.65230301394287],[12.074494625413093,52.65149375608083],[12.07651681486461,52.647654428059624],[12.077621160555946,52.64331449182307],[12.079911238405025,52.63992362814475],[12.080470428889669,52.639281842303916],[12.081481300384082,52.638670215820525],[12.08296444676616,52.63688832653487],[12.082782519056462,52.636850777302875],[12.08284806283456,52.63675072745179],[12.083047263350517,52.63678985009187],[12.084323522332738,52.6351905809024],[12.087491641388402,52.629872109654976],[12.089605082604821,52.62728158960107],[12.086984431917642,52.62980532389649],[12.085994598068892,52.631882803536065],[12.082189100064541,52.63771768053307],[12.07932435286013,52.640218527054635],[12.078451651239595,52.64173884083603],[12.07784320163634,52.641909329317606],[12.077937302857302,52.64202775439717],[12.077188559762828,52.64255376278653],[12.077218334422927,52.64270926703605],[12.07677288682292,52.64366365752257],[12.07623597904888,52.64608652475191],[12.076177851761786,52.64658603489913],[12.076360755041867,52.64714220917226],[12.076146319098669,52.648254929453465],[12.074362016110848,52.65146414875532],[12.073804942955299,52.652132098941244],[12.073052317342169,52.652722175379225],[12.071535724885454,52.65338691948046],[12.071792596344345,52.65349862587545],[12.073281067939417,52.6527842455178],[12.073791692804875,52.65232991931888],[12.073708441435889,52.65230301394287]]],[[[12.085443907443452,52.633274996146724],[12.085457175560183,52.63326311241071],[12.085462065090285,52.63327062854563],[12.085443907443452,52.633274996146724]]],[[[12.07776240805798,52.66462742596378],[12.076357813059305,52.66503246122443],[12.076627254643983,52.66531844187043],[12.076425443623794,52.66541800796918],[12.07656851380754,52.66563242486306],[12.076265371026683,52.66572880427977],[12.076330500681419,52.66580433854143],[12.074972008121454,52.66621104084772],[12.076735348023838,52.66823547321323],[12.077878982432399,52.668670305519164],[12.07869694970268,52.66915233748579],[12.07902223236207,52.66787370163552],[12.078410183209444,52.66655787673013],[12.07776240805798,52.66462742596378]]],[[[12.15294865389438,52.59477769172247],[12.15525288110748,52.59091339778153],[12.155056737558445,52.59103046395768],[12.150260526254652,52.5910629892576],[12.151116673721138,52.59246288257214],[12.15294865389438,52.59477769172247]]],[[[12.125306614944146,52.593970483263234],[12.127696769607446,52.59257971759451],[12.131647977944146,52.59086724825459],[12.127024922301294,52.590798951886185],[12.126488440328712,52.59127201612333],[12.126620460336161,52.59153439547426],[12.125402579270986,52.59264860327906],[12.12507122220369,52.592777490793196],[12.124649452397945,52.592722410029026],[12.124492458327286,52.59285397618711],[12.124080444225555,52.59355513746311],[12.123957077689248,52.59431532748843],[12.125306614944146,52.593970483263234]]],[[[12.079502605562002,52.64691442026958],[12.077535016611774,52.64500693112146],[12.077401491027922,52.64501538491217],[12.07665998206641,52.64770095704503],[12.077400568458105,52.64820166794956],[12.07992049105243,52.64865921444515],[12.0798536986161,52.64756409832239],[12.079502605562002,52.64691442026958]]],[[[12.201549461014476,52.64862814893596],[12.199887639722391,52.64763807033339],[12.198938243536121,52.650475408541745],[12.202748624782359,52.64973223356151],[12.201549461014476,52.64862814893596]]],[[[12.206349611430776,52.650059043716354],[12.206347697120929,52.648517812789116],[12.203579769439564,52.648450423823654],[12.203512390403327,52.65027580420089],[12.203654995259779,52.650463672264436],[12.206349611430776,52.650059043716354]]],[[[12.2270307337025,52.64265486663934],[12.227155153064306,52.64344813973416],[12.229346913898778,52.6434262223158],[12.229333520017885,52.64314809635438],[12.231306690200983,52.64312795028817],[12.231268426461444,52.642271782953614],[12.234379623769152,52.64222531687297],[12.234365189639155,52.64188447961714],[12.231253173067927,52.64193033828164],[12.231265135932576,52.64219812401336],[12.229288229656218,52.64220793943462],[12.229308479479357,52.64262818588059],[12.2270307337025,52.64265486663934]]],[[[12.225424680721561,52.639058965496865],[12.224795365949188,52.63892518806145],[12.22410175515865,52.639025763349835],[12.224455784805428,52.641960891801396],[12.225773569309982,52.64245507942725],[12.225424680721561,52.639058965496865]]],[[[12.125499517371653,52.604788411367004],[12.126661197137642,52.605049330622734],[12.128189015840485,52.60249268481148],[12.127011560759763,52.60227881156088],[12.125499517371653,52.604788411367004]]],[[[12.226613562372698,52.646710557681764],[12.22951694162589,52.646545018847775],[12.229431042023462,52.64512986848161],[12.227721587563412,52.64515070638739],[12.227570263658833,52.64566912996793],[12.226613562372698,52.646710557681764]]],[[[12.227263408140905,52.64150983602098],[12.231231941386193,52.64145513977923],[12.231194673878303,52.640761938491885],[12.229130353439944,52.64079985122362],[12.227263408140905,52.64150983602098]]],[[[12.07081005052748,52.6556445239682],[12.070622992539224,52.65572879602402],[12.069924763509807,52.6570026983485],[12.070688531825702,52.65725308953565],[12.070294715795006,52.657398850477264],[12.070355211939512,52.6574596863189],[12.07193301559969,52.65688269381159],[12.072080522562633,52.65673277840446],[12.07081005052748,52.6556445239682]]],[[[12.134120677900613,52.59972782468737],[12.137697921177779,52.5992698280341],[12.134788251022643,52.598632973144284],[12.134120677900613,52.59972782468737]]],[[[12.334730150185932,52.650320308491594],[12.332700614312017,52.649211957180185],[12.332650485624214,52.649329592401386],[12.333629004293659,52.65020726856193],[12.334076888124729,52.650841523223306],[12.334730150185932,52.650320308491594]]],[[[12.20216339483255,52.64886494059014],[12.200541598876274,52.64707654473716],[12.199873916159799,52.647400469214794],[12.20216339483255,52.64886494059014]]],[[[12.109178076379532,52.6065009459828],[12.108927969234719,52.60662506188967],[12.11103922754499,52.60760925525111],[12.112176668968027,52.607969954462675],[12.112361762340765,52.6078327832273],[12.111111136785189,52.60740798783109],[12.109178076379532,52.6065009459828]]],[[[12.093787793976809,52.622527582945295],[12.094202093392624,52.622246175872064],[12.093842144746436,52.621992553760265],[12.093229339212353,52.62251131289128],[12.092819228640705,52.62357901206592],[12.093787793976809,52.622527582945295]]],[[[12.227394719377575,52.645417091248135],[12.227479853615376,52.64432711291014],[12.227155876208103,52.64386109432933],[12.22718445071898,52.64531844214684],[12.227394719377575,52.645417091248135]]],[[[12.238203017112248,52.63389558415939],[12.238993842684556,52.63274097994244],[12.237445383391435,52.63438576528359],[12.238203017112248,52.63389558415939]]],[[[12.201935694365872,52.64818331785445],[12.200631022569551,52.6470331609949],[12.20058589659955,52.64705504880924],[12.20244767209416,52.64905550703416],[12.201935694365872,52.64818331785445]]],[[[12.082757861200228,52.673238166565916],[12.083313223065145,52.67318671776423],[12.08353795729477,52.673165892674426],[12.082574807901501,52.67259625409427],[12.082757861200228,52.673238166565916]]],[[[12.239792138646726,52.63147812029044],[12.240963118670868,52.630186674942586],[12.240562665886848,52.63043185403128],[12.239792138646726,52.63147812029044]]]]}},{"type":"Feature","properties":{"OBJECTID":43,"we_nr":"1097","lgbez":"TrÜbPl Bergen (NATO) - Camp Fallingbostel-Oerbke","typ":"1","plz":"29683","ort":"Oerbke","strasse":"Hartemer Weg","nr":"100","bl":"NI"},"geometry":{"type":"MultiPolygon","coordinates":[[[[9.713544585454176,52.84240720568189],[9.70914477822745,52.844363275527094],[9.70929313499665,52.84446611398998],[9.70918999402896,52.84456129446218],[9.708661131566629,52.84453871402936],[9.707707140497703,52.84535590954788],[9.707820439614606,52.845478736553545],[9.70773055957717,52.84560080635318],[9.707354861667403,52.84565601304958],[9.706122010178031,52.84670924879445],[9.706202301598148,52.84692643345574],[9.705663841535324,52.847361237339825],[9.707434084990636,52.84817636590507],[9.707394692068778,52.848306621215116],[9.709029245898765,52.84914387064933],[9.707168997540156,52.850672267930214],[9.707498871488946,52.85210054157933],[9.710949603227965,52.85221474161769],[9.711242099176088,52.85405541314395],[9.71223756366508,52.85398161936286],[9.712394891909026,52.854790451785455],[9.713680807780515,52.854723190195635],[9.713788080100189,52.855279087976946],[9.720741351217338,52.854799928143606],[9.72034448271127,52.8527747578872],[9.721780383099265,52.85267108743787],[9.722196021004889,52.85157668894572],[9.722301579339,52.851590286654385],[9.722359151467254,52.851432511527015],[9.72375720313737,52.85135634428076],[9.723952955919266,52.85036277928106],[9.722775265479937,52.85029496345526],[9.72341923806282,52.84851825772776],[9.724816217144504,52.84868365544001],[9.726312183383993,52.846003330648195],[9.72616294536751,52.8457212964481],[9.72687306180305,52.84485432033198],[9.723500070268722,52.843940228448815],[9.723309529512086,52.84379720142442],[9.720455660905792,52.843270154256416],[9.71808683314565,52.84252357661914],[9.715020786960794,52.84176519384532],[9.714042243138497,52.84221423117991],[9.714044577859921,52.84246788357726],[9.714504199078503,52.842717346806715],[9.714396158699243,52.842798088018206],[9.713544585454176,52.84240720568189]]],[[[9.69367766112181,52.84471775606232],[9.693711884239205,52.84492896137323],[9.6935351793346,52.844941141286746],[9.693550231505498,52.845717074327965],[9.695019687562608,52.84548926424094],[9.695290791030551,52.84481944399937],[9.697877717165326,52.84464036820429],[9.70472445527628,52.84730495751789],[9.705607448895027,52.846583932847196],[9.705933084592312,52.84659715397037],[9.708657072079845,52.844264772479136],[9.713293776725129,52.842293309738906],[9.713124036458922,52.84211606075042],[9.713922901952985,52.841705430333626],[9.71421073205155,52.84187517199173],[9.71535108581271,52.841296290367296],[9.713738033159087,52.84046522191308],[9.712814617149142,52.841014163734506],[9.711848895879251,52.84041541524058],[9.7121489870831,52.84002884048351],[9.709733762236834,52.83917677073956],[9.706259712029658,52.83818536509027],[9.701141522968427,52.83627784836162],[9.701021138838884,52.83634102674707],[9.700198201190132,52.83868455474742],[9.698460103048927,52.83833353368053],[9.698488428726474,52.83805778287386],[9.695466070308829,52.83762132298777],[9.695349209371802,52.83788550895308],[9.694372704725218,52.83778444021906],[9.69398536375107,52.8383214962563],[9.693691942538202,52.839153747975146],[9.692524786642204,52.8395144200894],[9.689044099681704,52.839039089238945],[9.687951886636634,52.840334819360955],[9.688858372098382,52.841727619397865],[9.68967493979345,52.84240629575697],[9.69367766112181,52.84471775606232]],[[9.693723707864969,52.84492815621515],[9.693723709661596,52.84492815513002],[9.693899195552376,52.84491620688576],[9.693723707864969,52.84492815621515]]]]}},{"type":"Feature","properties":{"OBJECTID":44,"we_nr":"1141","lgbez":"TrÜbPl Bergen (NATO)","typ":"8","plz":"29683","ort":"Oerbke","strasse":"N.N.","bl":"NI"},"geometry":{"type":"MultiPolygon","coordinates":[[[[9.926510695291375,52.774135782311276],[9.920474041734069,52.766995140505074],[9.919706966719595,52.767048188722214],[9.91468763635709,52.76515504227797],[9.914206576844274,52.76515443512626],[9.91298312802099,52.7654866735787],[9.912655395655849,52.765450196362785],[9.904299454629706,52.762279848704125],[9.90249556926699,52.76264668938912],[9.90218273546081,52.76242683398688],[9.901992165059802,52.7619728450396],[9.902178154951176,52.76168960971184],[9.903561395198915,52.76147121285355],[9.902984016524702,52.75962843270905],[9.902513601149696,52.7589511928783],[9.90080485366376,52.75739155274383],[9.90299137732012,52.75620629677604],[9.903821477236631,52.75657264115159],[9.907345519587686,52.75634080857736],[9.908588318122185,52.75608774504903],[9.90883133127122,52.75610619172961],[9.90901764725104,52.756368605652256],[9.909278229650408,52.756427264930046],[9.911401113058753,52.75619311555839],[9.909684094784007,52.75420242808793],[9.909762179043486,52.754051533071056],[9.908288619482134,52.75223585592821],[9.906909772894467,52.75270767081338],[9.905439042127941,52.75256618228873],[9.904942834324505,52.75265585131372],[9.9044582327545,52.75292677820285],[9.903274597264646,52.752955953581164],[9.902682779968853,52.752675634259234],[9.899974456404907,52.752745713715115],[9.898187309350877,52.75230543043559],[9.897614739358364,52.75242748962851],[9.897310135018529,52.75282178963212],[9.896749102987535,52.75306315525827],[9.895976789896649,52.75324241060961],[9.896006989459842,52.75225900738924],[9.895161038770174,52.75099292629185],[9.894718284319397,52.748539038319855],[9.89453644733954,52.74841424234067],[9.878406117534281,52.74311422462604],[9.876282487625915,52.74268330513094],[9.874552374609276,52.74186859887675],[9.865413292199799,52.7388752975726],[9.86344697795895,52.74016907319287],[9.860043948558141,52.73935090547341],[9.859678525578609,52.7397240186866],[9.858093449157863,52.739480817003106],[9.857814029087026,52.73988961303975],[9.858208050831957,52.740166192326484],[9.857089231484752,52.7406161098823],[9.856243761393733,52.74058242686737],[9.856618682260779,52.74147454835198],[9.85649525014745,52.74162205904794],[9.856349052928207,52.74157711259166],[9.855924731907074,52.74210463025826],[9.8541457173013,52.741877410817736],[9.852260923375864,52.74120879246084],[9.8519905178989,52.74098259352088],[9.849506500966497,52.740523038144225],[9.847931200910995,52.7409614119026],[9.846858513646907,52.74152349439167],[9.845742539264245,52.74151065407661],[9.84563364368885,52.74180575684575],[9.844145986865744,52.74194386061586],[9.843388895727342,52.74175232818608],[9.842928736417933,52.74287051325364],[9.84230456090732,52.742583255479566],[9.841875047623828,52.74323963182178],[9.84120866656618,52.74307833123641],[9.840699912891475,52.743870422368055],[9.839927983381184,52.744360384691205],[9.839800021962223,52.74425872266751],[9.830157272139177,52.74820137917442],[9.824171267394226,52.74738186250707],[9.820533312376918,52.747451698709824],[9.81879576490297,52.74692833664855],[9.817793770560208,52.74642218631117],[9.816464347482855,52.7460967395923],[9.814397780357954,52.745664804951375],[9.812410567710362,52.74554459095972],[9.810884880709699,52.74606468349434],[9.809788259631503,52.74685633208371],[9.808649512058054,52.74742736143554],[9.804917493548995,52.74784868865282],[9.802436521905419,52.748869314952756],[9.800715080326198,52.74921555372093],[9.797413850708343,52.74961701189669],[9.79306561576209,52.75107381294331],[9.78873853973404,52.75168264653118],[9.7883789998213,52.75213117669923],[9.785295588303683,52.75239700734934],[9.775651053528168,52.75377657622157],[9.774709434955636,52.7532720250894],[9.774565145758062,52.75301543029688],[9.771845683084575,52.753913675363435],[9.769442671732913,52.75399399713004],[9.766744033804374,52.753551602772184],[9.762592196630367,52.7533704952104],[9.761352820677109,52.75398074456255],[9.760883080835187,52.754452204006476],[9.76063429421384,52.754944553183044],[9.760643230654301,52.755457555971695],[9.75963831678684,52.75686933215898],[9.759433834177015,52.756962721276544],[9.744005358103326,52.75649666475134],[9.736804012728864,52.75602847531674],[9.736370653757662,52.756145783836075],[9.735682533470152,52.756743079652665],[9.734500758391222,52.757293594592014],[9.734122947643915,52.75729593339066],[9.732231144164325,52.75622928737622],[9.731897112812401,52.75477328722357],[9.732037039790969,52.75449575675776],[9.729072187026226,52.7530125997571],[9.728271330865498,52.753533102270815],[9.728620052367258,52.75393109755448],[9.728715089632763,52.75462209733091],[9.728867472651052,52.75483502590408],[9.730166045784912,52.75566824106757],[9.73155805358982,52.75599709632704],[9.733873506150717,52.75740707402245],[9.734701197683945,52.75736452450337],[9.73625611227071,52.756659786407205],[9.736422622195155,52.75630493043185],[9.736748959476673,52.75617333584121],[9.739555450934873,52.756356390577324],[9.735385260281332,52.75950458287367],[9.735048841207387,52.76002565200692],[9.734560684105505,52.761481498339464],[9.730828622477318,52.76441105168896],[9.72932532149356,52.76588600276107],[9.729123880579273,52.765960122337546],[9.729342137057364,52.766016019991206],[9.728868208371274,52.76644640000678],[9.728949266054315,52.76652358092594],[9.730273923569097,52.76698969267631],[9.730966134784422,52.76736816432236],[9.73011857880531,52.76836350229077],[9.72830764346424,52.76999709592977],[9.727882556180147,52.770008025074176],[9.72235802677652,52.76776202308267],[9.721724991182235,52.7673925583983],[9.716206433778583,52.76267077680939],[9.715212444323324,52.762068484566726],[9.711986585154449,52.766557749379594],[9.712212418023626,52.768537000831515],[9.712143372612575,52.768953668762876],[9.711804431967613,52.76902984301027],[9.712273992146482,52.76907671233841],[9.711693633760465,52.76917599242557],[9.709579329263068,52.77151309298548],[9.709736074500363,52.772012069318244],[9.70913517254212,52.772218223881524],[9.707947314072078,52.775885929982955],[9.7084555979279,52.77832072867444],[9.704809893144631,52.77824005454968],[9.704656181518034,52.778158160900716],[9.704600150000504,52.77777676230037],[9.702173477024258,52.7776288708172],[9.70316506168952,52.78078826014432],[9.700055138192896,52.78111769240374],[9.700168416648564,52.78150784391927],[9.69825741078145,52.78170864010274],[9.699057893243022,52.78451683373421],[9.696599144122946,52.78650867494244],[9.693097441974677,52.786073426485224],[9.688416928289602,52.78758202438858],[9.690883558329684,52.79041320703078],[9.690700829322774,52.790472138789646],[9.688821314796279,52.78831530566406],[9.686890142649355,52.78852700253724],[9.686654726552709,52.78836535026222],[9.688659173379051,52.78812905828469],[9.688245365341684,52.78765356341644],[9.684728522089301,52.78516905498709],[9.684526651780304,52.78515254554993],[9.682918485063496,52.78578556907532],[9.682782227702871,52.78568867772307],[9.684456377473923,52.78502930346569],[9.683614955191594,52.784470035903844],[9.683096454796049,52.784431111202075],[9.675056871666932,52.786393539334966],[9.677084062937954,52.78740174340873],[9.67651946818854,52.788213112218806],[9.677782433901179,52.788826317639796],[9.676216104422096,52.79005894335048],[9.679209489476882,52.79092967450978],[9.67964343325136,52.79088593492442],[9.679837905035663,52.78968810116302],[9.683032939413865,52.78988818162864],[9.682964980964302,52.78962896190701],[9.686373402951755,52.78936357417141],[9.686535459927356,52.78976989814773],[9.687772654771127,52.78969819527886],[9.689037617438615,52.79306613215796],[9.689405941976538,52.795440162655304],[9.68914184806275,52.79639192210186],[9.689145862633744,52.797638664474384],[9.69061375831723,52.80059940043817],[9.691181750495037,52.80054216333604],[9.691376516926754,52.80138736574026],[9.69101429554291,52.80140727535954],[9.691619669314637,52.803281083893204],[9.690549727302079,52.804414306913856],[9.691159038389719,52.80847699101883],[9.689193937772815,52.80865342755811],[9.687200570767175,52.8091730858354],[9.683084380540294,52.81065992503688],[9.681405285543617,52.811069015860234],[9.681467510945035,52.81127688205026],[9.680989228124783,52.81154181736918],[9.68116294972433,52.81175257752103],[9.680832755975306,52.81183774505672],[9.682043963456207,52.81489281847051],[9.682892524650105,52.817521282027535],[9.68308754261011,52.8187426934481],[9.684152613957206,52.822466422800375],[9.684283455374995,52.82248117664659],[9.68486117990059,52.82548213369924],[9.684733930845626,52.82548594200028],[9.684905729152153,52.826337846647924],[9.684801707835508,52.8263465915633],[9.684977127250969,52.82652063026587],[9.687293538314266,52.8391312146524],[9.688145864347534,52.84179672968189],[9.68913719748451,52.843724236620254],[9.689277000495576,52.84369411830378],[9.689863594087981,52.844690633921765],[9.692466774339474,52.84449014473637],[9.692692524563682,52.84423365295697],[9.693530851251548,52.84471796657639],[9.6935351793346,52.844941141286746],[9.693711884239205,52.84492896137323],[9.693677663816768,52.844717758232576],[9.689235462396818,52.84211824198034],[9.688733919498917,52.8415630090876],[9.687951886636634,52.840334819360955],[9.689044099681704,52.839039089238945],[9.692415179601142,52.839528562575204],[9.693691942538202,52.839153747975146],[9.69398536375107,52.8383214962563],[9.69440587591541,52.83773743868178],[9.69519933265315,52.834610482516254],[9.698881852193404,52.83518075354243],[9.699447950722595,52.83580988306583],[9.700987900275043,52.83601531481757],[9.700926562409123,52.836328256170376],[9.701141522968427,52.83627784836162],[9.706259712029658,52.83818536509027],[9.709733762236834,52.83917677073956],[9.7121489870831,52.84002884048351],[9.711848895879251,52.84041541524058],[9.712814617149142,52.841014163734506],[9.713738033159087,52.84046522191308],[9.714890470159142,52.84101725063292],[9.715348238153243,52.841377135688006],[9.715714502854224,52.84147407716542],[9.715030734005921,52.84176769142797],[9.71808683314565,52.84252357661914],[9.720455660905792,52.843270154256416],[9.723309529512086,52.84379720142442],[9.723500070268722,52.843940228448815],[9.72687306180305,52.84485432033198],[9.72616294536751,52.8457212964481],[9.726312183383993,52.846003330648195],[9.724816217144504,52.84868365544001],[9.72341923806282,52.84851825772776],[9.722775265479937,52.85029496345526],[9.723952955919266,52.85036277928106],[9.72375720313737,52.85135634428076],[9.722359151467254,52.851432511527015],[9.722301579339,52.851590286654385],[9.722196021004889,52.85157668894572],[9.721780383099265,52.85267108743787],[9.72034448271127,52.8527747578872],[9.72074134852238,52.85479992651625],[9.713788080100189,52.855279087976946],[9.713680807780515,52.854723190195635],[9.712394891909026,52.854790451785455],[9.71223756366508,52.85398161936286],[9.711242099176088,52.85405541314395],[9.710949603227965,52.85221474161769],[9.707498871488946,52.85210054157933],[9.707168997540156,52.850672267930214],[9.709029245898765,52.84914387064933],[9.707394692068778,52.848306621215116],[9.707434084990636,52.84817636590507],[9.705663841535324,52.847361237339825],[9.706202301598148,52.84692643345574],[9.706093244326008,52.84680430390646],[9.705181057257148,52.847562565576865],[9.703963358550018,52.84952144173241],[9.707109673697095,52.85064585854107],[9.707458581150123,52.852155277827194],[9.710881794797052,52.85234013353114],[9.711158913384159,52.85412512382047],[9.71168751892832,52.85408664496425],[9.71197366109244,52.85433563786241],[9.71228994263268,52.85431361309184],[9.712541372097588,52.855614368646116],[9.71661636468721,52.85534275619664],[9.716695816182506,52.85550942919028],[9.718363381302533,52.85578304702212],[9.722547345824339,52.85418517617612],[9.722870121285764,52.8542280980971],[9.712234005438244,52.8582902881294],[9.719815522332555,52.860722826498],[9.722913721018095,52.861452355271375],[9.724772039795438,52.8620377013858],[9.725912365708856,52.862544747585616],[9.728923246352116,52.86347190887187],[9.731648431293948,52.86476163320079],[9.732202664874874,52.86524176224083],[9.733149711966636,52.86579423299973],[9.73529299791176,52.86677140936594],[9.73651075411107,52.867592950278556],[9.737306330872892,52.86778084583495],[9.738900723721438,52.86871241390529],[9.738722264407066,52.86891572376715],[9.7421779332869,52.871418036956165],[9.742203622409066,52.87160611440019],[9.742571646011362,52.871731253462926],[9.75725910090876,52.88363362843533],[9.760299333105621,52.88588518719748],[9.762987374507063,52.88767506571093],[9.765344937393568,52.888860173766645],[9.766140889651176,52.88903081126507],[9.767548543413367,52.88881700750702],[9.76816674692401,52.8889097861043],[9.768661627017439,52.88901729412258],[9.769775822735848,52.889565056157224],[9.770161293417607,52.88994528096209],[9.769009904751467,52.89100635655672],[9.774460405789172,52.8942298873675],[9.777241562061398,52.89569524857617],[9.780630421436923,52.897834231440974],[9.785773944785799,52.90131396963163],[9.786745075710346,52.90232256319409],[9.788237724471488,52.90352394659895],[9.789130063264142,52.903410270627106],[9.790696947902063,52.904525007346926],[9.791296237384383,52.90531665971655],[9.791516849245161,52.905750926282664],[9.79150245823429,52.906143454114186],[9.791954791420954,52.9067486268852],[9.795027201271283,52.90945729350274],[9.79565218796061,52.90986763833771],[9.797956201374697,52.91200131486292],[9.799831717499876,52.913507629132354],[9.802717631707297,52.91554931987006],[9.805755735795268,52.91751028629022],[9.813668051004782,52.92164918805006],[9.8159773788521,52.92259540307688],[9.8161635457116,52.922406129988545],[9.816422023358236,52.92252008919268],[9.816261427941614,52.922692834712834],[9.817099792358723,52.923058467853735],[9.822878512648469,52.92522313766719],[9.823048935634304,52.92469966859246],[9.822730525086843,52.92448530914293],[9.823286493314566,52.923937431729854],[9.823298981693648,52.92373317807164],[9.822746384843201,52.92242656257701],[9.824202091286569,52.922269337494924],[9.825983696633603,52.92163897076117],[9.827469343027104,52.92238624927163],[9.828319013640419,52.92225011150074],[9.829603418545622,52.92319260464949],[9.829568800169506,52.92344293398536],[9.831115099014376,52.923787162146866],[9.83334468610883,52.92318095145193],[9.836626458217617,52.92285169655221],[9.83850482290056,52.92252805542896],[9.840794027587162,52.924084187086976],[9.841584015031277,52.92500983089078],[9.843039408860955,52.92516854017466],[9.842502309745768,52.92587947898884],[9.842552147379411,52.92598003607833],[9.844722006388947,52.92558467589355],[9.844685562636196,52.92743799475609],[9.847220770963402,52.9279605301708],[9.849878426850351,52.92783800648356],[9.853078198943377,52.926919575192926],[9.859239504526137,52.92610653346208],[9.86132609330208,52.926773825331935],[9.862411553711167,52.92779450431238],[9.86794976535492,52.92844050703136],[9.869864222549348,52.92896756006495],[9.871722650022875,52.930826475472976],[9.873692526083813,52.93182913398539],[9.87511278320945,52.93272380520036],[9.877246960237573,52.93292494853351],[9.878058648284007,52.93340743304496],[9.879041935211012,52.9342607677192],[9.881592774224147,52.93477994779378],[9.881701172132887,52.93396759622612],[9.883379043624148,52.93389358156436],[9.885194677154173,52.934415558252475],[9.886561887863968,52.937741200533964],[9.886818781780754,52.93781503211971],[9.887129350934083,52.93675404585964],[9.888904708498305,52.934131356829525],[9.889893308960207,52.93352068647677],[9.891616606458767,52.93316947241484],[9.891345483227889,52.933008979120274],[9.891650196263871,52.93205512845985],[9.898426687017924,52.9293769235044],[9.90258836254091,52.92679492086522],[9.90594290088266,52.922547542345626],[9.906299757527636,52.922468317557374],[9.90949794050093,52.923354965420984],[9.913084795751606,52.91778360517539],[9.913600613777719,52.916806505133],[9.918356379334156,52.9044075049892],[9.918731328947276,52.90308666083573],[9.91885026948415,52.90221155481591],[9.917137753565623,52.90198055123006],[9.916214194723572,52.900584742179745],[9.913996518391466,52.9005391215719],[9.914122427160027,52.90018795149896],[9.915958592584179,52.90019814296243],[9.914055936557654,52.89732083040591],[9.912929434818137,52.897118150078256],[9.912111925688679,52.89671968728685],[9.91412863362034,52.895544217669126],[9.912755423062764,52.89540148207739],[9.91340962655839,52.89309683643862],[9.913991715099652,52.889234070877535],[9.913564457485839,52.8886714882065],[9.915713701956212,52.8883966490026],[9.916653039706247,52.88851188200233],[9.915851733489538,52.88396010470025],[9.912077820250571,52.883699184839784],[9.912005699007993,52.88323604777312],[9.90598571279247,52.88300880971546],[9.90715468957355,52.881068350016164],[9.909018726127721,52.8789930596309],[9.90940392012834,52.87898795327413],[9.910082538036786,52.87783671984849],[9.910194506748752,52.87690721166709],[9.907894644449586,52.87585636280508],[9.90853501209325,52.87350934701175],[9.899879924890902,52.87352832733645],[9.900054265429716,52.87278176850381],[9.897993055857171,52.872403963814456],[9.896456706752389,52.87244777321684],[9.896476086108041,52.87116752512966],[9.895664669352797,52.87048403051368],[9.895508309492756,52.8699160125226],[9.895791417147848,52.868881797825345],[9.897221710251825,52.865396688343466],[9.897568061997875,52.86503335915749],[9.898400175937248,52.86316622157395],[9.900148969420231,52.86090388390727],[9.89858725458677,52.86080951429731],[9.89950992679162,52.859555928755775],[9.89903868496655,52.85949938216466],[9.901362492757917,52.85688813830205],[9.900649368762792,52.855917151317314],[9.903054061760654,52.85589076898568],[9.903643670099152,52.854016049496835],[9.904052028956029,52.854013543397144],[9.902971487721416,52.850180500681745],[9.903488818510473,52.85011269162358],[9.903173579015967,52.848943365679176],[9.903636232048619,52.84889192004364],[9.903599588869845,52.84877131993779],[9.905612452012095,52.848545789245556],[9.905509286789918,52.848220096694874],[9.905600756845415,52.84689133851846],[9.90567365423242,52.84659333124381],[9.906048871543474,52.84608713818135],[9.908041050976317,52.84622898197169],[9.908322282949102,52.84399001805679],[9.908572951540934,52.843989628490775],[9.908709528701825,52.843373372400514],[9.91169286160856,52.8433659179097],[9.913131684216179,52.84079029817269],[9.913345897377198,52.83927625663754],[9.913171719433459,52.837013532069236],[9.914552830673976,52.83690709440286],[9.915331053781133,52.83606096425649],[9.918526946050429,52.835291593316704],[9.91787462272866,52.832435196059144],[9.920794362099828,52.82978517613539],[9.923877706243795,52.82336875630082],[9.92594909462682,52.82357006604449],[9.925518383889061,52.82245201093846],[9.928300776243127,52.82291638218634],[9.929014310768357,52.82284092054059],[9.927965634573523,52.82138972917961],[9.927861101217133,52.8209243867278],[9.926918404666282,52.82009451145662],[9.926780959732861,52.81848396164412],[9.92639143046265,52.81799131082329],[9.926456915850268,52.817267732038076],[9.9273179914744,52.8162915502802],[9.927738938423335,52.81555898979993],[9.928426419110345,52.81490708733288],[9.928222970461414,52.8140947569767],[9.928007543676483,52.81390115119268],[9.927833705295914,52.813384828327266],[9.92703497454915,52.81262603610657],[9.926734974075138,52.81254963518219],[9.92611933166139,52.81268559638469],[9.924787488522657,52.8122950261816],[9.924727834997894,52.81212473400075],[9.926118392921923,52.8118721499703],[9.92601930874606,52.81134838156945],[9.924392648412503,52.81148742575269],[9.924312001259537,52.81116104150271],[9.925933622942674,52.810904132974805],[9.925350134826202,52.80783297726532],[9.926203502006873,52.80777346789908],[9.92626324176992,52.80808600777662],[9.92954203686186,52.807902264747156],[9.930011551226645,52.80758306333635],[9.9300312494842,52.80708236123136],[9.931054727036983,52.80709436604195],[9.931055558876963,52.8080062196558],[9.92982388597725,52.80784397727679],[9.929701106939145,52.80792743163439],[9.9314654457681,52.80820717592389],[9.932056465359905,52.80762081719709],[9.932345110230406,52.80715988715055],[9.931491161839746,52.80692405946205],[9.931660428693819,52.80671986130767],[9.930502168814078,52.80636330520579],[9.929831590827423,52.805920901988564],[9.932159234425063,52.80305068445704],[9.931285504233518,52.802728031957066],[9.9342861647438,52.80177429090436],[9.93373465305818,52.80106648500639],[9.935076920247466,52.800624132717346],[9.934367970723455,52.80000819821464],[9.934551877421725,52.79994077192188],[9.93427637131054,52.79960717192175],[9.934777704002688,52.79945429485098],[9.934527961573897,52.799141367048286],[9.935523744066495,52.79882181780419],[9.935415353344302,52.798759130164434],[9.935404394796143,52.798463398601285],[9.93565327843554,52.798012626065855],[9.935502947169324,52.79793698213399],[9.935171395167588,52.79636148037046],[9.93600806087052,52.79614989277454],[9.934987525300263,52.79544154667174],[9.93539760802417,52.79486272630303],[9.935672542806799,52.79474220429705],[9.935558799023834,52.794721983639704],[9.93510977253572,52.7939682091006],[9.935046597615036,52.79505834734349],[9.93481567489144,52.79530945220862],[9.93375507625616,52.795862933084564],[9.931915518793497,52.796233148507824],[9.925147598865587,52.79621214366592],[9.925108256249402,52.7960383491355],[9.925275989679262,52.79604060166185],[9.92529753397472,52.79527159477454],[9.924031534651382,52.795155392191575],[9.92150461238437,52.794371331416144],[9.921070877019051,52.793968887552374],[9.921203439608915,52.79373813567462],[9.917682202696462,52.792683286176306],[9.917493266330942,52.79203284252923],[9.918257491889358,52.78884450435629],[9.918201576254486,52.788457330516756],[9.910990898282508,52.783216280397745],[9.912484932245842,52.78144516501439],[9.913008896194937,52.781473138956166],[9.913586858774092,52.781208032376234],[9.916054760828631,52.779485376221324],[9.914846157563714,52.77854318327762],[9.915969001363383,52.77791534653212],[9.917426915865752,52.77650252940069],[9.918465949544306,52.77568215559734],[9.92195949139654,52.7748143695787],[9.926510695291375,52.774135782311276]]],[[[9.821540959817781,52.921478792711355],[9.821685289439559,52.92168956757531],[9.82130627854303,52.9217832187258],[9.821137261420617,52.92153403015568],[9.821540959817781,52.921478792711355]]],[[[9.71693430990734,52.85713885679721],[9.717054784766724,52.85735927950491],[9.716053666281368,52.85783459043141],[9.7155684134328,52.858253852905364],[9.715146137875557,52.858188649100455],[9.71508100911912,52.85805667530157],[9.714882462576682,52.858297171088296],[9.715096347852592,52.858248884586594],[9.717842624339012,52.85908041538975],[9.718664060004585,52.85829732241576],[9.718034017596828,52.85803927796852],[9.71797445300528,52.85786700629847],[9.718274935874597,52.8577493546582],[9.719245069669197,52.85822855623806],[9.717912362351159,52.859499117484575],[9.714346524084844,52.85842477085976],[9.714722958613132,52.85796887876879],[9.71693430990734,52.85713885679721]]],[[[9.71759729802812,52.85763061464335],[9.717940326007643,52.857500040714946],[9.71816134211028,52.857713201570185],[9.717831838267395,52.85780748353624],[9.71759729802812,52.85763061464335]]],[[[9.717072310897931,52.85744040571441],[9.717465035475588,52.857649393634034],[9.716803470286179,52.857901049875515],[9.716340940322729,52.85824856565955],[9.716850945350622,52.85840255832738],[9.716668844266117,52.85858688842801],[9.715695929287403,52.858325605453125],[9.716330598018876,52.857791854322855],[9.717072310897931,52.85744040571441]]],[[[9.716866063098545,52.85870710545872],[9.716805011795199,52.85858858339262],[9.71740477199473,52.85813528078583],[9.717767485655349,52.858370241033185],[9.718086537599937,52.85816350535028],[9.718413089578794,52.85832930727802],[9.71778195931122,52.85895848437484],[9.716866063098545,52.85870710545872]]],[[[9.73440453175626,52.85574564092346],[9.734428835676301,52.85662533068213],[9.733382897546454,52.85668959954713],[9.732694564358198,52.85652284429931],[9.734019406027619,52.85546042792168],[9.73440453175626,52.85574564092346]]],[[[9.733207392791037,52.854661036638134],[9.731203591853374,52.85412376228488],[9.731331343964913,52.853979866176594],[9.730793237838279,52.85383185295274],[9.730666274447593,52.85399004680679],[9.7301622944203,52.85386656093875],[9.73084925498279,52.85280266480089],[9.731927305189084,52.85288265059754],[9.73173135926941,52.85391458055026],[9.732031253742198,52.85394238963315],[9.732008742859495,52.854104103008254],[9.73341468712771,52.85418877800208],[9.733207392791037,52.854661036638134]]],[[[9.730421175410498,52.85316929797714],[9.730065524304626,52.853045187032336],[9.730144883273454,52.852652894322844],[9.730715837196756,52.85276026277582],[9.730421175410498,52.85316929797714]]],[[[9.70686655724183,52.84965346969538],[9.706867735831489,52.849144619851046],[9.707636747613707,52.84921158031472],[9.707549726913802,52.84964794432918],[9.70686655724183,52.84965346969538]]],[[[9.725374313481147,52.84786592849304],[9.726537311974012,52.8457896218187],[9.727328528313421,52.8447364429789],[9.727971130965498,52.84489704584934],[9.727591059158627,52.845355645324084],[9.726792282597744,52.84575732497296],[9.725544336716677,52.84789275785815],[9.725374313481147,52.84786592849304]]],[[[9.721797823890515,52.84268544647741],[9.718117470188428,52.84149807972464],[9.717136943784306,52.84118415063969],[9.71868313842461,52.839437200396986],[9.721813429423626,52.84057342574912],[9.721450502862297,52.84099515290653],[9.72285715051137,52.841452056178504],[9.721797823890515,52.84268544647741]]],[[[9.685579551853625,52.82013564521289],[9.686041692846532,52.82139246678953],[9.685359255301494,52.82146949925144],[9.684869025786272,52.8202152672123],[9.685579551853625,52.82013564521289]]],[[[9.915346161647587,52.81704164248225],[9.914931354683613,52.81783269860609],[9.913837850759448,52.81774818397964],[9.914478402557716,52.81698917530001],[9.915346161647587,52.81704164248225]]],[[[9.915705692577157,52.81743222487007],[9.915338647240233,52.817517370962854],[9.915488822199556,52.81706124959225],[9.915873385582847,52.817219703924756],[9.915705692577157,52.81743222487007]]],[[[9.913722946353134,52.81707928551967],[9.91321294132524,52.816678677799956],[9.91408702185972,52.8161998835094],[9.91414876576416,52.8158449318528],[9.915481453319266,52.81620944484242],[9.915382343990583,52.81630247377184],[9.915598231611291,52.816390870886785],[9.9152956772269,52.816917861504244],[9.913722946353134,52.81707928551967]]],[[[9.926899986508023,52.81560218770935],[9.924357792881153,52.816015857707015],[9.924228564837616,52.81561150920072],[9.92408843843306,52.8155537190711],[9.923392085984283,52.81425516260092],[9.926307434390338,52.8140866719881],[9.926899986508023,52.81560218770935]]],[[[9.915969874525828,52.815429550005526],[9.915496050942634,52.81518535988881],[9.91641163005,52.81286848792669],[9.916884280433452,52.812841400734555],[9.916959590695294,52.812897644863824],[9.915969874525828,52.815429550005526]]],[[[9.913282688320523,52.81365828000241],[9.913753314799614,52.81401062708849],[9.913542904207244,52.814242869836136],[9.913072328932087,52.814355902223],[9.912592803741779,52.81404177749745],[9.91255354107567,52.813809364818525],[9.913282688320523,52.81365828000241]]],[[[9.918616588034332,52.8149166462356],[9.919290841028815,52.8149224643194],[9.919311081868782,52.815234157953626],[9.918522678154519,52.81521542413768],[9.918152781564872,52.81486881478143],[9.917507771427843,52.81481079128792],[9.917493174702805,52.81458397607328],[9.918460609958258,52.81465131070812],[9.918616588034332,52.8149166462356]]],[[[9.91646585864879,52.81232104515573],[9.917054969320596,52.81229016173937],[9.917015138919218,52.81264795822948],[9.916476194664428,52.81273411274407],[9.91646585864879,52.81232104515573]]],[[[9.922006007060249,52.811983530288614],[9.922248976191826,52.81241039675695],[9.921623596040405,52.81244286283152],[9.921532509565502,52.81202467986619],[9.922006007060249,52.811983530288614]]],[[[9.925565335235698,52.80239442781234],[9.924429318540723,52.802146517595716],[9.924470102952952,52.80300362524447],[9.923590895733101,52.803156900950974],[9.923418920458447,52.80277365391929],[9.923375434812181,52.80210313741222],[9.924426180725428,52.80208459127898],[9.924439587182746,52.800924565947554],[9.922726808956133,52.800243726136785],[9.922733341504895,52.79945262473404],[9.922051787902099,52.79919918877326],[9.92209846346596,52.79580285221292],[9.922745237894189,52.795805861934646],[9.923333911984805,52.79639896858971],[9.932493600848572,52.79635885524878],[9.933873935046364,52.79601729205517],[9.934084991527449,52.79637258105389],[9.93392444282321,52.796493943163135],[9.93411701916227,52.79715857252466],[9.932996624170089,52.79667250212154],[9.932219474549695,52.79659853531929],[9.932216851469072,52.79714106985869],[9.932100708285992,52.79714203613374],[9.932148837323956,52.79792034990205],[9.932537919233146,52.79846136237003],[9.931997008566208,52.79862146340622],[9.93200359501386,52.798808135136596],[9.932394165431443,52.7993512308657],[9.9322976854716,52.799425059920395],[9.932534751773447,52.79951078712878],[9.931857588237436,52.79968404095343],[9.931843130751282,52.80072428532365],[9.928205240412664,52.80072925968232],[9.927406776465505,52.802268898727746],[9.925407551545923,52.80259648641862],[9.925565335235698,52.80239442781234]]],[[[9.921505785584113,52.797248516367716],[9.921734679911797,52.797356855555925],[9.921682728542283,52.797552742929724],[9.921223911315904,52.798099590625455],[9.920981709345615,52.79804521966862],[9.920896332562698,52.797941903583144],[9.921505785584113,52.797248516367716]]],[[[9.89589445211431,52.7863028173273],[9.896018421420171,52.78585122769078],[9.895001668655595,52.78513760300162],[9.894818261420642,52.78467349912106],[9.895696228067067,52.782260633030354],[9.89697893964794,52.78247252073426],[9.897304845738116,52.78183301197433],[9.898034422377684,52.77935544159665],[9.900263642959525,52.77811209687808],[9.901782067979418,52.77835260182448],[9.902565487840485,52.777928858624605],[9.90289926317257,52.77820664731955],[9.903326811840543,52.778041104033186],[9.904362279207422,52.77878930770841],[9.904366954938482,52.77902272592153],[9.904822593027065,52.77908342334161],[9.905265414851492,52.77944380135679],[9.904894879559677,52.780271907012725],[9.904074856944039,52.78031401956239],[9.903459451685523,52.78175222645326],[9.904130470744953,52.78195006570695],[9.903202332291599,52.78423651053359],[9.902450735249447,52.784112988218844],[9.901103503071601,52.787278448477494],[9.89589445211431,52.7863028173273]]],[[[9.907500481669176,52.78686955485795],[9.907134522395411,52.78690474392993],[9.907076083392925,52.786662342362085],[9.906461997759545,52.78671091764154],[9.90517276440971,52.78605295840228],[9.904881116471211,52.784770493789615],[9.905736802203624,52.78427950105018],[9.907293346334322,52.78413810693603],[9.90883317820742,52.78470163235118],[9.909875403600228,52.786566184771736],[9.909180141706193,52.78670957409382],[9.908981698470022,52.78643227701935],[9.907448005683525,52.786633022773096],[9.907500481669176,52.78686955485795]]],[[[9.905294845456837,52.77905979709435],[9.904850760601123,52.77852150913315],[9.905294208551293,52.7774205378363],[9.90572539359952,52.77673398349151],[9.905599421050598,52.77671375555062],[9.905664041360545,52.776564413889474],[9.905808013452845,52.77644607245056],[9.90705736070575,52.77733172566053],[9.90739590609199,52.7773914831782],[9.907572301976163,52.77900738459895],[9.90738133451977,52.77915154434832],[9.907909092054306,52.779321258190905],[9.907668048910741,52.78016263088824],[9.90653816950577,52.7799666641151],[9.905294845456837,52.77905979709435]]],[[[9.901386634981181,52.77689988116143],[9.904614193762596,52.77386910829822],[9.904490452628798,52.77528193373881],[9.90479122565398,52.77543131186239],[9.905925354988518,52.77540105435767],[9.904645400337236,52.77848952416865],[9.904536217300969,52.77851989798526],[9.902883369280255,52.77734624812129],[9.901386634981181,52.77689988116143]]],[[[9.741038969219483,52.77234366198093],[9.74112373335138,52.77518490542223],[9.736697017988625,52.776076326606],[9.734452537725055,52.776132245507824],[9.734111945976627,52.77486609098384],[9.735932445680529,52.77465277178635],[9.735796829717,52.77421730257521],[9.73520614519681,52.77353043576165],[9.738415107953509,52.771772313568555],[9.741038969219483,52.77234366198093]]],[[[9.911617013255857,52.76893423453345],[9.917184909728164,52.76897725484118],[9.917864959551148,52.77139600139929],[9.915891911538958,52.77141949376339],[9.915717098486304,52.77129498235022],[9.915503939049147,52.77144607849987],[9.91231683320163,52.77172108739634],[9.911617013255857,52.76893423453345]]],[[[9.736075863512285,52.76986646447872],[9.739448706824591,52.768707736556415],[9.74007514159817,52.769314897532844],[9.740240861005171,52.77004670886455],[9.740148538448462,52.77036703145917],[9.739442160801142,52.77033958463055],[9.739366473246852,52.77055204016544],[9.736075863512285,52.76986646447872]]],[[[9.724783702622789,52.775871235857046],[9.723015170458082,52.77573529158995],[9.722977686456224,52.775369772469794],[9.722417912066602,52.7748105454257],[9.723315906652315,52.77450789283939],[9.723208030664757,52.77440043744053],[9.72437029433573,52.774013125293486],[9.725668530601343,52.77438881162127],[9.725656869570654,52.774507685789146],[9.72470129477188,52.77473334006889],[9.725149641235287,52.77513867304986],[9.724631978967901,52.77547433879239],[9.724783702622789,52.775871235857046]]],[[[9.703928621596287,52.84707651828669],[9.70257935742924,52.849274435539435],[9.703820501266986,52.84945318407996],[9.705089717457364,52.847408339137075],[9.697877717165326,52.84464036820429],[9.697681253816024,52.84465387042433],[9.703928621596287,52.84707651828669]]],[[[9.7179874147965,52.85592595970809],[9.716894351945177,52.85571813892336],[9.716103595543181,52.85582503873447],[9.716075714531696,52.85568975438049],[9.713817415484106,52.85586107406241],[9.712651204615788,52.85618257225976],[9.712824946876601,52.85708131282374],[9.713053602252424,52.85749852470058],[9.713482346578035,52.857623731036355],[9.7179874147965,52.85592595970809]]]]}},{"type":"Feature","properties":{"OBJECTID":45,"we_nr":"1047","lgbez":"TrÜbPl Munster/Süd","typ":"8","plz":"29633","ort":"Munster","strasse":"Zw. BAB A 7 u. Landstr. N. Müden","bl":"NI"},"geometry":{"type":"MultiPolygon","coordinates":[[[[10.057998949471948,52.98541711679514],[10.074793250167149,52.985365080614265],[10.074793252862106,52.98523918639072],[10.057933130821613,52.98523055515096],[10.057559979635684,52.98482525376888],[10.055850329342897,52.9839320411957],[10.056456329240401,52.983125475148384],[10.057614467847566,52.98194522646065],[10.05839902946738,52.98189203641879],[10.058428840060062,52.98166492903328],[10.058218259686072,52.98150859088426],[10.059415072562883,52.980570410026296],[10.05977044429269,52.98047772117183],[10.059740997517665,52.98033466726168],[10.060465993647597,52.979823491932194],[10.06116559260782,52.980008342737634],[10.062314183021835,52.97914863496027],[10.063261180706288,52.979604864870375],[10.064224378608566,52.978882925964804],[10.065516338345294,52.979541657092675],[10.066158608620709,52.97905721412804],[10.064974468277622,52.97845046539659],[10.065663673730025,52.977158501396275],[10.066079270313116,52.97699827891073],[10.06696962023573,52.97703008913438],[10.067642369450436,52.976580730840396],[10.070788706157076,52.97563912116063],[10.07274041828297,52.97533638298277],[10.07281943768863,52.97518471180033],[10.073884820751116,52.97498274417987],[10.081322780574821,52.97417185066565],[10.082632544920523,52.97405661559175],[10.082820396121182,52.97424118002671],[10.083690529458316,52.97412920161781],[10.083809558928436,52.974470551317225],[10.0929642441761,52.97364732103553],[10.092785422840665,52.97320608570912],[10.093736017379497,52.97316188695227],[10.096508928914062,52.97319021787103],[10.096396524519202,52.97357219389668],[10.099205665109176,52.974021215633016],[10.101944138829007,52.974800388304494],[10.104072183956974,52.973163066776436],[10.102708286233977,52.972512090496444],[10.10387910096812,52.971639395161276],[10.105327580465037,52.972344877733825],[10.108178967026216,52.97016303813413],[10.108946741828298,52.969369815319986],[10.116216135483834,52.95925743743006],[10.118176895441296,52.95663092861428],[10.11879386107347,52.955995447618115],[10.120888793401758,52.95449193246819],[10.121954772945584,52.954101283497316],[10.122873939025895,52.95411319896789],[10.123112007847604,52.9537012227921],[10.1243372685728,52.952901936189434],[10.126474222293451,52.9530372539696],[10.125885732357473,52.9514075176107],[10.125404380892201,52.950914877274755],[10.124249880461948,52.950703814422596],[10.123596085699768,52.947374966467656],[10.125472454326125,52.94715377737698],[10.126817580852974,52.94785096077986],[10.127980307156317,52.9480247916829],[10.129457610895772,52.94849280331496],[10.133610707507776,52.93581703532262],[10.131146599038683,52.936256071889616],[10.131869596417104,52.93308299637772],[10.131990871675436,52.932943090118215],[10.131379485479501,52.93298450358336],[10.123707425591032,52.92978370229105],[10.128158321804591,52.925609112832426],[10.129408853037072,52.925610456419584],[10.128158517637324,52.925493067576866],[10.122785206137088,52.92275442720805],[10.126004055751775,52.918796952207884],[10.1259702494527,52.91864679748496],[10.12679454804909,52.91905299139312],[10.126952686573418,52.91933541453582],[10.127044048831097,52.9189055164824],[10.12668630375229,52.918875664827574],[10.123551358581746,52.91732978798017],[10.121977131114713,52.91698216969676],[10.123229058329118,52.914737693460914],[10.123547522775473,52.913589136251204],[10.123739022034512,52.91351880281862],[10.12143511372335,52.91240722711518],[10.117185130214649,52.912478267665676],[10.117378125168624,52.91246755254357],[10.117629032712353,52.91119855185646],[10.114237764055243,52.91009713282789],[10.11510055186831,52.90616050978999],[10.118449929388799,52.90637549308199],[10.119753039913165,52.9001210160441],[10.119007144478125,52.89766032138052],[10.113710659595931,52.89841197976887],[10.112333336550975,52.898842886491444],[10.1073263158028,52.900968650869935],[10.099815589746134,52.9047063148514],[10.094468103911987,52.902529630836604],[10.091692503719745,52.90170418495163],[10.087786777085897,52.901755370748035],[10.088155294761565,52.9031233060261],[10.087764118879472,52.90330177153976],[10.087529992763558,52.903166044079605],[10.087481481043262,52.90293637957846],[10.086550539846233,52.90298523674389],[10.086497670398485,52.902780901049454],[10.086682382885552,52.902187479085896],[10.086593826066508,52.90192232873436],[10.086409787315898,52.901890074742845],[10.0861686615273,52.901535789675755],[10.085407448918382,52.90154954403842],[10.084727983898642,52.901898018223804],[10.083949511958153,52.90322921019201],[10.085226901020992,52.905411892583224],[10.0857817688125,52.90693478272184],[10.08573862811929,52.90709400360459],[10.08448955215757,52.908208729519025],[10.084275391997181,52.908239002979236],[10.076174055082156,52.90552569712848],[10.07049081672398,52.906215705551716],[10.071065946915056,52.90710304865817],[10.07256513271651,52.911457087284724],[10.072719532452618,52.91141344947347],[10.073080730655366,52.912464911140994],[10.07588950113944,52.91213344308949],[10.076355957639,52.912551558921294],[10.077091571855593,52.91249621088463],[10.07724631923971,52.912629037494725],[10.077946317950243,52.91251087022304],[10.076608050958898,52.913668439039384],[10.076308134028219,52.91358581454048],[10.075409872642899,52.91418973387064],[10.077708022753098,52.91420704422453],[10.078403108577337,52.914563635650694],[10.077526000720304,52.9148995670029],[10.076380847260586,52.914803030029425],[10.073714865787569,52.91416721729123],[10.073294702169568,52.914359156305615],[10.076982486735677,52.91509059707901],[10.077594529600091,52.915098388635485],[10.07866723662708,52.914659929940086],[10.079006698294927,52.9143512774038],[10.079606838481796,52.91483528524156],[10.078734615663317,52.91535147587144],[10.078155761057072,52.91605674480916],[10.077629860340204,52.91625077387035],[10.077341490354184,52.91607153023493],[10.077437555292368,52.91633646616014],[10.073398456686574,52.91633340032682],[10.069690534586693,52.91817905284814],[10.067936385348016,52.9180367086763],[10.065688351349193,52.91847523230493],[10.064832832703408,52.918776319667714],[10.064505507275085,52.9187241714515],[10.063336451442257,52.920706806997465],[10.057776585010272,52.92037205266921],[10.05613534951124,52.92038711176255],[10.052886597675668,52.92098571189721],[10.05252161666724,52.92036835072253],[10.052700493698227,52.920043972306566],[10.052512944331493,52.91901893514244],[10.052288688005625,52.9189556891415],[10.05171909233503,52.91969052084816],[10.05008588058811,52.91967964231482],[10.049885371226747,52.919215653668786],[10.047445142672863,52.91936499343442],[10.04786917623313,52.91751903992675],[10.04083899046302,52.917411951972745],[10.034768274586805,52.91753063452477],[10.035011584179847,52.91936569321876],[10.03231931081508,52.91940954129417],[10.032496056143888,52.919676517681054],[10.028000538813497,52.92086642842006],[10.028161276163964,52.921274808005506],[10.030840844655645,52.924143475393116],[10.016296229074973,52.92347081819031],[10.01573779766671,52.9226038393979],[10.013253707072444,52.91967435659776],[10.010766948481798,52.922074022032334],[9.999902325480479,52.9318607029239],[9.999866355139863,52.93209329558194],[9.999737067807517,52.93200757707787],[9.999615616479389,52.93211338518029],[9.99975480414448,52.93220261652047],[9.999428244979079,52.932281481288555],[9.997508622471774,52.933891548430786],[9.997087132042092,52.93427192468048],[9.997113789548163,52.93441345367324],[9.996982370513638,52.9343664690639],[9.994535851956146,52.93661722939994],[9.999666381174437,52.93838919492483],[9.998341133466495,52.93950911601267],[10.005225051948752,52.94196644632533],[10.007578349634272,52.94946194145029],[10.007310897817964,52.950193539953034],[10.007237438085577,52.95124466670377],[10.006740453239415,52.95384251235015],[10.003383812839893,52.959201244866996],[9.996363020752735,52.96675538480456],[9.995674777396022,52.9688282072405],[9.996298226169582,52.969074572153914],[9.996002224096888,52.969575171490355],[9.995604019796005,52.96941750796216],[9.99500501777459,52.969564679866],[9.995176234871128,52.97065121570516],[9.995402714527348,52.970840335709],[9.995429362151917,52.97106294384178],[9.995152778960746,52.971161963432145],[9.99507469380297,52.97099692560638],[9.99483472863772,52.971007744177534],[9.99484553986219,52.9712619403292],[9.994381835800667,52.97134129003396],[9.993756253528298,52.971752790338826],[9.99412331144165,52.971796558299594],[9.994080186918115,52.97204066938446],[9.994705795241599,52.97224249008747],[9.994776922947523,52.97264017213227],[9.99429902819945,52.97296287811532],[9.994275855258353,52.973117257008106],[9.9939042069539,52.9732198822251],[9.993655037650257,52.97314552466433],[9.993677841383745,52.9730418162746],[9.99333992481824,52.97304579068645],[9.993045896344237,52.973247948038164],[9.992279066569834,52.97320638161152],[9.992022085516462,52.973427465055316],[9.992316129261818,52.97358912888944],[9.992103759443777,52.973876949181935],[9.992246632896492,52.974155664566624],[9.992371425059126,52.97415666368867],[9.9918647213399,52.976470732289684],[9.992065969116409,52.97669676514164],[9.992190263612386,52.97741686580619],[9.992427959633233,52.97741398279647],[9.992606595017401,52.978282905099746],[9.993725815013178,52.979252592103265],[9.99606351075884,52.97986932920752],[9.995988535568616,52.980079339429174],[9.99621501432647,52.98060085681018],[9.996542291245785,52.9807915574785],[9.996649779161128,52.9808261568274],[9.996864137849212,52.980575404353935],[9.997122490629984,52.980627931838015],[9.99710347060047,52.981093090270534],[9.996956385845728,52.98128213970245],[9.997107138421786,52.98156034219504],[9.997532479929092,52.98156474796294],[9.998296965998932,52.981916000231955],[9.998532756693034,52.982243488842606],[9.998262858764198,52.982326457162344],[9.998528113301337,52.98245230741291],[9.99854448240245,52.98269967796126],[9.998820173566568,52.982697317210985],[9.998932866320663,52.982844289215684],[9.998587850369429,52.983247738454445],[9.9981661991413,52.9842242035055],[9.998321065103069,52.98440541472754],[9.998592517117352,52.98439252710699],[9.99879079686015,52.98477736126439],[9.998660135105414,52.98463818136582],[9.997725484764532,52.9848519135119],[9.994663551965386,52.98604195012774],[9.99082178358309,52.986531467407936],[9.990095227079534,52.98691998309186],[9.991003315135737,52.98739641118096],[9.991803679019725,52.98816712246969],[9.994057768561882,52.992507055307534],[9.999997920599746,52.99189257497766],[9.999562332908313,52.991004897476365],[10.003173973576008,52.99085367440593],[10.00344837745432,52.990735695245355],[10.003320971194164,52.9900968659894],[10.002321150774378,52.98980291729418],[10.002169991261503,52.98912115393085],[10.00271756563121,52.989436080333505],[10.003206106313721,52.989221857692584],[10.003266220674227,52.989412213701065],[10.004541345084249,52.98916527525903],[10.005412968726434,52.9899730420102],[10.00638926676052,52.99275572708581],[10.007081771724929,52.99413009789361],[10.008220259685253,52.99257853270024],[10.009217130037635,52.9928373158731],[10.008088114812008,52.99441626527306],[10.01096218293577,52.99523375039327],[10.014091714858406,52.99539221888342],[10.018573381065416,52.99446671374114],[10.05698240243378,52.99502749101601],[10.059437229509362,52.99339275432453],[10.061932636181265,52.99201677195741],[10.059183137437955,52.990032092965485],[10.058861985232253,52.98912611320242],[10.057886366324539,52.987720038225056],[10.057998949471948,52.98541711679514]],[[10.1259702494527,52.91864679748496],[10.125467389624555,52.91926587742342],[10.124781444158353,52.91893729741739],[10.125439273254464,52.91838633502431],[10.1259702494527,52.91864679748496]]],[[[10.069223913695462,52.918235943262964],[10.0698136954088,52.91829586517412],[10.069646328491556,52.91903839818166],[10.068314297604928,52.91882024904365],[10.069066713012305,52.918480977478886],[10.069223913695462,52.918235943262964]]],[[[10.065295138088018,52.97638009985532],[10.067793845170291,52.97551541801446],[10.068100656670762,52.975634445948934],[10.068370732466022,52.97598083216857],[10.065665111034482,52.97696886650883],[10.065295138088018,52.97638009985532]]],[[[10.067338765833801,52.91823179481987],[10.06901038325407,52.91827066905781],[10.06821263526423,52.91873138930263],[10.066312829592063,52.91946217831635],[10.065756019642926,52.91911724847863],[10.065594892423656,52.91914331775404],[10.06586015055405,52.918992477441],[10.065209383114354,52.91873798210395],[10.067338765833801,52.91823179481987]]],[[[10.101037266193345,52.97594586381805],[10.102531797823335,52.97622858000652],[10.104080338863126,52.975296624185596],[10.105493169616324,52.976065653263056],[10.106156232297295,52.97538899851605],[10.104906564345825,52.97455640369962],[10.104413453933478,52.97501516605902],[10.1031115543381,52.974494726967215],[10.101037266193345,52.97594586381805]]],[[[9.87991993868835,52.94394701285117],[9.880197177649702,52.94427412175458],[9.88001103414639,52.944517730565614],[9.880768539408153,52.944060462266485],[9.880302418878504,52.944035562088914],[9.8802490921883,52.943797826084236],[9.88211312425085,52.93399580555851],[9.881701172132887,52.93396759622612],[9.87991993868835,52.94394701285117]]],[[[10.105681948776686,52.97603030255097],[10.111503133328197,52.97911031841449],[10.112051461384471,52.97935008496169],[10.112333153294667,52.97918218793978],[10.11007181973805,52.97809605425954],[10.106293361922068,52.97597302073721],[10.107278334088527,52.975082936184265],[10.107167173860315,52.97502120394637],[10.10629405542146,52.975362832210116],[10.105681948776686,52.97603030255097]]],[[[9.897483505376808,52.93332293866415],[9.89787214441653,52.933067729990334],[9.892208035682348,52.93182313013399],[9.891667750242856,52.93204780507721],[9.897483505376808,52.93332293866415]]],[[[9.897855928927356,52.93339850773107],[9.900586938545468,52.93399756417429],[9.900749909107716,52.933732630181865],[9.89826056426736,52.9331398953663],[9.897855928927356,52.93339850773107]]],[[[9.900774062110779,52.933975082800636],[9.904026347918668,52.934678003950495],[9.905518722693664,52.935436800429954],[9.905606550978995,52.93529837121887],[9.903849928678307,52.93446946944868],[9.900869377854018,52.93376748649095],[9.900774062110779,52.933975082800636]]],[[[10.116611100459819,52.96489163369233],[10.117470149484664,52.96555896655625],[10.118021468032508,52.96681044219699],[10.118223319476867,52.96621731971624],[10.118064817134849,52.96585155338791],[10.116829458447544,52.96486401477868],[10.116611100459819,52.96489163369233]]],[[[10.11367238238167,52.96324045685266],[10.115972884281305,52.964371661369626],[10.116607241297354,52.96484357354645],[10.116777429822916,52.96482456124404],[10.1160936645679,52.96427790378935],[10.11377259573982,52.963103580759835],[10.11367238238167,52.96324045685266]]]]}},{"type":"Feature","properties":{"OBJECTID":46,"we_nr":"4117","lgbez":"TrÜbPl Altengrabow","typ":"8","plz":"39291","ort":"Möckern","strasse":"Bergstr.","bl":"ST"},"geometry":{"type":"MultiPolygon","coordinates":[[[[12.223870220682363,52.102609266072996],[12.214823114079882,52.11689422660465],[12.197129486609612,52.11433086141167],[12.172707551322246,52.118218057136446],[12.169748185467276,52.12644878459586],[12.167780120409917,52.125675913488855],[12.16821140696778,52.12591777990763],[12.168683712398146,52.128006353242064],[12.167776746337719,52.13064194141976],[12.16929966742562,52.130729707836586],[12.169322670585096,52.13083155952147],[12.168774441343539,52.13080000389254],[12.13543146273245,52.136729153097306],[12.138945469105167,52.14437377211357],[12.142090176267905,52.14409485815573],[12.141423410731331,52.14418228604795],[12.141372185200572,52.14455443261147],[12.141960594288145,52.14488779505063],[12.141919016663547,52.14514219489028],[12.142266828171914,52.14528958807373],[12.141877953773587,52.147701976694584],[12.142032495443503,52.147765158797235],[12.141621328453066,52.150859089680424],[12.14367261433664,52.15098703502159],[12.14736962909233,52.16265012907633],[12.147091753225434,52.162705848094674],[12.144491683839792,52.16469380952281],[12.14683897179603,52.16710874201262],[12.146886830441133,52.16730697000645],[12.147029460450367,52.16730188438043],[12.147635894234137,52.16791921341996],[12.147795030786773,52.169525376491514],[12.14928866949135,52.169647520021066],[12.148645767700273,52.174439732129905],[12.157286689368888,52.17530833653033],[12.161342552334553,52.17869393614557],[12.16139049631958,52.18010581788047],[12.155345678872987,52.179552512663754],[12.155405799521672,52.17916944736019],[12.151607004745998,52.17878454003153],[12.151356409815994,52.18032551816635],[12.14440984731737,52.179621867401316],[12.144120419115968,52.18124805649266],[12.14783111251846,52.18335766719033],[12.1514690989768,52.18187894405609],[12.15857551578194,52.18677372951418],[12.157473000857157,52.18766043699681],[12.162432554625697,52.185578594987895],[12.162453970462103,52.18569101316561],[12.156435958743566,52.188217690856355],[12.166683078021885,52.19418414858596],[12.167958850117214,52.194685764574494],[12.16844140981655,52.194735025661025],[12.16850305131302,52.19486020341992],[12.169581844426082,52.19535103297614],[12.169700252262011,52.19531593838549],[12.169847319948776,52.194880267907074],[12.170087472861917,52.194905073455104],[12.169795011948079,52.19544800466941],[12.175038377650901,52.19773846777621],[12.176416370839057,52.19852213781928],[12.176155875576308,52.19874549119518],[12.176875273405395,52.19905911311055],[12.177108566783033,52.19885701549723],[12.177329370883255,52.19760481647409],[12.178609490824572,52.19808998576311],[12.17874336585306,52.19796588197744],[12.18057794036082,52.19882955166381],[12.181222410610362,52.199324574196105],[12.181483771849047,52.19916954094345],[12.181981158242177,52.199335611915416],[12.180588518921608,52.20067100540978],[12.188530180294872,52.20411889452699],[12.192049736459422,52.205988793606025],[12.193002370173932,52.205315123321334],[12.193378439986231,52.20483351056415],[12.195656265713131,52.204429886083695],[12.19604545721677,52.20562088763235],[12.196843593278821,52.20477232749874],[12.19806595244566,52.204919777023804],[12.201770685526277,52.206717972242345],[12.207075419637752,52.20283024109137],[12.220478830752679,52.20105808635272],[12.225202048549711,52.200640120317985],[12.227460344004045,52.20258426295416],[12.220193703684814,52.20476525325642],[12.220185232571684,52.20487578912739],[12.21057709573487,52.20713003099942],[12.207776116339227,52.207647610402965],[12.208023226704258,52.20869725836976],[12.208330118154802,52.208959577035024],[12.209443289793787,52.20905879413659],[12.209940248588833,52.21048322210827],[12.21100939469403,52.212000481622695],[12.211943974068005,52.21419273895147],[12.213499717799758,52.21313941190723],[12.2144900493152,52.215055530229556],[12.215252193477076,52.21505859208929],[12.214513079424126,52.21510007110387],[12.214664051189109,52.2153921502547],[12.213487938191417,52.21627139833241],[12.213392976384403,52.21650670094871],[12.21173429200928,52.217982486489596],[12.213472476388775,52.216504515943015],[12.21355999385701,52.2162831324788],[12.214691492924413,52.215445259301326],[12.218882017842754,52.22355106666613],[12.244257018934336,52.216807877914874],[12.239583292919564,52.20832553852289],[12.239770064345246,52.208296238631355],[12.24440722802965,52.21676350441631],[12.254659050886772,52.213957927152386],[12.252576492851503,52.21340179461281],[12.24894811567175,52.211632378830146],[12.248711040386764,52.211088599469406],[12.248215354504506,52.2108426841106],[12.247518935580407,52.21026249395223],[12.247279997189509,52.20971650587845],[12.246303034402139,52.208956902287746],[12.246149669525222,52.20804959603997],[12.245828136433849,52.20794159589316],[12.245680655522087,52.20769359272758],[12.245525404183065,52.20772842927497],[12.245194366916001,52.20744528375587],[12.24740801250743,52.20705393374769],[12.249781551032918,52.20574357229099],[12.253447284653774,52.205865691786514],[12.258091162346584,52.20501412112098],[12.262810240706823,52.20442075280842],[12.264079107452565,52.202149307869306],[12.265767456893306,52.201774987443606],[12.272758004501481,52.201447549526144],[12.274621415828204,52.20119499765046],[12.279884227361997,52.19975405821744],[12.284846564111279,52.19750190725244],[12.285970021460264,52.197201849848526],[12.292385220586768,52.196616952665295],[12.298493465380632,52.19654475071259],[12.30099314803332,52.196728992186394],[12.29777676968395,52.18349640379556],[12.295163330671903,52.183725868730406],[12.294631602583795,52.18197479560253],[12.291612972174574,52.179479944780425],[12.28281006000571,52.180234315363826],[12.281887680651616,52.180031850136395],[12.280678877960744,52.180027690259614],[12.277310027659869,52.17831507636643],[12.270109966876255,52.17831954983837],[12.262712162644078,52.17656417910425],[12.256459475040703,52.17658947578489],[12.256089174209198,52.173000674445824],[12.257416058647552,52.173018240468956],[12.257403536132477,52.17068330341921],[12.254810784423126,52.17053957932428],[12.254637505692981,52.16659595087319],[12.255726847722427,52.16647744162073],[12.254970079079218,52.163619436629546],[12.257643763605811,52.16244665970006],[12.256148651664162,52.157051038915164],[12.256001782505056,52.15709841334594],[12.256018067164542,52.15701675675034],[12.260800235105474,52.15547407885145],[12.280768787642582,52.14988952956926],[12.281796986740511,52.14306411980482],[12.279837978497891,52.14238534078445],[12.290041268075155,52.12510842155887],[12.289421093660817,52.12209757389479],[12.289987414972186,52.122047080165515],[12.289998221705071,52.12194246774706],[12.293162519327513,52.121664936159405],[12.293048457540909,52.120146263396855],[12.29336647103302,52.120154134887414],[12.293479463824411,52.12163712460632],[12.294710593243346,52.12152900388499],[12.293667873777165,52.119407073440165],[12.293177888603688,52.11874575081335],[12.27648707114651,52.103941945825184],[12.272593141188949,52.10124291059898],[12.2717459364511,52.10132734959084],[12.267787007094515,52.10021470517764],[12.265551023096927,52.10037344008187],[12.262291878651832,52.10037874580362],[12.25838070463405,52.10078900282317],[12.25643628682829,52.10126828596117],[12.252316582391996,52.101641040455576],[12.244739319918873,52.101299508242654],[12.24320045193803,52.1015306127028],[12.239837949132946,52.10237155562545],[12.2376061000806,52.1027805847969],[12.234381517417766,52.10305678332335],[12.226990241242762,52.10289269847182],[12.223870220682363,52.102609266072996]]],[[[12.20012773783831,52.15239209843751],[12.200127673159587,52.15237754745804],[12.200139540802809,52.1523848075155],[12.20012773783831,52.15239209843751]]],[[[12.244050764846769,52.160739483572485],[12.244063793113309,52.16072317740752],[12.244074011449694,52.16073289828523],[12.244050764846769,52.160739483572485]]],[[[12.289094475206607,52.11524256593702],[12.289086454149423,52.11522103844662],[12.28910837394067,52.11523128062381],[12.289094475206607,52.11524256593702]]],[[[12.274569229100086,52.20119012566543],[12.274570065431616,52.201164966855885],[12.274590123913574,52.2011776304995],[12.274569229100086,52.20119012566543]]],[[[12.145802189295566,52.14673276732868],[12.145667773481257,52.14630660064211],[12.145914984457596,52.1463993404239],[12.146053072584772,52.14684457534334],[12.145802189295566,52.14673276732868]]],[[[12.144338048569981,52.14608998748492],[12.144230125870044,52.145762550670476],[12.144565758019795,52.14588983647391],[12.144682044035047,52.14624088402958],[12.144338048569981,52.14608998748492]]],[[[12.28234596427872,52.12678170018197],[12.281853226667202,52.12670532421255],[12.282042793650087,52.126380012626036],[12.282527945887312,52.12646069246369],[12.28234596427872,52.12678170018197]]],[[[12.265333596662158,52.13209428193393],[12.26586541188685,52.13213088548626],[12.266681277099355,52.130764551207236],[12.266785631690988,52.13077216936529],[12.265942318454968,52.1322082673262],[12.265333596662158,52.13209428193393]]],[[[12.291337654709613,52.121026446389656],[12.291175929212375,52.12010255787317],[12.291635344716724,52.120113162966895],[12.291749457707294,52.1210386270747],[12.291337654709613,52.121026446389656]]],[[[12.145060107208938,52.144379848791445],[12.145295678714115,52.14440244985828],[12.145893749182607,52.14633084179767],[12.14564617438858,52.146238120615635],[12.145060107208938,52.144379848791445]]],[[[12.144207604207544,52.14569422140282],[12.143732448422787,52.144252448968274],[12.144028467563459,52.14428085997468],[12.144541272640106,52.14581875333292],[12.144207604207544,52.14569422140282]]],[[[12.168898274105473,52.12621016220986],[12.169729037876973,52.126595823819216],[12.170461637347472,52.12975335723408],[12.169723268896213,52.1298277024934],[12.168898274105473,52.12621016220986]]],[[[12.176558246263465,52.20104034696234],[12.176666190522965,52.20110358989383],[12.177013856504272,52.19924900315805],[12.176900222315785,52.19919970192531],[12.176558246263465,52.20104034696234]]],[[[12.271990904334187,52.15244954334304],[12.282623803314667,52.15752574374317],[12.282794544304108,52.15748566701938],[12.272161330014947,52.15240179412727],[12.271990904334187,52.15244954334304]]],[[[12.30355991776972,52.11225240581432],[12.296185992554422,52.11441560881607],[12.293102691529581,52.11437427912017],[12.289191486070768,52.11506354736881],[12.293339801848854,52.11868696729399],[12.294068694870495,52.11983624437258],[12.298861330879438,52.11863181482241],[12.299124764531497,52.118913190006815],[12.294219278563265,52.12014503118387],[12.294801910585269,52.12158441145082],[12.305629447538381,52.11934519917361],[12.306696400855996,52.11906034124488],[12.307715176626603,52.11853600662927],[12.312516539768552,52.117371101550255],[12.307740074333028,52.118568645444775],[12.306714745352426,52.11910085190462],[12.305679048915122,52.11938656838747],[12.299329579517979,52.12065317219488],[12.298850144159216,52.120876780997534],[12.29484083368821,52.12160802239857],[12.295524622299418,52.12165785641537],[12.296244721712737,52.12364015680718],[12.29705985030672,52.12381574407671],[12.297115757856751,52.1235130004499],[12.298371578369611,52.123537921915585],[12.301344697431578,52.1238472456387],[12.301613894674512,52.122405861335054],[12.302846363481551,52.12254330822948],[12.305092767038142,52.1232794916073],[12.307116096451741,52.12421908614978],[12.30832822740076,52.1244569592043],[12.311532163185134,52.12542771831624],[12.312397663910335,52.12526853211243],[12.31438710617649,52.12325305162386],[12.31452528503354,52.12293717591823],[12.314509889706182,52.12196741215292],[12.314809811128447,52.12126625701244],[12.314953511929522,52.12035983341442],[12.315032154042765,52.11814064713819],[12.315181973269238,52.117294742548815],[12.314971534829091,52.11661760629428],[12.312945836558043,52.117342841619205],[12.314941748490897,52.11655685290244],[12.313493879848338,52.111785735077866],[12.3149357836774,52.10841230589892],[12.311945535539579,52.10927511176472],[12.306842418412185,52.111333681227045],[12.30625345506407,52.11170190893986],[12.30355991776972,52.11225240581432]]],[[[12.294764300819251,52.121167053563894],[12.300024684206823,52.11987278684187],[12.300148931990416,52.12000650297817],[12.294840463582307,52.12130594053624],[12.294764300819251,52.121167053563894]]],[[[12.292146287585785,52.10117285816876],[12.288246243694411,52.102556415091364],[12.282902521801269,52.104016917368725],[12.280171264248125,52.104001994690144],[12.277139686420737,52.10369056560801],[12.27658609154198,52.10387704347717],[12.286759373795498,52.112910952272955],[12.290817017222007,52.11220857669967],[12.292216640943911,52.112100112585374],[12.294585041105966,52.111594372619265],[12.297704099570709,52.11064099662106],[12.301288673100556,52.10969841800671],[12.304833815979336,52.107636709853985],[12.307920589891088,52.10602407724524],[12.307956895303288,52.10605683281236],[12.303000985101542,52.108711235479674],[12.301372997956307,52.10972083640334],[12.294601288036208,52.1116464030273],[12.292264283095014,52.11212863733243],[12.290828108720838,52.11224366239265],[12.286795430374365,52.112944526963744],[12.289137870123033,52.11502630424063],[12.292733390522946,52.114365120174995],[12.29619649565672,52.114368320813654],[12.30331870035295,52.112262255332794],[12.306205900049553,52.11167398579973],[12.306766201750206,52.11130048101861],[12.311521922390888,52.10938859113551],[12.313500386345948,52.10870134545332],[12.31495455756851,52.108373100821666],[12.31128572835319,52.10431707651136],[12.31017815681171,52.105077560788544],[12.308869287188053,52.10567737006209],[12.307988589663152,52.1059952434762],[12.310159080188313,52.1050443630946],[12.311247596666025,52.10428916309241],[12.30875203368726,52.10153666377241],[12.30467480878415,52.102918350443595],[12.301809941205493,52.10018471434979],[12.29596191858653,52.10245787298561],[12.293524304130134,52.10041091121066],[12.292146287585785,52.10117285816876]]]]}},{"type":"Feature","properties":{"OBJECTID":47,"we_nr":"3479","lgbez":"TrÜbPl Wildflecken","typ":"8","plz":"97772","ort":"Wildflecken","strasse":"N.N.","bl":"BY"},"geometry":{"type":"MultiPolygon","coordinates":[[[[9.81111977668179,50.41665492648659],[9.811705840268175,50.41697411357907],[9.81304046638765,50.41520795351647],[9.814439783784008,50.413758888153275],[9.816615667794178,50.41211147138802],[9.817398413918788,50.41189398708347],[9.819562581202648,50.41172873933287],[9.821178548889385,50.41281117146265],[9.82212213836565,50.41302601027128],[9.82351040648401,50.41290603826766],[9.825937314818862,50.413072753108],[9.826327357027084,50.41356907361955],[9.827354950660503,50.413491908135896],[9.828194773941632,50.413688639227466],[9.828584500841206,50.41368271673876],[9.828575346110117,50.41323133116103],[9.829526469756674,50.41282013836454],[9.832173905510645,50.41247683315501],[9.832183795961921,50.41258348062398],[9.832622534045077,50.41250041494166],[9.832735049831076,50.41332120138198],[9.834005262253102,50.413347492137504],[9.834271140221027,50.41344160166829],[9.834369859680868,50.4135842061683],[9.834311719817348,50.41377513461212],[9.836101188118079,50.412856597870885],[9.83750668772023,50.41433413625731],[9.837239288006222,50.414696550614025],[9.837785704447539,50.41463705447645],[9.838232439333321,50.414942002302816],[9.837811603775492,50.41562583033186],[9.836018702113755,50.41668915981664],[9.837003902452278,50.417502210447545],[9.836267269546143,50.41747522939782],[9.836318677434948,50.41786070257935],[9.836996054769966,50.41826855582261],[9.838233935028288,50.41874348982899],[9.837223817220375,50.42001946041393],[9.837269571112746,50.42021134166382],[9.837003531448076,50.420987540358304],[9.837145967421238,50.4212840772512],[9.83717965873595,50.42290775985201],[9.837373532242285,50.423962956347154],[9.837549325356903,50.42395196898152],[9.837469997829075,50.42339727711651],[9.838195161943997,50.42338012052648],[9.838103829330722,50.42384213982588],[9.838228908055964,50.42410519150852],[9.838664139116217,50.424105049574024],[9.838551624228547,50.42398283753182],[9.83866388040142,50.42377953831794],[9.838618328629995,50.423405113389926],[9.838793474059273,50.42306029610082],[9.838655404796704,50.42276557374897],[9.838724321748701,50.422664798453944],[9.838900664632243,50.42256805161096],[9.838623690673904,50.42211129457297],[9.83882963304608,50.42179916304481],[9.838281518788882,50.421337264040886],[9.838346540645798,50.42121921329134],[9.838176761752013,50.42111022030141],[9.838360250733668,50.42085473111903],[9.838098214860196,50.42057831225331],[9.838067652377575,50.42033017505496],[9.83820199812331,50.42007794471852],[9.838344768269724,50.420019968674815],[9.837996037784826,50.419964427407265],[9.838189715458427,50.41947373621266],[9.838512212442085,50.41957756388461],[9.838543506153343,50.419716388302234],[9.83811027114961,50.42042238478524],[9.838419818020142,50.42088867523623],[9.838219604204559,50.421090593752595],[9.838391410595925,50.421233918711856],[9.838400528496065,50.42139955970857],[9.838879562307893,50.4217886490784],[9.838684584772091,50.422108616591444],[9.838945527395861,50.42257351054222],[9.838694785142133,50.42276431862344],[9.838840227776547,50.423077163780626],[9.838670283592764,50.423399189826675],[9.838728626475527,50.42378045631986],[9.838620389365238,50.42402959416723],[9.839374178296673,50.42417224691885],[9.839423580247425,50.423561568449806],[9.839540121384184,50.423569037837055],[9.839735018969945,50.4245095010276],[9.8406142342746,50.42675995464522],[9.841047318361356,50.427246083690946],[9.841659049510344,50.427232064582476],[9.841938134509597,50.427809231000715],[9.841363097743319,50.427984430511344],[9.841633982022335,50.42853101576444],[9.841329399242063,50.42861643623663],[9.843432827836335,50.4303521206668],[9.845815960369057,50.43194394122739],[9.847181524466938,50.43259278528807],[9.849929805993048,50.43349660679749],[9.850720477953416,50.43392073889598],[9.852302205454748,50.4335340420168],[9.853671803886597,50.433502435256486],[9.855107436576622,50.433580849303006],[9.857986874829168,50.43398971614989],[9.858372103864108,50.4339035494978],[9.858719296433241,50.43365683937619],[9.859089688892919,50.433016452267],[9.860429900736845,50.43265799473712],[9.862503538501336,50.43124871018989],[9.86414512883492,50.43069937981559],[9.866213320113841,50.430479991170536],[9.868365349361616,50.43059919535791],[9.869509535335762,50.43052461094583],[9.870005068504446,50.43039441211617],[9.87072329942197,50.42975523524643],[9.871727029309891,50.42970278752754],[9.87483957498881,50.428926276721434],[9.87654470855232,50.428868026523986],[9.877855084650713,50.42905514279667],[9.880344977463398,50.42850641016707],[9.880244613188271,50.428332873874076],[9.880584175467392,50.42822512476705],[9.88112127458258,50.42828920313933],[9.881694869552849,50.428151680578104],[9.88133768232784,50.42776112410078],[9.882542986080685,50.42724524415843],[9.883157982605756,50.427291571798],[9.883081508127274,50.427614140316784],[9.883789653659115,50.42749540875345],[9.883501832543722,50.42704873361112],[9.88462367112857,50.42542990701856],[9.885991870883503,50.42434174876861],[9.886738233442468,50.42454614440645],[9.887556445952823,50.424537558594146],[9.889162289626269,50.42401727617884],[9.890293849779143,50.424108352984526],[9.890393053430918,50.42388291586548],[9.891526275467054,50.42499834759095],[9.892138493502937,50.42478244020838],[9.892983599776263,50.42482708595576],[9.894457129693212,50.42440607276733],[9.894664500386671,50.424224588589816],[9.894563944770397,50.42400729381558],[9.899810980989491,50.42244689614201],[9.899954853368778,50.42254347210421],[9.900919836223522,50.42253005885151],[9.901405408872323,50.422435003560416],[9.901616362047141,50.42223641835483],[9.902932544855538,50.42261630000206],[9.904387178710472,50.42325065294441],[9.90482001126894,50.423087363252534],[9.90697331971765,50.42278312547103],[9.908382363173617,50.422181387924],[9.909448543940062,50.422239485519654],[9.911158056790626,50.422707241569654],[9.91260917463952,50.422656170520156],[9.915092595988915,50.42288056210615],[9.918669966826835,50.42535805292574],[9.92020861561872,50.4252068438086],[9.920711726975153,50.42536632267905],[9.92191447412269,50.42532598629978],[9.922333081858616,50.42548918528969],[9.921783728824655,50.426021446231196],[9.923826888548184,50.42669854047997],[9.924323881479188,50.42665728786155],[9.924541622324307,50.42649238633555],[9.925043524548348,50.42713392269482],[9.924927780217212,50.42725306377131],[9.925290325892908,50.42771610399171],[9.925418567586233,50.42773465421154],[9.925392423916534,50.42751441058494],[9.925638135604649,50.42731971413012],[9.92681759033521,50.42694567887395],[9.929676031366297,50.426848083495614],[9.932888277465352,50.42549234266719],[9.933073935878397,50.42534295389768],[9.933298147288513,50.42480000091217],[9.933672991798737,50.423297128145876],[9.934287329858702,50.422782644711745],[9.935446198796207,50.42215953656131],[9.937167637680439,50.42149955415142],[9.938020762316025,50.42073502047562],[9.938119342536982,50.42035943419532],[9.938853648806536,50.4191090631715],[9.938781121525434,50.41889371104996],[9.938954370611139,50.41868563979309],[9.938717043797867,50.41879961521162],[9.937743470354079,50.41839079176844],[9.939730731510714,50.41677434063276],[9.939630955632085,50.416376998852755],[9.93951388808256,50.416130079491126],[9.937285709546453,50.415523443938184],[9.936342232359625,50.41493080619819],[9.937169381310405,50.41452141127842],[9.938844927961744,50.41419591315177],[9.938763877465215,50.41412578680309],[9.940459046915622,50.41324286140435],[9.941240848910883,50.412998746743696],[9.943951493721494,50.41275077477753],[9.944153662271162,50.41218712152741],[9.944825427830613,50.41155687957249],[9.94450261284335,50.40981086724974],[9.944299394163108,50.40981116780658],[9.94471049018664,50.408183397964294],[9.94417796798783,50.40802106852778],[9.942649390208572,50.40679674865364],[9.941018172721574,50.40623382153682],[9.942990108619458,50.405762235702134],[9.944628615935004,50.40566512169034],[9.944555818260977,50.40542935973733],[9.942646228138756,50.40564432763191],[9.941062571954488,50.40600996999973],[9.939741142984841,50.405312222627614],[9.93820771250643,50.404772659681015],[9.936043218235795,50.404227722873074],[9.935963163970913,50.404314256141525],[9.935057715165017,50.404125835737304],[9.93317645161864,50.40357569146114],[9.932456336035639,50.40342938267965],[9.93226719305762,50.40358630909633],[9.930956400140941,50.40326332156232],[9.931442086875773,50.40210383998975],[9.932235926295808,50.40080896064767],[9.931901033459534,50.40072998157543],[9.93221066207677,50.40018815162175],[9.932485219566985,50.39991020583603],[9.93448943103472,50.39914270284822],[9.934524848911453,50.39901902577324],[9.933535563933296,50.39856136711258],[9.939174159615108,50.398334308694714],[9.94022602303258,50.39850316660776],[9.939579690575455,50.39805079178908],[9.938639928820622,50.398256958063726],[9.933655115324596,50.39843719491665],[9.933945889202317,50.39818348801781],[9.933415629859699,50.39796398195588],[9.933775652167746,50.397675723701774],[9.932758035223861,50.39724229941676],[9.933911939172775,50.3964199242234],[9.934200191479508,50.396339274856764],[9.934855210645434,50.396450211150416],[9.934723349639805,50.39617696383243],[9.934405735898004,50.39604506026856],[9.934012045631436,50.39515614115256],[9.934011061077882,50.394769511417564],[9.934194617433153,50.3944735850985],[9.934591898265952,50.39431444374972],[9.934189195202105,50.39387554997437],[9.934245716301486,50.39232746642929],[9.933700997676052,50.39223515791696],[9.933477773514447,50.39284635992877],[9.932201964588204,50.39300129920842],[9.932149649400964,50.39188308663794],[9.932595724923345,50.39071240318891],[9.931859350732042,50.389977766240435],[9.931052638453965,50.387539476871005],[9.925044696849792,50.38524734785961],[9.923447001794251,50.38493456218761],[9.923965105134446,50.38384347233868],[9.922192470363829,50.38365329338549],[9.923083105052388,50.38197817185087],[9.92220516625374,50.381421232787105],[9.92132103626613,50.38114619752921],[9.921120637397578,50.38115506960378],[9.921032280902855,50.38143691177259],[9.920742675733324,50.38148777005582],[9.920747630840415,50.38191807841881],[9.9186911886271,50.38204559048813],[9.915612512129352,50.38202282929785],[9.915551091618433,50.38236857996664],[9.91439357015384,50.38281154013184],[9.914756499410164,50.383347047269886],[9.914516377039721,50.383887386823105],[9.914829197371178,50.384314653055945],[9.91493841005185,50.38482708781771],[9.914848777051084,50.38539162553833],[9.914503836558373,50.385851078125924],[9.914006005499179,50.386124847760684],[9.913465343665605,50.38619890697834],[9.911726327446166,50.385890962402875],[9.9111816591264,50.38592674441258],[9.91060606001474,50.386218007855845],[9.910350548605187,50.386770213946065],[9.910597202626057,50.38680028881354],[9.910699487499246,50.38644873563036],[9.912147056104507,50.38628860164945],[9.912802010591706,50.38622953779892],[9.913993462322873,50.386393337147915],[9.914764274328943,50.38629941847267],[9.916209323159812,50.387493574286076],[9.918337953091024,50.38579687891788],[9.919297303508966,50.38530028814094],[9.920744275632822,50.385117684989574],[9.923592395919622,50.38535119955989],[9.924284516405107,50.38551361409024],[9.925592688936119,50.38621949420487],[9.926353446997505,50.38669384392728],[9.926697513429474,50.38721588397762],[9.93002357517673,50.38797269604294],[9.929816153279269,50.388451027722404],[9.92982663661863,50.38947114082986],[9.92946809293757,50.389996457240386],[9.927760102731423,50.39002050725168],[9.927804364522114,50.39061540896492],[9.927582932499485,50.3910573786228],[9.927576045116204,50.391829161778],[9.927318309478006,50.392197600709714],[9.926872467517603,50.39251813576137],[9.926726591895221,50.39302920248502],[9.924843625143081,50.39333060985676],[9.924667134037483,50.39377267504093],[9.925105318758426,50.394881940325476],[9.924617796765459,50.39499156403792],[9.92470222492744,50.395173724865806],[9.92399196476143,50.39567701487507],[9.923979382957548,50.397810535145744],[9.923719310801298,50.39792932050961],[9.917769495585922,50.39587099100532],[9.917565992139734,50.39633593114202],[9.916922724734372,50.39641187332284],[9.916339972338124,50.397495802340146],[9.91597386753726,50.39782353622998],[9.915691977997701,50.397781524917626],[9.915516591819934,50.39791218905322],[9.914993607932807,50.397808002384785],[9.915152395040773,50.39737932992574],[9.914530182349019,50.397290500878015],[9.914156671836983,50.39832884811539],[9.913300228824783,50.398939750536734],[9.911394462830707,50.399482760030644],[9.909844676725907,50.39944672942868],[9.909508520858346,50.39931327572959],[9.90823214958672,50.39605821301799],[9.908234879566866,50.39589328398744],[9.909012304071737,50.395384601211966],[9.909334911548205,50.3948768704818],[9.909260275022818,50.39465041862818],[9.908573907348414,50.394106458107906],[9.90842383928861,50.39336255153475],[9.908456467896356,50.3927251679606],[9.908741417097797,50.39172510548989],[9.908938363740702,50.389792314008595],[9.909792352555565,50.38733563006095],[9.91010699287374,50.38691535931404],[9.910065483521088,50.386565283585],[9.910528306335326,50.3860652813816],[9.910969905552635,50.385842344396664],[9.911604160160783,50.385759556605514],[9.913320065422859,50.38606557292464],[9.913782467825555,50.386041012854825],[9.914260043671693,50.38584207404514],[9.914580494293128,50.38548520005048],[9.914740389922178,50.38496049523383],[9.914637485211394,50.3843525888251],[9.913246216719996,50.38281830565328],[9.913106673322055,50.38245146991105],[9.913223571089995,50.38206391457019],[9.913575226489476,50.3817353121638],[9.914905373608956,50.38116401156253],[9.914622928910525,50.38092924992893],[9.912714175119834,50.381956930907535],[9.912394033518833,50.38233025137361],[9.91013212593877,50.38293193086877],[9.908620789524772,50.383861100916526],[9.907731160949329,50.38367944995344],[9.907564907943053,50.38454207074723],[9.907085701654683,50.38445524247822],[9.904847871619157,50.39024111536478],[9.904699767276577,50.39033885890529],[9.90417139529436,50.39023639266926],[9.90486807742484,50.38777705581643],[9.905610830553,50.38789547799385],[9.906808876816694,50.38492722990623],[9.905022509500311,50.38483429753735],[9.904071093901297,50.38456963818967],[9.902355157198155,50.383828664236574],[9.902655738882155,50.38312419660304],[9.902597950259935,50.38288082667825],[9.902389214127219,50.38281409431533],[9.899141671424003,50.38354812452198],[9.895299665886508,50.38367336275589],[9.892493403498701,50.38417770850878],[9.898228880687263,50.376530312961606],[9.896142620694722,50.37539431628225],[9.894094513948943,50.37388861865234],[9.891997017828839,50.37511176446846],[9.890208888017884,50.37379871776715],[9.88949030855402,50.37312411365772],[9.888373752961368,50.37360040824227],[9.887425662027214,50.37290128313831],[9.887500510555013,50.37283532795934],[9.886215388794191,50.3720919969328],[9.886289477347281,50.37203801003349],[9.885115538272567,50.37166777640207],[9.88592049793754,50.370944222235906],[9.885344786536475,50.370558640125395],[9.881840215169209,50.36945772763942],[9.878014701801996,50.369358150504866],[9.878113629670997,50.36888217775062],[9.877442536051376,50.367177814455026],[9.877407046309441,50.36481094583631],[9.876831462469164,50.364287087904835],[9.875404300892235,50.36390238690596],[9.874402453873165,50.36297305167292],[9.874833869788441,50.362135013375394],[9.87203636417801,50.36164032560213],[9.869945770712535,50.36193514621477],[9.868913491466591,50.36177962806697],[9.8649918592623,50.36221951288306],[9.863491261309207,50.36056044757162],[9.861189118187543,50.358985366466214],[9.860949402753953,50.35906223843466],[9.860861394805537,50.35878237694549],[9.860674307172877,50.3587686522131],[9.860268692669202,50.357693940276526],[9.860227070128817,50.35668992323834],[9.86056016723286,50.35642907008103],[9.86031730230588,50.35570102969027],[9.860324208553767,50.353936416624],[9.860523368645554,50.35363923073289],[9.86166653862515,50.3530283688609],[9.861640853994535,50.35287521626384],[9.859935639582616,50.35296212641102],[9.859203555745118,50.35325020883379],[9.858681512394087,50.353626043864416],[9.858383702012734,50.35360593770874],[9.857842116711009,50.352913552606225],[9.857424134202528,50.35264421627606],[9.857359150973153,50.35243901008434],[9.85633699035058,50.35224607201961],[9.85586835902971,50.35108987506558],[9.855981178446262,50.35095404921364],[9.855012048968183,50.350409056120085],[9.853880230998842,50.348017584339516],[9.856209230154237,50.34754951579585],[9.855866901064022,50.34706790541461],[9.857758728798132,50.34663135237819],[9.8590633035764,50.346007452702814],[9.859612059230725,50.345348745776334],[9.860460967174337,50.34224575461715],[9.857478674516678,50.34185029626934],[9.856287620739192,50.34263909706063],[9.851359735279367,50.339271521921816],[9.848659020445872,50.33671384698945],[9.84677601416786,50.336783425044416],[9.845305714592675,50.33598999500792],[9.844192778312296,50.33491793601434],[9.843643604941354,50.33417787181261],[9.84388371204041,50.33403339939237],[9.843580444393723,50.333864449545054],[9.843184880241475,50.3338473522868],[9.84224334611057,50.333452157169894],[9.841099082881273,50.33322471419607],[9.840152604423075,50.33329640178749],[9.8398008439207,50.333508046385695],[9.839552551372757,50.33349158204472],[9.839182844327633,50.33325106084206],[9.836482216630758,50.332962035381435],[9.835323976513953,50.33333757512671],[9.834716748619451,50.33377399347084],[9.832914965314508,50.332986563868175],[9.829465281011107,50.33195176392626],[9.828879365646742,50.33218582116165],[9.827091192716628,50.33214899913537],[9.825718429520073,50.33279703889011],[9.823608807940245,50.33310483553961],[9.822863100253132,50.33318494275752],[9.822130837650844,50.33295322826622],[9.82201805506524,50.332980377273046],[9.822543784203862,50.33390471985129],[9.822576738900088,50.334844868415615],[9.823050724180026,50.335676039979774],[9.821367770020853,50.33698132422492],[9.82079499880572,50.33780460454364],[9.820658897751958,50.3378410902124],[9.81881468881276,50.33629764138899],[9.81509905018461,50.33427597113144],[9.807462213238438,50.333044503021135],[9.80211759841995,50.33298319332362],[9.79763778543735,50.33337222816032],[9.79327013789782,50.33338807669815],[9.78895957020973,50.33296484111159],[9.786853920081773,50.33293216205747],[9.784587647587745,50.332718946016506],[9.782838459744337,50.33284738334601],[9.780181923158237,50.333597863614635],[9.777469637125563,50.335139021152024],[9.775633157291058,50.33575539115668],[9.774496877389701,50.33651249842164],[9.775024016883334,50.33665378452549],[9.77551148407908,50.33617926528343],[9.777678312172842,50.33530310928958],[9.780185822744873,50.33375873452473],[9.783287155652419,50.332918829524495],[9.784948701161728,50.33288622039571],[9.786852168366966,50.333089833268765],[9.78879436374074,50.33310257628267],[9.79321138538328,50.33351348977206],[9.796771654993119,50.333547248157565],[9.798859054947744,50.333486608279294],[9.801247875612857,50.33317715750836],[9.80643961603461,50.33312939549048],[9.807262013795874,50.333170456011764],[9.815038112967297,50.334442871906504],[9.818491457007175,50.33628732633712],[9.820479382018833,50.337943265989644],[9.82044240736173,50.33803202501901],[9.817447710766613,50.33831159486755],[9.81583259468279,50.33880859667035],[9.810654585908472,50.338856951552195],[9.810641713948758,50.3383400836035],[9.809941805069771,50.337690040451236],[9.805697075807196,50.33910590577172],[9.805987140914173,50.339355988739634],[9.805748152217635,50.34006499863063],[9.80292918944833,50.340611347676834],[9.803113229097239,50.34134971726774],[9.798992981180234,50.342417859930244],[9.798733900764047,50.34370411726747],[9.797070580183737,50.343719847127915],[9.796442379322297,50.34642675078],[9.79686356971468,50.346777407065275],[9.797234240652122,50.346813359025205],[9.797606989392786,50.34722505162475],[9.797671899858596,50.34788645081636],[9.798090350389366,50.34817290624392],[9.797543066175487,50.3485357783357],[9.799456874786276,50.34977509629783],[9.796482053416845,50.35326004905455],[9.797546523791015,50.354582107271916],[9.79852520056395,50.35739814193746],[9.800899445165255,50.36065424758029],[9.798299303016048,50.36221867277122],[9.794681700229818,50.36412545853227],[9.79344373013995,50.365695387792],[9.79347640007023,50.36622956680756],[9.79303550962366,50.36715244411747],[9.791553092673594,50.36932686189582],[9.790745447944262,50.369829523821664],[9.792445051478909,50.37076372674032],[9.792910221590962,50.37206283518],[9.791412244921867,50.37296484622516],[9.791210313527433,50.37340510920305],[9.791312862505334,50.37396489470697],[9.79201608437112,50.375092495838935],[9.791616841617756,50.375000511271004],[9.791405818374331,50.37508909562652],[9.790968161862784,50.376196759642454],[9.790214234590827,50.376418540612775],[9.78812342642798,50.37620950484066],[9.788045885649279,50.37629987665951],[9.78823585777232,50.376518753161726],[9.78814328638228,50.37658476394651],[9.786513448707588,50.37668789100509],[9.78622107942189,50.3769612953281],[9.785994514425745,50.37800842540034],[9.781884426454615,50.3778656072887],[9.779391412894611,50.37797749137558],[9.776675326988281,50.37772746972311],[9.774824383379409,50.377790269001935],[9.773651989407004,50.37744408394292],[9.772542722744532,50.376740601373406],[9.772112565368989,50.37674399688432],[9.772242962120716,50.37699675122857],[9.772513269681328,50.37692741426591],[9.773617826476748,50.377635065761766],[9.774845486602057,50.37797197918441],[9.777746104434074,50.377921232279135],[9.779060426831515,50.37810292133656],[9.782171965498987,50.378083478050115],[9.787286485840603,50.37829063113431],[9.787715882343107,50.37970961560681],[9.784983781271885,50.38022786124261],[9.782590931662725,50.38104046000781],[9.782661593142986,50.381283082089766],[9.782425101762946,50.38183544187744],[9.782519948585602,50.382522096233906],[9.78578168556862,50.38437365685658],[9.785275590907126,50.387295411360945],[9.785033180527678,50.387267638163365],[9.784702693927867,50.38787810579125],[9.787017771891307,50.38827185429874],[9.787613971169042,50.388502822370604],[9.788393730395338,50.388834080660615],[9.788748264895318,50.389412843827046],[9.790038422611602,50.38961705742057],[9.790451407792162,50.39029992393804],[9.791556359846304,50.39018529692253],[9.792152113559647,50.39149277860845],[9.792468251369417,50.39131704894516],[9.792908392621037,50.39176939581702],[9.793351217140422,50.391808826114264],[9.794345692584244,50.3912354424837],[9.794266479142479,50.39167271301773],[9.794590303836149,50.39188149107966],[9.794085339255304,50.39300698146065],[9.794852819410004,50.39298375248713],[9.796535600194304,50.39369065131076],[9.797351668426051,50.39340985610376],[9.797455072600124,50.3935858712252],[9.798635659207926,50.39343927046079],[9.798610002425091,50.394231782994225],[9.79801568781283,50.39444739153358],[9.798557461760748,50.3949984887415],[9.798855010732343,50.39558354809169],[9.800394358413538,50.39714657721875],[9.80236032141312,50.3977618663707],[9.802312630752972,50.39786229380154],[9.80383972541369,50.39821554266992],[9.8034455877861,50.39888792892394],[9.80355315205823,50.39892513897669],[9.803216299097988,50.399332716611745],[9.80237594670917,50.39929588652347],[9.802335606064675,50.40025686021642],[9.799590796527148,50.40360968288653],[9.795959781893718,50.408461529388404],[9.79554783067405,50.40876248426183],[9.79399797090742,50.409371054973164],[9.793060352532828,50.410059973240905],[9.79259432722464,50.410580369474886],[9.79814049165356,50.411815943000086],[9.799075550727888,50.41526953198527],[9.799849979351272,50.41650703187422],[9.801156260928593,50.41727841615036],[9.804208929402272,50.41726383085036],[9.804435283294332,50.418594393436706],[9.80467601112925,50.41925213713047],[9.806849075327696,50.42213202646031],[9.807404500973004,50.422525598640775],[9.80823384091477,50.4220812243631],[9.809153293557655,50.421357956774905],[9.811056863170862,50.418633501492565],[9.811217702929227,50.417789862157846],[9.81111977668179,50.41665492648659]]],[[[9.803792469538172,50.38721704783028],[9.81023958580672,50.38582678371446],[9.810126361249978,50.3855962562514],[9.811070703514446,50.38531105306613],[9.811561163896686,50.385374904247115],[9.811741781862683,50.38566359872076],[9.81165052291127,50.385929187309436],[9.811218916553175,50.38609983923827],[9.810341934460302,50.385972036788175],[9.804042529072271,50.38733043798502],[9.803792469538172,50.38721704783028]]],[[[9.901349937005216,50.38605906160628],[9.90176004308528,50.38570629951659],[9.902223906148622,50.38588140617146],[9.901817993404277,50.386203019498474],[9.901349937005216,50.38605906160628]]],[[[9.846996940438956,50.407796301396466],[9.847076938109952,50.4079213954363],[9.84677880613174,50.40792651598346],[9.846996940438956,50.407796301396466]]],[[[9.84477278186376,50.408791714479804],[9.844497028715908,50.40890972521146],[9.844291308227616,50.408693788570005],[9.844544068995756,50.40857997490049],[9.84477278186376,50.408791714479804]]],[[[9.83803638381917,50.42193891959309],[9.837920979949567,50.422029974640274],[9.83792194833344,50.4219380439088],[9.83803638381917,50.42193891959309]]],[[[9.933905590778654,50.38397246851502],[9.93416690440666,50.384450452762174],[9.934063505622468,50.385695827944716],[9.934693473470068,50.385455852356735],[9.935780484371344,50.38456690137936],[9.936142089510911,50.38407194738723],[9.93599020775257,50.38376630541897],[9.934502334435463,50.38382521596211],[9.933905590778654,50.38397246851502]]],[[[9.937147987931926,50.397925519373416],[9.937280188500726,50.39796528526702],[9.937334065858215,50.39789335171648],[9.937201155620341,50.39785323187493],[9.937147987931926,50.397925519373416]]],[[[9.949767407857266,50.39533264457244],[9.950512860422837,50.395447790574835],[9.950614761715432,50.39559742194922],[9.950790885410083,50.39559607218751],[9.95075515851288,50.39535740255279],[9.950371582378102,50.39527788525475],[9.950194294466879,50.395066093884175],[9.949785782896397,50.395076354936],[9.949767407857266,50.39533264457244]]],[[[9.9361025384856,50.38376342307012],[9.936239755246957,50.38400289914774],[9.936620678656709,50.38341794147886],[9.936291529648344,50.38328190911944],[9.936304849867373,50.38375837666808],[9.9361025384856,50.38376342307012]]]]}},{"type":"Feature","properties":{"OBJECTID":48,"we_nr":"3456","lgbez":"TrÜbPl Hammelburg","typ":"8","plz":"97762","ort":"Hammelburg","strasse":"Rommelstr.","nr":"31","bl":"BY"},"geometry":{"type":"MultiPolygon","coordinates":[[[[9.870313744009161,50.098910360352114],[9.8733604000586,50.09922736808436],[9.873029640370937,50.0998849846399],[9.87401054047422,50.10021623184704],[9.873965869051787,50.1002971551607],[9.875639615479276,50.10065788796188],[9.875959153412394,50.10052911098239],[9.87646582658892,50.10003501966751],[9.879715329416067,50.10129021123076],[9.879914340387504,50.10097894642711],[9.88051973212554,50.10106654616422],[9.882144406284013,50.1008449210028],[9.88722719363819,50.09974596718141],[9.887179435604429,50.09967365984998],[9.88856693835816,50.09925822536775],[9.89048112156644,50.09815572408009],[9.890757419093367,50.09746249835476],[9.891312908519069,50.097009519816005],[9.892007801205498,50.09681341814453],[9.892726525298128,50.09635764951933],[9.894042237389279,50.09666180904677],[9.894092032802124,50.096478662150496],[9.894569518816754,50.09648147721161],[9.897070295617405,50.09669982344946],[9.896953110388594,50.096895763080184],[9.897615630487119,50.096424642911316],[9.897514627509821,50.095366458621186],[9.897606823404073,50.094943023686625],[9.898090440420493,50.094404763715396],[9.89881514369967,50.09405683983152],[9.898542191498867,50.09372563129564],[9.901858163368823,50.09262962106806],[9.90220380814076,50.09261713179489],[9.903191327031056,50.09207043662083],[9.903375998195592,50.092188891430794],[9.90405425857456,50.09077474363808],[9.903490318696992,50.09154140651293],[9.902527547494469,50.092172276757545],[9.897443745942336,50.09394155869565],[9.893941980912006,50.095427472199674],[9.89354206082893,50.09518410377137],[9.89357010802871,50.09402721938676],[9.893807671997218,50.093917452767585],[9.893575797957729,50.09378062982797],[9.893582930581083,50.09333951312711],[9.89228364508319,50.08971708526901],[9.891987422024942,50.08843946392344],[9.892183111924808,50.08799482082455],[9.892846674967396,50.08814511037683],[9.892948069610162,50.087956416806705],[9.89342911654655,50.08782224717108],[9.89282929615988,50.08678079263077],[9.892291404730619,50.08649931171078],[9.896113408380005,50.08186476768296],[9.896502545984717,50.081036966607144],[9.89743749276964,50.080818191596784],[9.901898523776255,50.081037819756204],[9.902218249457267,50.08094236265967],[9.902911261071505,50.081063332940865],[9.903188942003963,50.08099690086607],[9.903231877881304,50.08118346475813],[9.90366912925263,50.08100432557431],[9.904339682086466,50.0813213543546],[9.907397320938552,50.08196359915738],[9.907258937265665,50.08180773331368],[9.90585023786445,50.081515722067614],[9.90654838155391,50.08109933060966],[9.906505082757207,50.08095270480546],[9.9059251124434,50.08069757175875],[9.907195842295055,50.080256919738154],[9.906043257971277,50.08061066630431],[9.905550798837494,50.08002206588809],[9.90762032950452,50.07872486941809],[9.906201804330719,50.07798107491262],[9.90906173836185,50.07593881116005],[9.910299509923991,50.074739907223915],[9.911637998799218,50.07374832222742],[9.912055798949723,50.073222301236015],[9.914275754307697,50.073216709892286],[9.914293767325765,50.07230465199548],[9.91249282574224,50.0723476043242],[9.91224255600235,50.07173716024201],[9.914338648953988,50.07145336255034],[9.914536775983215,50.0704818737154],[9.916420992291918,50.07047879536016],[9.91635020953908,50.07037223421471],[9.915163779390356,50.07042224734004],[9.915393563050168,50.069264957786466],[9.914756321543736,50.0694246808689],[9.913310298040784,50.06917406752018],[9.911971961879162,50.06911893292665],[9.91156680371968,50.06683058640874],[9.910556879947872,50.06402145583115],[9.909048793638574,50.06229587550626],[9.90543378159364,50.05928473671182],[9.90379153818483,50.058089440234966],[9.90179717854083,50.05617066890598],[9.900842741009182,50.05502871655706],[9.900352414475908,50.05471565685931],[9.898008359556359,50.05405160945044],[9.898544820867706,50.053043799033055],[9.898010166966717,50.05238956402211],[9.897921451145855,50.051520514793076],[9.897729350015593,50.05105457367312],[9.896720644359316,50.0506251654052],[9.896232820532424,50.05024011556538],[9.89498089780957,50.0487033186683],[9.890416096116269,50.048296815521496],[9.887669504321234,50.04635154927492],[9.887938721327071,50.04661274909745],[9.88799229505401,50.04736650039497],[9.88602336222409,50.04732398544992],[9.88545972507878,50.047442602750486],[9.885359574602695,50.04638709189399],[9.885214189460463,50.046387751254805],[9.885080135667218,50.044619800438454],[9.883664982769023,50.04349102197896],[9.884123893420167,50.04311723729798],[9.883843389981097,50.04303779643582],[9.884117585450246,50.04264455124179],[9.883129345212813,50.04227908720457],[9.883209403969246,50.04222001595879],[9.88264756075954,50.04067423377363],[9.882253348571792,50.04010457233941],[9.881831090082526,50.03814057515814],[9.880962387761636,50.03696012046349],[9.880541153351828,50.03657467884793],[9.878567904116988,50.035329818872015],[9.877247002458404,50.03492832743506],[9.875539008658999,50.034824121134385],[9.873914765691866,50.034948520921034],[9.873196676708183,50.03483691223655],[9.874344887134827,50.03255138973405],[9.875153626012189,50.031383334593016],[9.874783388961044,50.0309944291682],[9.873456006855998,50.03030432004853],[9.872965900409946,50.02970224914474],[9.87299294598823,50.02740474988254],[9.873163435449385,50.026512502160394],[9.873014095024965,50.02479744383608],[9.87330646700559,50.02276642264899],[9.874533027592985,50.02065245254395],[9.877236681714082,50.01834967532721],[9.878355110294118,50.01672072814749],[9.878221297249395,50.01667748992853],[9.87700321226668,50.01844525007597],[9.875541807809421,50.01951103630806],[9.874370020199823,50.02060088456116],[9.873134044369912,50.022742626070276],[9.872850958274386,50.02479336411775],[9.872995261845015,50.02651583611002],[9.872819977176885,50.027397956299446],[9.872864777058405,50.02839840263379],[9.872731148168288,50.02954562713691],[9.873317735472513,50.0303789329381],[9.874663498904871,50.03108167728389],[9.874958198420408,50.03138615751629],[9.874189767848144,50.032513523536046],[9.872994223392569,50.034799580419005],[9.869420132303754,50.03427794573939],[9.869421299215283,50.03511583508215],[9.86195636028868,50.03582566543302],[9.858978084896973,50.03555840497187],[9.859307702825891,50.03439643602318],[9.857675297766095,50.034573644378476],[9.852308351727924,50.03437645753085],[9.851446980558082,50.033834225588386],[9.850837309246007,50.033809016178196],[9.84836509707476,50.03455510329385],[9.84982855597905,50.03630716348748],[9.850163617698609,50.03704600875921],[9.848771463468307,50.03723374354388],[9.846315282631599,50.0380694303698],[9.84495407536284,50.03839180586301],[9.844319485683142,50.03843788743462],[9.841678952583804,50.037994767693284],[9.839372976350823,50.03886843230575],[9.83924740894206,50.03868289174977],[9.83875534776199,50.03867034918852],[9.837869946658255,50.03836383806797],[9.836555287392601,50.03773617562613],[9.835466946086392,50.03641989503593],[9.834886629022872,50.036115930816095],[9.834707396259034,50.03603924101048],[9.83453404566369,50.036189070849666],[9.832760102946029,50.03585364970848],[9.831770183757287,50.03517422439632],[9.83130377397014,50.0350034391742],[9.830316834493201,50.03485895276089],[9.828535721422943,50.03512468805474],[9.822701849964657,50.03405882989122],[9.822074258160983,50.03477435535937],[9.822151425240525,50.03608785552869],[9.821588149217984,50.036761009941785],[9.821326075615264,50.037295228653925],[9.821378917215236,50.03826433515153],[9.822071909066539,50.03939646917774],[9.822170739917455,50.03978647487695],[9.82167901111401,50.04048106844002],[9.821675441209079,50.041589173143485],[9.821427053439743,50.04259126054978],[9.82044094849771,50.0434945924341],[9.820293926625034,50.04382490713368],[9.820217721641148,50.04413115666864],[9.820560625653137,50.04511584007801],[9.809988760907993,50.04661630316813],[9.80906296346424,50.046870638613605],[9.808579924962887,50.04656829405982],[9.80845952646029,50.04687583326286],[9.808771093641896,50.0470063257828],[9.8083696742706,50.047322298142156],[9.807942958340902,50.04732985670374],[9.808289790685633,50.04738113640454],[9.807949175580982,50.048082891831186],[9.80665860913125,50.054826312654214],[9.813428135246873,50.06014055416431],[9.813255177215327,50.06030608906378],[9.813694193776215,50.0603499615959],[9.815101915810354,50.06146237048263],[9.81497347469104,50.06169073354001],[9.815849485705083,50.06183046403076],[9.815895799247878,50.06208979882155],[9.819387175261944,50.06487010987311],[9.818936044919463,50.06533199337758],[9.817514589441231,50.065536195898424],[9.815315529795074,50.06630024266038],[9.814158417962258,50.06722360460706],[9.813385903648756,50.06716938978475],[9.813312291202795,50.06764191618575],[9.813536017522644,50.06804751163581],[9.812625264164952,50.06861997987615],[9.814936724612746,50.06992015277189],[9.81684124733844,50.07126199775305],[9.815506293333891,50.07139460281145],[9.8151435706901,50.07162020469193],[9.815782334840947,50.07208107187069],[9.8151700952455,50.072624299354146],[9.81703714025755,50.07328357247297],[9.816763687695131,50.07440454214669],[9.816766140994172,50.075223527420754],[9.819399341145838,50.076081085223564],[9.822390772364871,50.07672225644551],[9.823201978914327,50.07737784302706],[9.82401146429168,50.07916291371426],[9.824638044592321,50.080124789981305],[9.824964121362413,50.079155338260925],[9.827830011223867,50.078164203727766],[9.830214343007482,50.082556710540466],[9.831600452474214,50.084832007298466],[9.831642200778763,50.08524939405755],[9.831343564845643,50.085221852437456],[9.831665794131366,50.085586952555836],[9.832020707720387,50.085611122043446],[9.832517326053933,50.08720671010449],[9.832935545717682,50.087237168207075],[9.835370441872024,50.092160841451395],[9.835798992161529,50.09228430365482],[9.835892134880089,50.09257549087141],[9.83652236593407,50.092502596403804],[9.837293892100766,50.09269175675293],[9.837732088499802,50.09282269752096],[9.837916677917667,50.093025710473874],[9.841809781425168,50.09420140448957],[9.842084298491178,50.09416550598581],[9.841984678021115,50.09431274200772],[9.842250306257414,50.09439185190696],[9.842338177661873,50.09426826546764],[9.842954216232675,50.094437559866044],[9.842867104802929,50.094556553994394],[9.843889607683629,50.09471146957668],[9.847847948643714,50.09597085123639],[9.854369829896735,50.096744468882704],[9.853978153653024,50.09710360626632],[9.854222792752704,50.09722700387152],[9.854698677969472,50.09678360116948],[9.859515867630085,50.097364672133565],[9.85948191221066,50.09788163352411],[9.859109257793092,50.09782512070351],[9.858693465377268,50.098468485289246],[9.858430990227614,50.098412144305094],[9.858347628365854,50.09875489536011],[9.857284376107215,50.09859627091116],[9.857375651228308,50.098735634568165],[9.857284362632491,50.09876787802265],[9.857721680479168,50.09921147383858],[9.859783092172625,50.10018656392625],[9.860349554519507,50.09968022827174],[9.862708392115394,50.09999001946535],[9.864528355525062,50.0995612249712],[9.864322966515132,50.0984508159644],[9.864618375699711,50.098386647269564],[9.8647130778936,50.098155963222204],[9.865082507359318,50.0981027543484],[9.865603457460615,50.09817118361035],[9.86507414134905,50.09834475723631],[9.866363181561143,50.09826822967799],[9.868987782140593,50.098755161006295],[9.8684880628227,50.09855464497974],[9.870313744009161,50.098910360352114]]],[[[9.81942201552191,50.06489756573235],[9.819606587871798,50.065044935493354],[9.818998897344956,50.06532237558319],[9.81942201552191,50.06489756573235]]],[[[9.873853357757373,50.099246863781715],[9.874014508332834,50.099273891986094],[9.874318491936808,50.09971968833895],[9.874154744331872,50.09980357717612],[9.873961901193173,50.09961021711247],[9.873853357757373,50.099246863781715]]],[[[9.873648447549463,50.099212429233745],[9.874084920979767,50.099839269776645],[9.873971459267791,50.09989732623376],[9.873595075943472,50.09970678602994],[9.873648447549463,50.099212429233745]]],[[[9.894592576773453,50.09617518952679],[9.894021041640164,50.095625597088166],[9.896453122474401,50.09457464429403],[9.896646340210589,50.0947820307568],[9.896881176893876,50.095323973531194],[9.896696832716085,50.095616788699196],[9.895388393385469,50.096269622800534],[9.894592576773453,50.09617518952679]]],[[[9.877016811861775,50.10561384311611],[9.879267503975507,50.105540157830816],[9.881762482151029,50.10580850698253],[9.88265553690097,50.10567211669951],[9.883216381184072,50.10544021170787],[9.883468797897455,50.105014490281405],[9.883111226193522,50.10415530785518],[9.882586441184248,50.103502640551795],[9.882199012175183,50.10256948128903],[9.88147964668546,50.10213216659068],[9.881051172752743,50.102893169922716],[9.880197811860286,50.103834756972454],[9.878815944238312,50.104362924225356],[9.877794818474932,50.10452282884294],[9.877536519593052,50.10476699161436],[9.877177298582248,50.105564961975254],[9.877016811861775,50.10561384311611]]],[[[9.867158195079252,50.10344917891034],[9.867443146077319,50.1042755840322],[9.869587307879815,50.10404395690959],[9.869685218855903,50.10277101189296],[9.871448533605466,50.102423749731905],[9.87148573194308,50.1020154090695],[9.871868010012289,50.101890759611905],[9.87395588517571,50.10183881561582],[9.874510207689848,50.101402476104035],[9.873079119576806,50.101437890357886],[9.872983988886535,50.101219959840286],[9.874527872161575,50.1007367810998],[9.875559007852182,50.10068493841884],[9.87389361036695,50.10032198276413],[9.873020335621236,50.100396278225844],[9.871815169310615,50.10071293212516],[9.872756646847636,50.10147521182837],[9.86807930241889,50.10244332364333],[9.867982443370003,50.10161794194078],[9.867661015381525,50.10138820748453],[9.86749309510207,50.10104076185939],[9.86751158782052,50.101321418672384],[9.867911330935465,50.10162135134296],[9.868003912207005,50.102457738301936],[9.866223843877405,50.10276136127428],[9.864074263437082,50.1035911627489],[9.86475430517526,50.10434519945736],[9.867158195079252,50.10344917891034]]],[[[9.874991859192418,50.105927544889205],[9.875256978982259,50.1062484337936],[9.87762162418645,50.10679172409632],[9.878922083782413,50.10696869394676],[9.879131661636542,50.10672894413191],[9.879318769032139,50.106759095993745],[9.879262979161428,50.10556798391898],[9.87690347232067,50.10564851677678],[9.874991859192418,50.105927544889205]]],[[[9.8701694098958,50.10042127864359],[9.87164178547761,50.1003278481085],[9.871576468074982,50.10014962579209],[9.871955950587022,50.09900138037529],[9.870286107339455,50.09905195427905],[9.8701694098958,50.10042127864359]]]]}},{"type":"Feature","properties":{"OBJECTID":49,"we_nr":"3455","lgbez":"TrÜbPl Hammelburg - MunLgr ÜbdTr","typ":"7","plz":"97727","ort":"Fuchsstadt","strasse":"An der St 2294","bl":"BY"},"geometry":{"type":"Polygon","coordinates":[[[9.917007434069014,50.074330222526044],[9.917360979523888,50.07434334902093],[9.919098618625977,50.07511578168585],[9.919952101689304,50.075700025647286],[9.920916482672828,50.07613354141391],[9.921567088415745,50.07660911453004],[9.92183549603953,50.07719582961491],[9.926529431453272,50.07727853110033],[9.927602663096403,50.07712659327787],[9.927372220073154,50.076323549270555],[9.927639929705963,50.07613172367462],[9.927429494859036,50.076068646982975],[9.929258975919154,50.07259324907052],[9.929030104049364,50.07258060063614],[9.929246857645973,50.07216864256834],[9.927192928020508,50.072490957399694],[9.924903584993354,50.07221493271406],[9.923497411654745,50.07475204370871],[9.920763504071495,50.07551622788289],[9.919809591155985,50.07522005848795],[9.917469473552316,50.07414803842087],[9.917174014062066,50.07342886281948],[9.917007434069014,50.074330222526044]]]}},{"type":"Feature","properties":{"OBJECTID":50,"we_nr":"3370","lgbez":"TrÜbPl Grafenwöhr -US- - TrLgr Normandie - Bw-Nutzung","typ":"1","plz":"92655","ort":"Grafenwöhr","strasse":"Lager Normandie","bl":"BY"},"geometry":{"type":"MultiPolygon","coordinates":[[[[11.91491897360328,49.684191558252095],[11.915045113238863,49.68286255134608],[11.914383841798571,49.682676889957506],[11.913026106518394,49.68258355332779],[11.912307280916158,49.682870687347474],[11.91188233287095,49.68252490317982],[11.911387198554245,49.68273914237044],[11.911678477285166,49.68327661908262],[11.91139186979375,49.6833376391217],[11.909842798747906,49.683262262338346],[11.90910654223589,49.682910844231316],[11.905819775494106,49.68394179417163],[11.904606374327292,49.686366711255125],[11.90676892823693,49.68915991477513],[11.908480549433449,49.68868466886709],[11.908046968578331,49.68808286254146],[11.911996630914459,49.68738492359672],[11.910752569348672,49.68574710049246],[11.912067642737654,49.68532659612142],[11.912870740195045,49.68477691181523],[11.91491897360328,49.684191558252095]]],[[[11.905545272801113,49.69213845824294],[11.907988920342982,49.69110429124421],[11.908023914214885,49.69099579577954],[11.907125570184567,49.689841319138885],[11.905631793139403,49.69017478052943],[11.905351948165437,49.69034995689646],[11.902972311875784,49.689737079477425],[11.90181718262483,49.69011687991067],[11.901637888775554,49.691339585134955],[11.901971216746619,49.6913656636798],[11.904333946742595,49.69066472847717],[11.905087782386413,49.69165955715022],[11.905475572518213,49.69153962295267],[11.905545272801113,49.69213845824294]]]]}},{"type":"Feature","properties":{"OBJECTID":51,"we_nr":"4968","lgbez":"TrÜbPl Grafenwöhr -US- - Fitzthum Village","typ":"1","plz":"92249","ort":"Vilseck","strasse":"Mozartstr.","nr":"2","bl":"BY"},"geometry":{"type":"MultiPolygon","coordinates":[[[[11.805904597816898,49.603492208437025],[11.806520246518827,49.604317534842394],[11.807195722120426,49.60405401272969],[11.807273902499594,49.603913750304116],[11.807166527771985,49.60345439154314],[11.80654368536123,49.603489387802384],[11.806510096454454,49.60340347800448],[11.807743434830687,49.6032921281042],[11.807734708596014,49.60295722456498],[11.80764479352426,49.60284749211158],[11.805904597816898,49.603492208437025]]],[[[11.807320030989455,49.6035337028937],[11.807425558780833,49.60407893182559],[11.808447605317374,49.60396640574074],[11.808039277003266,49.60338894515839],[11.807458951854906,49.60341463714081],[11.807320030989455,49.6035337028937]]],[[[11.8065768736194,49.60439721853787],[11.806825683596939,49.60476920912236],[11.808643719222037,49.60449548996789],[11.808458706697671,49.60399096626571],[11.807350614133307,49.60411169851944],[11.807453400266445,49.604626046682874],[11.80734073086854,49.60463588810982],[11.807184847115595,49.604185173750906],[11.8065768736194,49.60439721853787]]]]}},{"type":"Feature","properties":{"OBJECTID":52,"we_nr":"3371","lgbez":"TrÜbPl Grafenwöhr -US- - Scheibenhof","typ":"0","plz":"92655","ort":"Grafenwöhr","strasse":"Lager Scheibenhof","bl":"BY"},"geometry":{"type":"MultiPolygon","coordinates":[[[[11.9220792506979,49.70714627265918],[11.922621479193348,49.70695299439029],[11.921715632433772,49.706589068483794],[11.921491097630168,49.70604216569444],[11.9224227197502,49.70577689557283],[11.922335297503357,49.70555699716651],[11.918130086926762,49.70618439687965],[11.918573162076106,49.70729859608156],[11.919277748482779,49.70717114076682],[11.919436641591936,49.70753328756835],[11.9220792506979,49.70714627265918]]],[[[11.925267872003289,49.70537735286199],[11.922794000643705,49.70550101285421],[11.922509565278638,49.705552359404926],[11.923522616085911,49.70584397050905],[11.925287348376996,49.7057383639119],[11.925267872003289,49.70537735286199]]]]}},{"type":"Feature","properties":{"OBJECTID":53,"we_nr":"3372","lgbez":"TrÜbPl Grafenwöhr -US- - Schießbahn","typ":"8","plz":"92655","ort":"Grafenwöhr","strasse":"Truppenübungsplatz","bl":"BY"},"geometry":{"type":"MultiPolygon","coordinates":[[[[11.753013170099566,49.66682226392942],[11.762897445461519,49.66776778364699],[11.761346649650347,49.66899548233754],[11.763084612145956,49.66986968483943],[11.765008245631003,49.66830759214088],[11.764562596808378,49.668198150441015],[11.765469607784595,49.667470944504885],[11.75397953096999,49.66427736841116],[11.753013170099566,49.66682226392942]]],[[[11.702659642960374,49.633985028515426],[11.703019042735932,49.62982799981013],[11.703843338637398,49.6299772890941],[11.703948259167637,49.62962201984414],[11.703024730868322,49.629391447070624],[11.700864124506223,49.62919945218679],[11.700644109126818,49.634317728523364],[11.702659642960374,49.633985028515426]]],[[[11.700773586003685,49.62918216897927],[11.697432344524739,49.62896917474872],[11.693644836182267,49.63392592413336],[11.695097906968618,49.63455156574884],[11.700773586003685,49.62918216897927]]],[[[11.905394978365877,49.65340180678434],[11.898739655970633,49.6553223609484],[11.899568530585071,49.65643351764719],[11.905673236915067,49.65463932829323],[11.905394978365877,49.65340180678434]]],[[[11.907372653600117,49.66093753866645],[11.907143941630444,49.660422092672796],[11.906316692966653,49.66062850583405],[11.906597755157819,49.6610998038133],[11.907372653600117,49.66093753866645]]],[[[11.902058293142044,49.6614445837629],[11.906160263936302,49.66019349104165],[11.906373292219447,49.660525824741825],[11.907062759081574,49.66037342913824],[11.906616023297461,49.65936194963405],[11.906469070595024,49.65864203175167],[11.901095601889596,49.66025305955711],[11.902058293142044,49.6614445837629]]],[[[11.76973012134504,49.66367364119881],[11.765640807813153,49.661985988212514],[11.764502488736087,49.6631109216876],[11.768749677585916,49.66506596740336],[11.76973012134504,49.66367364119881]]],[[[11.764438762249817,49.663244700821046],[11.763304377793737,49.66232962394296],[11.760410430851001,49.6646480518469],[11.767025545552453,49.66623893444768],[11.768320246947455,49.665131976938284],[11.764438762249817,49.663244700821046]]],[[[11.832454047327916,49.66901568162855],[11.832630321939513,49.66877644888006],[11.830812503706747,49.66884880801238],[11.830978816900164,49.66907169518435],[11.832454047327916,49.66901568162855]]],[[[11.910882366924067,49.667117744776206],[11.906112125915167,49.66718311139103],[11.906120840471743,49.66868777103466],[11.911085160701182,49.66885164405004],[11.910882366924067,49.667117744776206]]],[[[11.9072234667876,49.670250451505545],[11.9062046676608,49.669956240236246],[11.904971453252069,49.67111556271882],[11.906723142005196,49.67166153717316],[11.907174169939744,49.67113649248818],[11.906571847745022,49.670928522817],[11.9072234667876,49.670250451505545]]],[[[11.880588636900344,49.708122746024614],[11.86558047446334,49.70776519237023],[11.86551756095241,49.70930071376552],[11.880252066909456,49.70957410489063],[11.880588636900344,49.708122746024614]]]]}},{"type":"Feature","properties":{"OBJECTID":54,"we_nr":"3368","lgbez":"TrÜbPl Grafenwöhr -US- - Servicecenter","typ":"0","plz":"92655","ort":"Grafenwöhr","strasse":"Lager Geb.","nr":"449","bl":"BY"},"geometry":{"type":"Polygon","coordinates":[[[11.913312238801044,49.70947527514108],[11.912683024639978,49.707796638008254],[11.911016647991078,49.70819593600462],[11.911619860416256,49.70974695335791],[11.913312238801044,49.70947527514108]]]}},{"type":"Feature","properties":{"OBJECTID":55,"we_nr":"0008","lgbez":"TrÜbPl Sennelager -UK- - Lager Staumühle","typ":"1","plz":"33161","ort":"Hövelhof","strasse":"Staumühler Str.","nr":"309","bl":"NW"},"geometry":{"type":"Polygon","coordinates":[[[8.722669567707344,51.82012794784196],[8.727378228305211,51.81894723710986],[8.727431241483393,51.81849989202218],[8.727319333856864,51.81816466307919],[8.722986442135669,51.81736320763288],[8.722595420763778,51.8175164861885],[8.722669567707344,51.82012794784196]]]}},{"type":"Feature","properties":{"OBJECTID":56,"we_nr":"2753","lgbez":"TrÜbPl Heuberg","typ":"8","plz":"72510","ort":"Stetten am kalten Markt","strasse":"Hardtstr.","bl":"BW"},"geometry":{"type":"MultiPolygon","coordinates":[[[[9.049952759944818,48.18596073850623],[9.055070201607727,48.18588777557816],[9.057563345423409,48.184305079629745],[9.060182609111768,48.18313675052939],[9.062466074462048,48.18305366065486],[9.062924252087926,48.18071088703041],[9.063903890956551,48.18072276244067],[9.064614663162272,48.18045470729846],[9.067136792018939,48.17831595720909],[9.069346440107351,48.17782692335315],[9.07010142020484,48.17688268964768],[9.06869630687824,48.17591277098752],[9.070071148776378,48.1745094123238],[9.070157835302998,48.17366697887316],[9.069454310704991,48.17353398169526],[9.069244760698638,48.17234534573417],[9.068992442799901,48.17185390591508],[9.068998658243354,48.17147387241109],[9.071743348304965,48.164936646678576],[9.072667232337132,48.164057246177855],[9.074182552779423,48.163192303349966],[9.075100706458404,48.16221428043],[9.075041412259749,48.16185309230311],[9.074848356220338,48.161612280230294],[9.074201364399777,48.161316610734836],[9.074473410200474,48.159830320726115],[9.073745629293171,48.15972435654691],[9.073355463117451,48.158737371813],[9.072460634194808,48.15868773687005],[9.073630698835675,48.1561837741519],[9.073681897416987,48.15531607612244],[9.073313085093906,48.155324949037485],[9.073364497474262,48.153000825696765],[9.074293238697168,48.152952724821084],[9.074223523142916,48.1512272453174],[9.074362276023411,48.15039052885579],[9.07098501749147,48.14975433043686],[9.070663751199735,48.14960167026746],[9.070685287410354,48.14717256946182],[9.07038287765476,48.147230155437065],[9.070527780401685,48.1425032441249],[9.073653296854996,48.14265909037952],[9.073658613084818,48.140643856646555],[9.073856243345682,48.14019559097089],[9.073751057812434,48.13996038767964],[9.073539537800645,48.13990663128056],[9.072733930450365,48.1402677425196],[9.07218440673649,48.14026053168536],[9.073322176942897,48.13962111626898],[9.072512940398877,48.13835791567421],[9.071949517950905,48.137046870956766],[9.07198222111881,48.136403117104344],[9.077358978556514,48.13527086394672],[9.077453415747424,48.13496805169987],[9.078147172963321,48.13449029276889],[9.078754727844569,48.13381303514034],[9.079660743487434,48.13215939584364],[9.079444872036438,48.132143440648306],[9.07893445737677,48.1332191114051],[9.078363538487752,48.13403031016613],[9.077528733195777,48.134733179973566],[9.076968840228568,48.13493961604802],[9.076568512310345,48.13491017079432],[9.076148319047942,48.13529427969971],[9.072782993736244,48.13596272905707],[9.07128801923685,48.13657616467101],[9.070642815063714,48.13664859107999],[9.07062168040003,48.13678649964379],[9.069500720367511,48.13661511998664],[9.069220189080662,48.13668979924626],[9.069153924853726,48.1369582420215],[9.069319665820291,48.13712467293576],[9.070413233524814,48.13729401862489],[9.070579005932444,48.137204879350925],[9.070766523858149,48.137354408698556],[9.070163939355343,48.13924084154775],[9.069140231833835,48.139285715763585],[9.0685043018677,48.13824838761659],[9.067659554022182,48.13614531738901],[9.066617943975384,48.13595426885029],[9.067311167592003,48.1353637121586],[9.06725300886388,48.135212217204746],[9.067055698403282,48.135256174689935],[9.066365975521283,48.13592775156055],[9.063516090943285,48.13518749687306],[9.063252030267154,48.1350798337368],[9.06332305466681,48.1341699913648],[9.062764457968548,48.134017358583534],[9.062714494570745,48.13372550375895],[9.061492425559734,48.13365602112228],[9.060389191982742,48.13297103282198],[9.06057660480555,48.132541674533414],[9.06040312844608,48.13235152509588],[9.060471808242811,48.13207760652949],[9.059881589948217,48.130577279085045],[9.060141734868031,48.13040724871843],[9.058845775831626,48.12923238530443],[9.056903321743054,48.129670550282626],[9.056740146364934,48.129385975450035],[9.056442907312102,48.12950008221842],[9.056328996442476,48.129423936120055],[9.054118271274044,48.130154359973325],[9.050281242403237,48.13078748874112],[9.049550043406246,48.13137564947135],[9.048119379298033,48.131757266692674],[9.046838764385019,48.1330128710575],[9.044772200853403,48.13432166685275],[9.044025526579015,48.13465971009665],[9.043619915668627,48.134692978028696],[9.043159807563185,48.13462692595568],[9.04262030365797,48.134262881135925],[9.042040332445866,48.132792867410366],[9.04116425765143,48.132140853594386],[9.041291189601084,48.131017352386536],[9.03840864138102,48.13155538464099],[9.038448459206004,48.13106341612554],[9.036837916445272,48.130976312941264],[9.036905990777493,48.130135973488436],[9.036761214693026,48.12971289125479],[9.034539217464413,48.12900974647064],[9.03449667415087,48.129097390218284],[9.026760974912715,48.12761827776156],[9.024276628298612,48.12751599398291],[9.021798290515392,48.12761707675907],[9.018980037415192,48.128712060361664],[9.01775992762982,48.127227392846805],[9.01458545479015,48.127295676576445],[9.014496282625132,48.12751170562192],[9.013285864763377,48.12860660513009],[9.01338362122923,48.12881640374089],[9.013190462781884,48.129191150167614],[9.012111179188675,48.12927710038485],[9.011673763425614,48.12882441723169],[9.009366445109604,48.129072585399236],[9.007860342280466,48.13013209305552],[9.00669198264199,48.12961834920852],[9.005555993794792,48.12872006067782],[9.004703418928196,48.1287386329425],[9.003635128019136,48.12850474962933],[9.003489733893732,48.12874263459765],[9.002671695656549,48.12874472596301],[9.001993240343179,48.130959976655966],[9.00128940313145,48.13090366568601],[8.99973416335457,48.13106615792067],[8.999224526635953,48.13127416579309],[8.998056990752582,48.1319069096325],[8.996543263921609,48.13372138498412],[8.996276728386874,48.13388971010966],[8.994629008848127,48.13441866727492],[8.989763302077305,48.13482356034388],[8.989589846379067,48.13517415709758],[8.989613390324365,48.13572513352371],[8.986633603966373,48.13650225440213],[8.986332378190287,48.1370482449918],[8.984314696484873,48.13752959562233],[8.98177561462215,48.137915641040166],[8.981180842767401,48.13787514844038],[8.980348652471243,48.13759556363016],[8.97863643748831,48.13803368002953],[8.976199045814095,48.13811858254398],[8.974427824991741,48.13844569213714],[8.973889622745386,48.138442781683935],[8.972784365264063,48.13784269726679],[8.971840758719818,48.137870270454535],[8.97126989103477,48.13836595225459],[8.969290774902818,48.13877003428356],[8.96963680954356,48.13915015842916],[8.968724430235223,48.13950907256242],[8.967825973915502,48.13907688010823],[8.967464684982879,48.13903377294316],[8.96799919605176,48.13979443653378],[8.967566990517367,48.14050606574596],[8.966138610824908,48.14236748548618],[8.965157790671698,48.14223340789294],[8.965234452898073,48.14237423326486],[8.965052266473577,48.142430589200806],[8.966746808001579,48.14457713687916],[8.967472084405903,48.1449813983896],[8.96668275003698,48.14738272975841],[8.96633024932283,48.14943780125609],[8.966358083621898,48.14984276227267],[8.967570804764042,48.152589969615185],[8.967492981914353,48.15340165218812],[8.967039625546596,48.154618090037886],[8.967259770283416,48.15582932133633],[8.967712767325034,48.156480108451376],[8.969271347038156,48.15713272343572],[8.969597765168047,48.15746812657752],[8.969694501147762,48.158060060731614],[8.969353699193514,48.15929111127275],[8.969526305983827,48.16051743920161],[8.969830295876013,48.161071191205934],[8.971336761624547,48.161424886362006],[8.972397828282084,48.161336795661676],[8.972481550368245,48.16144109071525],[8.971408617864116,48.162310382082225],[8.971092220441218,48.162734957918595],[8.970943552854957,48.163329168124214],[8.971110568530902,48.16334846366838],[8.971302950833858,48.16466161376186],[8.971673177105236,48.16541456802426],[8.971474108641619,48.16594938662107],[8.973185137848349,48.16633162759079],[8.972743169423431,48.16690768703731],[8.972470643024089,48.167752523218624],[8.973792890358958,48.167923413673364],[8.973294227459817,48.16862685828598],[8.973944596945833,48.16872363451745],[8.973882639242381,48.16916500982296],[8.97478066976068,48.169171778042944],[8.974754922248001,48.16929224106564],[8.97529330505571,48.16931017197928],[8.975401446046275,48.17014267974052],[8.975972937162108,48.17099723806946],[8.975835233513891,48.17122816059661],[8.977200305334964,48.17150716381181],[8.978030699898891,48.17219765865503],[8.978499681562697,48.17260530782019],[8.978519360057314,48.172828075103425],[8.979149435702766,48.17370386083554],[8.98039994627398,48.17515474297236],[8.980322913043405,48.17539602700949],[8.98103508482434,48.17559713760672],[8.984149298674733,48.17616792330817],[8.986339569204155,48.17630405797965],[8.989399489777103,48.17581296939847],[8.990699494825536,48.175474078765724],[8.995555959728685,48.17543748142418],[8.997307866772442,48.175266864612304],[8.999994889484375,48.17565601256681],[9.004549535723386,48.178872857101574],[9.003251644410792,48.180640972638166],[9.004044716669606,48.18112210190712],[9.005247959687207,48.18136739854039],[9.008160939235815,48.182423285478414],[9.00738512002039,48.183517540312906],[9.008047865596051,48.183714528247194],[9.007432767561376,48.184605892031364],[9.006074251645222,48.18607264605782],[9.00685827427584,48.18646927508407],[9.012676186264791,48.18776982104433],[9.013970684640517,48.18989068837692],[9.01244647806347,48.19260909247111],[9.014775991055203,48.194170315643746],[9.021778170049666,48.19410667433925],[9.0246273629249,48.19434487626351],[9.025447174436454,48.19418833187264],[9.026082104577686,48.193787828279454],[9.027398772476316,48.19477537985444],[9.028893561922775,48.1967905846255],[9.028907303451676,48.19705670886398],[9.03108328088661,48.197480973675226],[9.031452287245832,48.197281772838316],[9.034655667871332,48.19798764630434],[9.034923522132907,48.196683737541925],[9.036885032183609,48.19486107713516],[9.036747658217093,48.19300092571885],[9.038518634697668,48.19306143468073],[9.039959712076671,48.19265032516879],[9.04256280429328,48.19240485556857],[9.042605372759642,48.19084010160406],[9.042728129339853,48.19008314769982],[9.042947143097729,48.18987910674255],[9.043675233025498,48.189287556568836],[9.049952759944818,48.18596073850623]]],[[[9.056914834551723,48.129796627562385],[9.05857873813868,48.129300777291064],[9.0589640974293,48.13005407782491],[9.057437002768584,48.12996038300596],[9.056914834551723,48.129796627562385]]],[[[9.048210000445607,48.13193667197246],[9.048428128464609,48.131791639083346],[9.049019228006491,48.13194622642282],[9.048737058192536,48.13230271658655],[9.048210000445607,48.13193667197246]]],[[[8.970005823089291,48.15403459857114],[8.968779587692012,48.15285522483532],[8.968069090370768,48.152787647518096],[8.968062623399028,48.15257690584914],[8.968508265035112,48.15252067012806],[8.968888721320939,48.152655371100096],[8.969762333833163,48.15228494257614],[8.970404618481634,48.15228989710303],[8.970576213768915,48.15241394231022],[8.970934468192477,48.15274112202456],[8.971191551653781,48.15332091672497],[8.970893470879536,48.1536236884399],[8.970005823089291,48.15403459857114]]],[[[8.975953663807681,48.16350481465071],[8.976052285351173,48.1639501666728],[8.976551823209386,48.16389041665398],[8.976661206569972,48.16401535774656],[8.976943965678721,48.16498831872953],[8.97800810637119,48.16605305576797],[8.978258168600215,48.16652138754172],[8.976629823925501,48.167258082035005],[8.975088009470543,48.16569910612684],[8.975094402780421,48.165037526363555],[8.975264488898047,48.16477425625437],[8.975210960985192,48.16447503332381],[8.9753720253224,48.16436735132407],[8.974880023431105,48.164409134013546],[8.974164265575558,48.16470220326671],[8.974101742831767,48.16451667811627],[8.97454909486019,48.16432528219574],[8.975579388829349,48.164218553767256],[8.975311097088257,48.163589162134755],[8.975953663807681,48.16350481465071]]],[[[8.988599720577826,48.134916749290525],[8.98950989811541,48.13571288858822],[8.989642468790114,48.13482939784741],[8.988599720577826,48.134916749290525]]],[[[9.073416635693338,48.153074567180376],[9.073423410787214,48.15527872428544],[9.07499258343418,48.15520015757278],[9.075067484064245,48.15299216872909],[9.073416635693338,48.153074567180376]]],[[[9.075177140512682,48.15295260016543],[9.07504675633738,48.155190225708616],[9.076132107152022,48.155183124241844],[9.07705156338816,48.155015438248846],[9.076914978142463,48.15287326697331],[9.075177140512682,48.15295260016543]]],[[[9.07433033732177,48.15257303010881],[9.074401332975318,48.15294779672768],[9.07616668061235,48.1528321994502],[9.076165230731501,48.15248851708084],[9.07433033732177,48.15257303010881]]]]}},{"type":"Feature","properties":{"OBJECTID":57,"we_nr":"2758","lgbez":"TrÜbPl Heuberg - Außenfeuerstellung Königsbol","typ":"8","plz":"72469","ort":"Meßstetten","strasse":"Unterdigisheim,Gewann Königsbol","bl":"BW"},"geometry":{"type":"Polygon","coordinates":[[[8.921038416196634,48.14214696804621],[8.920924091203645,48.141925743524745],[8.918477293270088,48.14276516053524],[8.918349441445573,48.14251828317246],[8.91630353557225,48.14288640667953],[8.916325672755791,48.14324423192051],[8.916587632272444,48.14326997397903],[8.916655005918763,48.14383638171576],[8.91684470854724,48.14382329354309],[8.917162837922008,48.145452603029085],[8.917282500704385,48.145442252699624],[8.917437486142065,48.14612388348918],[8.91809790687777,48.14616511222102],[8.918255768720991,48.14716019839137],[8.920865860610286,48.147276196239915],[8.921606386814876,48.14592976905193],[8.92111553836042,48.14489172401219],[8.922572127847703,48.14435172698609],[8.92352895310137,48.143668688613914],[8.92412111085863,48.144128735917526],[8.926567712061157,48.144350660642054],[8.924695577194719,48.14272162907685],[8.923228122584042,48.142750887625404],[8.922231451657648,48.14178808254601],[8.921038416196634,48.14214696804621]]]}},{"type":"Feature","properties":{"OBJECTID":58,"we_nr":"2759","lgbez":"TrÜbPl Heuberg - Außenfeuerstellung Bol","typ":"8","plz":"72469","ort":"Meßstetten","strasse":"Hartheim,Gewann Bol","bl":"BW"},"geometry":{"type":"Polygon","coordinates":[[[8.939425719136098,48.15428161531124],[8.940011562635261,48.15554122451903],[8.94029548236736,48.15582675525189],[8.94193071801861,48.156142756021325],[8.943177608379223,48.1560040167323],[8.94404710031926,48.15570259604306],[8.943205339372057,48.15500096139393],[8.943451471471747,48.154569139091286],[8.943737379175557,48.15329477218204],[8.944063258316287,48.15258939068149],[8.943691726792824,48.15249968944295],[8.945006009664393,48.15199298783033],[8.945974273166538,48.15179218561001],[8.947013210725405,48.15097610607216],[8.948069411209062,48.15074086767159],[8.947567150557212,48.1504392422566],[8.945371846767255,48.150225171810185],[8.943993658644695,48.149951451088064],[8.943836791236492,48.15029172943364],[8.942591020176732,48.15075769570781],[8.941287452409876,48.151661140628086],[8.942287968125683,48.152081714867236],[8.942085289332928,48.15285157205819],[8.940441172038476,48.15332828933385],[8.939878713482791,48.15335570737497],[8.939974418196572,48.1534949398571],[8.939555385557483,48.15389661408686],[8.939425719136098,48.15428161531124]]]}},{"type":"Feature","properties":{"OBJECTID":59,"we_nr":"2760","lgbez":"TrÜbPl Heuberg - Außenfeuerstellung Wachtbühl","typ":"8","plz":"72477","ort":"Schwenningen","strasse":"Gewann Wachtbühl","bl":"BW"},"geometry":{"type":"Polygon","coordinates":[[[9.014239834272738,48.10890180046214],[9.016833104310017,48.109265918887516],[9.01672234562874,48.109073668485635],[9.017271881020712,48.10892729581781],[9.018720881540514,48.1074924049644],[9.01696844269411,48.10740054768158],[9.015976009120925,48.10708435419652],[9.014696023028577,48.10692275903777],[9.012765247937004,48.10695906754597],[9.012118233658581,48.10841647456609],[9.012042339491794,48.10902369100101],[9.012848568476265,48.10924879893489],[9.013591441080338,48.10965043072962],[9.013446175414053,48.11051677025899],[9.013003902460254,48.110993122568445],[9.013542960801077,48.111248395666735],[9.014034605162893,48.10954970067585],[9.01425878872523,48.10943442133623],[9.014239834272738,48.10890180046214]]]}},{"type":"Feature","properties":{"OBJECTID":60,"we_nr":"2761","lgbez":"TrÜbPl Heuberg - Außenfeuerstellung Wanne","typ":"8","plz":"72477","ort":"Schwenningen","strasse":"Gewann Wanne","bl":"BW"},"geometry":{"type":"Polygon","coordinates":[[[8.982417320755554,48.120169819032945],[8.98395539282907,48.12031867416558],[8.986191285198489,48.12085635554989],[8.986707510161418,48.11991712994977],[8.98698907720582,48.11965336985834],[8.987605531696579,48.11807212542873],[8.988304867450418,48.11759040888755],[8.988189406088603,48.11719848810067],[8.987234708045563,48.11691444029161],[8.987330414555938,48.11674107877837],[8.986953633277937,48.116884539105165],[8.98618990808117,48.117470154314795],[8.985337511979296,48.11843560735438],[8.983786018177145,48.119258803942394],[8.982417320755554,48.120169819032945]]]}},{"type":"Feature","properties":{"OBJECTID":61,"we_nr":"2762","lgbez":"TrÜbPl Heuberg - Außenfeuerstellung Wiedenäcker","typ":"8","plz":"72469","ort":"Meßstetten","strasse":"Unterdigisheim,Gewann Wiedenäcker","bl":"BW"},"geometry":{"type":"MultiPolygon","coordinates":[[[[8.934130941052922,48.172848277665985],[8.934437009646693,48.17321750635607],[8.9307294738224,48.17479959813985],[8.931291621560986,48.17508306878889],[8.932388317199338,48.17486455437391],[8.932411486547146,48.174736811588126],[8.93397883291911,48.174929536883845],[8.933795101392342,48.177114510563314],[8.934970859555477,48.17705427270031],[8.936088941385831,48.17718337548457],[8.937378120836776,48.176772026579656],[8.936631296543736,48.17545320990362],[8.937279384308923,48.17533930471675],[8.936114717644582,48.173651112660124],[8.936675755963789,48.173429288888286],[8.935739532672857,48.17196164228969],[8.935505356251307,48.17196600961148],[8.937803536904239,48.17126011857775],[8.93603398604999,48.170752710784434],[8.934842270214144,48.17067709676406],[8.934948395385192,48.170886245376586],[8.932382126908706,48.17118346228457],[8.931557540851411,48.171755718152404],[8.932553404192383,48.17226904092623],[8.93344644456927,48.17232363329264],[8.933555593469581,48.17289778927687],[8.934130941052922,48.172848277665985]]],[[[8.935647620646254,48.17726572130474],[8.936162107369103,48.17730082577761],[8.93668768469245,48.17696031383263],[8.936145927812511,48.177223083501794],[8.935747283337149,48.177170049618546],[8.935647620646254,48.17726572130474]]]]}},{"type":"Feature","properties":{"OBJECTID":62,"we_nr":"2763","lgbez":"TrÜbPl Heuberg - Außenfeuerstellung Vogelbühl","typ":"8","plz":"78580","ort":"Bärenthal","strasse":"Gnadenweiler,Gewann Vogelbühl","bl":"BW"},"geometry":{"type":"Polygon","coordinates":[[[8.938427643244609,48.087149535144036],[8.940691290861384,48.085591716689],[8.940423928876587,48.08537115048586],[8.94037281024535,48.08498694970132],[8.939742028524115,48.08413747862527],[8.938657148426687,48.085103368247154],[8.937242705197566,48.08562704291115],[8.936581868541868,48.086105592973205],[8.93745385151016,48.087460307200686],[8.934961175716731,48.08839614585477],[8.93485014754086,48.08858789994092],[8.935116842975711,48.08890618677933],[8.935844927513598,48.089138899056486],[8.936180484204861,48.08905316430861],[8.938178430821806,48.089936686978504],[8.93844563739807,48.08962463258775],[8.938424522497293,48.08920122030805],[8.938876108285635,48.08854233756568],[8.93840129206405,48.08773828791416],[8.938427643244609,48.087149535144036]]]}},{"type":"Feature","properties":{"OBJECTID":63,"we_nr":"2764","lgbez":"TrÜbPl Heuberg - Außenfeuerstellung Waldhof","typ":"8","plz":"72479","ort":"Straßberg","strasse":"Kaiseringen,Gewann Waldhof","bl":"BW"},"geometry":{"type":"MultiPolygon","coordinates":[[[[9.084523620565099,48.15010298106181],[9.081515556140271,48.150133854217195],[9.08079880744296,48.15003998207464],[9.07903794239918,48.15020441134231],[9.080186834647119,48.1504902582553],[9.081037903039016,48.1504988383309],[9.081051802671407,48.15275130487367],[9.08281607771997,48.15290155605002],[9.083034006312985,48.151554555459185],[9.085071620736263,48.15197061351639],[9.085403873423935,48.15190307039394],[9.087368789886199,48.15216547402739],[9.087732076671967,48.151296272060286],[9.088258708617472,48.15050683585186],[9.087370719467431,48.15021340440957],[9.085827397639411,48.14996931024938],[9.084523620565099,48.15010298106181]]],[[[9.073269765635935,48.1502086828247],[9.08091227184986,48.15148895119868],[9.080988638530489,48.151744320932174],[9.08097947032471,48.15078786125845],[9.08091739494194,48.15141229352331],[9.078981759066373,48.15109073961666],[9.078900051003068,48.15023752476107],[9.077725987960854,48.15036932015134],[9.076485052532234,48.15001765185969],[9.076248079655219,48.15032784427407],[9.076246245295412,48.1506322122928],[9.073269765635935,48.1502086828247]]],[[[9.083062047224585,48.15176821282257],[9.084979714099545,48.15216888472999],[9.08499680005624,48.15209401702866],[9.083062047224585,48.15176821282257]]],[[[9.08503256558095,48.15217595305233],[9.087107355883948,48.15252788942835],[9.087055945300255,48.15273719775261],[9.087320695882488,48.15226843567375],[9.08714338731,48.152447519369275],[9.08503256558095,48.15217595305233]]],[[[9.095426725596585,48.153803888688564],[9.095772764728913,48.154065232041134],[9.096337468174445,48.154056393067975],[9.097718581211588,48.15432333609898],[9.097789921818189,48.154222599548916],[9.096377733360448,48.15394623688477],[9.095721486197524,48.15360445096552],[9.095426725596585,48.153803888688564]]],[[[9.097803724432561,48.15433972847533],[9.099137401931099,48.15461380214251],[9.099203323899909,48.154423819551425],[9.097862808425427,48.15422856549205],[9.097803724432561,48.15433972847533]]],[[[9.09357414974882,48.153489528780206],[9.093948007010535,48.15374923585612],[9.095307503886986,48.153898815297254],[9.09357414974882,48.153489528780206]]],[[[9.087294699536482,48.152557617040955],[9.09295689665574,48.15350775408079],[9.09389514474933,48.15373767302451],[9.093451639306979,48.153477662644306],[9.087336662538368,48.152486329594126],[9.08739756651799,48.152247234337885],[9.087112975744391,48.15275001995655],[9.087294699536482,48.152557617040955]]]]}},{"type":"Feature","properties":{"OBJECTID":64,"we_nr":"2774","lgbez":"TrÜbPl Heuberg - Sonderanlage Meßstetten","typ":"12","plz":"72469","ort":"Meßstetten","strasse":"Ringstr.","bl":"BW"},"geometry":{"type":"Polygon","coordinates":[[[8.976876622575137,48.16449669995642],[8.976551823209386,48.16389041665398],[8.976052285351173,48.1639501666728],[8.975953663807681,48.16350481465071],[8.975311097088257,48.163589162134755],[8.975579388829349,48.164218553767256],[8.97454909486019,48.16432528219574],[8.974101742831767,48.16451667811627],[8.974164265575558,48.16470220326671],[8.974880023431105,48.164409134013546],[8.9753720253224,48.16436735132407],[8.975210960985192,48.16447503332381],[8.975264488898047,48.16477425625437],[8.975094402780421,48.165037526363555],[8.975088009470543,48.16569910612684],[8.976629823925501,48.167258082035005],[8.978258168600215,48.16652138754172],[8.97800810637119,48.16605305576797],[8.976943965678721,48.16498831872953],[8.976876622575137,48.16449669995642]]]}},{"type":"Feature","properties":{"OBJECTID":65,"we_nr":"2771","lgbez":"TrÜbPl Heuberg - LgrÜbdTr","typ":"1","plz":"72510","ort":"Stetten am kalten Markt","strasse":"Hardtstr.","nr":"58","bl":"BW"},"geometry":{"type":"MultiPolygon","coordinates":[[[[9.073406791954476,48.12861256985392],[9.074943286586322,48.12811855790387],[9.075014752058753,48.12755031045139],[9.072890322649767,48.127517050483405],[9.072910974918177,48.12840792690709],[9.073272950163648,48.12866010114711],[9.071380241182217,48.13027985388208],[9.072052268151424,48.130631076430014],[9.073933979957118,48.12909835794777],[9.073420908979164,48.1288170794764],[9.073406791954476,48.12861256985392]]],[[[9.070598949430074,48.130965092725184],[9.069873601160547,48.13059609290324],[9.069355251681982,48.13102098933036],[9.069989943769647,48.131351448908255],[9.069776067476875,48.1315611133969],[9.070273329902472,48.131828293348576],[9.070475599961744,48.13164817062265],[9.07008526220781,48.131449384254985],[9.070598949430074,48.130965092725184]]],[[[9.070525464544868,48.132409765615506],[9.070244423913232,48.132262434198],[9.070095040369687,48.132390696455595],[9.070376128611999,48.132537422564795],[9.070525464544868,48.132409765615506]]],[[[9.06875813432601,48.13567440739824],[9.066721141536922,48.1346081813601],[9.066878065538974,48.135225726632534],[9.06725300886388,48.135212217204746],[9.067369655103533,48.13554027695278],[9.068020278812792,48.13589553775914],[9.06875813432601,48.13567440739824]]],[[[9.069867470158723,48.1341082330243],[9.069594630247323,48.13404420600017],[9.069503028139486,48.134198945432466],[9.069660723794378,48.134282681019876],[9.069867470158723,48.1341082330243]]],[[[9.074592574417858,48.13061913366053],[9.074433887022906,48.131707564282905],[9.07491894942862,48.13174019440387],[9.074984787854133,48.13129186417635],[9.074649163789188,48.13126764798525],[9.074598441315004,48.13114680008763],[9.074711532921075,48.130846421732514],[9.075582490911643,48.131015321069974],[9.075427986970974,48.131486152080726],[9.075677171545966,48.131516873355096],[9.076129681700758,48.13029476520451],[9.074878873787169,48.13010105437825],[9.074762681196718,48.13032876324321],[9.0746073867386,48.13035968546633],[9.074073968021123,48.12991500958752],[9.072615726532012,48.13109578584663],[9.07282277562861,48.13120076411322],[9.072703795565829,48.131305925630116],[9.073275063001187,48.13159556985668],[9.074453962572875,48.13057365829814],[9.074592574417858,48.13061913366053]]],[[[9.077701517852516,48.133447136187534],[9.075572304914655,48.13328186544474],[9.075581846819592,48.13297120848704],[9.074422139753926,48.13286989223612],[9.074352272384399,48.13365636645233],[9.074775729226227,48.13382859832422],[9.077725126476503,48.134034050614694],[9.077701517852516,48.133447136187534]]],[[[9.071568198384103,48.129018027946],[9.070859366539377,48.12866556700618],[9.070448031563984,48.12902423425494],[9.071173360070576,48.12939323337974],[9.071568198384103,48.129018027946]]]]}},{"type":"Feature","properties":{"OBJECTID":66,"we_nr":"5221","lgbez":"TrÜbPl Jägerbrück - Sonderanlage Eggesin","typ":"12","plz":"17367","ort":"Eggesin","strasse":"Stettiner Landstr.","nr":"4 a","bl":"MV"},"geometry":{"type":"Polygon","coordinates":[[[14.104816634801214,53.66148095244081],[14.098527852889728,53.66579257774213],[14.101336766205938,53.667237746800765],[14.10767122385638,53.66294806154526],[14.104816634801214,53.66148095244081]]]}},{"type":"Feature","properties":{"OBJECTID":67,"we_nr":"4116","lgbez":"TrÜbPl Altmark","typ":"8","plz":"39638","ort":"Gardelegen","strasse":"Salchauer Chaussee","nr":"1","bl":"ST"},"geometry":{"type":"MultiPolygon","coordinates":[[[[11.560862778011451,52.32675532821802],[11.528667557974433,52.294221494060345],[11.527544167999096,52.29439684854622],[11.526841901940792,52.292378462500146],[11.526549525468617,52.29208327726139],[11.523731733204128,52.29318612003172],[11.522636587159637,52.29328363965678],[11.520969304110595,52.29313450612852],[11.519655059866603,52.29455870219842],[11.517819897860639,52.295880364019695],[11.517776402332872,52.29567086265618],[11.519446210546151,52.29448693799907],[11.521813253353828,52.29191152841115],[11.520466848524345,52.29182614246808],[11.519616845534404,52.29082599370165],[11.518305037521472,52.28994910847972],[11.51166985625322,52.2878473455527],[11.511743839703383,52.28831098983084],[11.512104322847177,52.28907924308509],[11.508884285659658,52.28606369228687],[11.508791860695013,52.28615553900485],[11.510372326961688,52.28765489006501],[11.508835573615045,52.28718111542612],[11.509004713806661,52.287090920445884],[11.509021133213409,52.287010167980654],[11.508806459216679,52.2871698550073],[11.508288937984803,52.286923115278974],[11.508180028036355,52.28698356752419],[11.507464381571914,52.28637094923013],[11.506539710615558,52.284954341597505],[11.504957830400585,52.284110573115974],[11.501199801172499,52.281719958341746],[11.50107754495387,52.28178862771298],[11.500892237782091,52.28167608113477],[11.500062268121324,52.278984306520954],[11.498497251979199,52.275734338721016],[11.488586250839226,52.27761314345862],[11.487414115581618,52.27835899314685],[11.48647580819922,52.2797209279573],[11.486654874774729,52.279730437609246],[11.486828217285233,52.28085757549853],[11.487021681159792,52.281030321274805],[11.488674112362217,52.28414080226676],[11.489645730173658,52.28691452869278],[11.489109575187854,52.288068550738714],[11.488496028543633,52.29128239304868],[11.485080344575442,52.292350848804894],[11.48285921511936,52.29277770039088],[11.485089556798679,52.29236659847024],[11.486301219725409,52.291987761561195],[11.485499046634466,52.29456031801788],[11.481979021549364,52.29502507106357],[11.478835715758464,52.295132273191165],[11.47706867389881,52.29613523870314],[11.475255427192506,52.297769266918955],[11.474245996595803,52.29906361236796],[11.474175309064426,52.29933658967158],[11.474401897416762,52.30009769593318],[11.474667438516475,52.30043803011541],[11.475983385067934,52.30151521353047],[11.476447098112596,52.302078198609635],[11.476980248233808,52.30316026225056],[11.476893622792625,52.303439753734885],[11.477650518996622,52.304318346588765],[11.478099335278948,52.305185678253565],[11.478069231835445,52.3064093588655],[11.477999977116937,52.30668464666768],[11.477524109866447,52.307314692519036],[11.477515282122168,52.307796458678496],[11.476338760390998,52.30891485114593],[11.476510395204153,52.30955932032658],[11.477357377159821,52.31069932915962],[11.477880526336946,52.31214962044363],[11.479055468829818,52.314169394388195],[11.47869302735872,52.31576920694571],[11.478679669410445,52.31637784539932],[11.479232100072595,52.31744170632889],[11.478815230576718,52.31858117939589],[11.478471446215773,52.32182635005981],[11.478575050714129,52.3237208824805],[11.478813561506943,52.32440763904305],[11.47889772017433,52.32564225363081],[11.47859149347707,52.32652182615876],[11.476998599018417,52.32616147758592],[11.471949247857443,52.32456537282384],[11.470960120084477,52.32448423627117],[11.469103081406397,52.32465255139368],[11.467342257685118,52.32502116862536],[11.4654111969293,52.325120820864136],[11.462260253661878,52.325724749641665],[11.46212548121639,52.32807428437255],[11.462196143594982,52.328845855489455],[11.462832979062926,52.329551087942164],[11.46299784776534,52.33029495707864],[11.464436096349512,52.332472969899165],[11.465294557876158,52.33519349737267],[11.464725967420351,52.33671395680851],[11.464434620417483,52.33823921982176],[11.464031994608785,52.33941806458431],[11.463982487555139,52.34073025470323],[11.465073956795178,52.34286966941999],[11.46492267241647,52.34405604701548],[11.465614944717233,52.345068354241924],[11.465036417996064,52.345833026061754],[11.46490572480033,52.346436788410934],[11.46294479236636,52.347901236213175],[11.461842686175022,52.34890994073527],[11.461073634866931,52.350013165746184],[11.464263766240306,52.35182101012864],[11.46467825160742,52.35236281119495],[11.465143875368707,52.35351678031943],[11.465042089060475,52.3526053355979],[11.464819675179251,52.35208792602639],[11.464859202848373,52.35118232686659],[11.465393427354648,52.35093294563244],[11.466913526834265,52.35124833266162],[11.471782922087602,52.35048979369534],[11.470774577554092,52.35237717820374],[11.47304252540614,52.35299593895912],[11.475666258213026,52.35071088954513],[11.478286354639662,52.34967533463108],[11.490065636873489,52.348234234366544],[11.491086761738572,52.34790028797377],[11.491184710443905,52.34764009864468],[11.491447970721088,52.34755117479246],[11.491845137467825,52.347637199582984],[11.49400225746832,52.34696502424548],[11.495681543806176,52.346758913414675],[11.496779006605783,52.346786505801106],[11.501109295907618,52.34753748886526],[11.522616079519995,52.351880167739736],[11.523135420738658,52.35179670047239],[11.523300849091498,52.352083474990465],[11.524919532385328,52.352608508130764],[11.533502647465411,52.35626240038044],[11.534819485145627,52.35659973126503],[11.5359954077005,52.35669097741543],[11.537069491844811,52.356642989994825],[11.540475900707733,52.35599696800171],[11.540589640897442,52.355603646794975],[11.541284873147074,52.355741860764226],[11.546967635398122,52.35461081596109],[11.54690754439384,52.3542575491184],[11.547977913106154,52.354018843223194],[11.54843457707079,52.35414886169612],[11.549075399261952,52.35399651768365],[11.549783303146976,52.35418948810395],[11.558080841103216,52.35257844971734],[11.564745609283673,52.35173251938207],[11.566582886822166,52.3511868356077],[11.568439885974374,52.35021781223264],[11.571654602440448,52.34764543746143],[11.571481759393265,52.347542844705735],[11.571741309628335,52.34757533093753],[11.562287744105806,52.34566295806126],[11.561423667210306,52.347215472152385],[11.566213141149468,52.34716258555103],[11.56637204414009,52.351067426516806],[11.56411673109252,52.35166815438306],[11.559947586976298,52.352178273948105],[11.558725570965885,52.352062366582935],[11.558680356961004,52.35214348931503],[11.554813280342245,52.35136857090826],[11.546376060647477,52.34244229473054],[11.551715253234917,52.34352324824121],[11.560862778011451,52.32675532821802]]],[[[11.495696572620885,52.45068645607305],[11.495812585548252,52.45064833716186],[11.496545609023581,52.45111636089159],[11.496647287533962,52.45104203116055],[11.497148551055833,52.45129580341511],[11.496831538286955,52.451529550226965],[11.49554582453638,52.450914899492076],[11.497575809567943,52.45189870477053],[11.498875646631419,52.44960085268456],[11.4990912333165,52.448990625611664],[11.496994060589884,52.448722079002486],[11.495696572620885,52.45068645607305]]],[[[11.489609752646532,52.45073725550544],[11.489877423651766,52.451380837287694],[11.489311610786851,52.45147947271721],[11.489870161671027,52.452650580751715],[11.491237594264673,52.452914834431056],[11.492090271539238,52.45149328411233],[11.491344949229346,52.45115019601513],[11.491856130151975,52.45022041074279],[11.490813146581079,52.44970995837289],[11.490771334496173,52.44916555506155],[11.489762207530058,52.449249033245955],[11.489810641995234,52.450712001150556],[11.489609752646532,52.45073725550544]]],[[[11.489897879189106,52.4527092929188],[11.490829417765843,52.45477977317525],[11.492746235732843,52.4547772364216],[11.495307855427715,52.45447107973049],[11.496215701837132,52.45409801455607],[11.496491916719025,52.453829358944574],[11.497445255611058,52.45214237976099],[11.495469135360594,52.451030344897134],[11.495811671961604,52.45126832885983],[11.495477068382863,52.451787405360584],[11.493529942156485,52.45092732487053],[11.493344554136332,52.451222276024964],[11.49388962490133,52.451329298425094],[11.493597499957442,52.45188525044514],[11.492138654800447,52.45159914852026],[11.491223868905452,52.45297961740446],[11.489897879189106,52.4527092929188]]],[[[11.488098824067686,52.479867014889805],[11.484406725791546,52.486593411224405],[11.487881224258041,52.48502423241948],[11.488098824067686,52.479867014889805]]],[[[11.462560068184622,52.50817002551007],[11.462845051522018,52.50401808710285],[11.462860778327705,52.501879472128245],[11.461987540412936,52.499605426204006],[11.46138613809308,52.497474656639916],[11.455927368063188,52.49998916707805],[11.456011906717945,52.50005903547514],[11.455628174276304,52.50024834287495],[11.455546642282764,52.50016632633823],[11.45454029111088,52.50060771588146],[11.461741775724194,52.508623017154605],[11.46326571101005,52.51069935997401],[11.463452108736606,52.51065330370099],[11.463011555158284,52.510020247027036],[11.462771517229472,52.509407373539084],[11.462560068184622,52.50817002551007]]],[[[11.460043233099919,52.518537838969316],[11.460883219874454,52.5187129818579],[11.461385249659248,52.517262740897394],[11.461304334808348,52.51716302727959],[11.460598896798757,52.516899787926384],[11.460043233099919,52.518537838969316]]],[[[11.466258936164722,52.517578989166786],[11.466411819544627,52.51752310656725],[11.46632766267387,52.516862693918206],[11.465227617217806,52.51933105128275],[11.465529873361495,52.51932951746918],[11.466258936164722,52.517578989166786]]],[[[11.4750957139215,52.51912254890196],[11.475053525442474,52.51924419887014],[11.47515521832591,52.51912140263601],[11.4750957139215,52.51912254890196]]],[[[11.459859109009383,52.516733377128695],[11.461423105563638,52.517153380066624],[11.461893866790026,52.51593823466762],[11.461001659151416,52.518737692666726],[11.464579550113886,52.519484296258476],[11.465105073538307,52.51940607415904],[11.46632766267387,52.516862693918206],[11.466132382405778,52.51516902337682],[11.465920066486664,52.514395577699375],[11.465652798824994,52.51400773506373],[11.464381209285618,52.513695108054456],[11.460684383176154,52.51428134480909],[11.459859109009383,52.516733377128695]]],[[[11.487850526129858,52.519030446310644],[11.489732883824233,52.51911092444105],[11.489968263089967,52.518633124514444],[11.48804519015364,52.51812537149981],[11.487850244058839,52.51822086128693],[11.487850526129858,52.519030446310644]]],[[[11.467366743963138,52.52008498630845],[11.471434656031704,52.52090988932682],[11.473525897182483,52.52058260450983],[11.473001282853128,52.51927961383806],[11.46747401807944,52.5196129714238],[11.467366743963138,52.52008498630845]]],[[[11.481266399712453,52.52034502423456],[11.48181950411106,52.51950971286264],[11.479902415751166,52.51938239355557],[11.473130381539246,52.51935403278832],[11.47363684810324,52.520867823003826],[11.474933796184782,52.520505738852144],[11.475424217939482,52.5208249378328],[11.475736117497748,52.521351331852934],[11.481266399712453,52.52034502423456]]],[[[11.476900584736098,52.52020663470492],[11.475449660923278,52.52028811151878],[11.475347280828629,52.51938089472742],[11.476919169981016,52.51941100848198],[11.476900584736098,52.52020663470492]]],[[[11.46729483831623,52.5204763479131],[11.467750881545005,52.521156752676234],[11.469137837224737,52.52152937084782],[11.470637330250034,52.5213639051547],[11.471962233903188,52.52092958275828],[11.471422859355386,52.520945286554046],[11.46750288184785,52.52016230420127],[11.46738732975619,52.5201826631905],[11.46729483831623,52.5204763479131]]],[[[11.567594589258194,52.530974162921446],[11.571771083390102,52.53175083544125],[11.571875774849982,52.531874886026095],[11.573569949865334,52.532346907412865],[11.572109520080193,52.52881061006633],[11.569712810410236,52.52625184558634],[11.568661579406758,52.52544166673569],[11.568184388937874,52.52735120720909],[11.567594589258194,52.530974162921446]]],[[[11.597133703900452,52.36771702051822],[11.605235060578414,52.35261085378572],[11.607435649157164,52.34918564133156],[11.606085279164024,52.34893123337765],[11.604136229644627,52.34883465338582],[11.60208721649871,52.348358204588976],[11.59991572165706,52.348220431219204],[11.598777109729205,52.348010936074566],[11.600122441970255,52.345152545986906],[11.59702264069026,52.344219073018934],[11.596077932811475,52.34341931012727],[11.594842112390129,52.342990189495914],[11.5947378287654,52.342890556655675],[11.59481813905012,52.34269422426317],[11.594252202217675,52.341827679149844],[11.593489237893948,52.341585294289224],[11.59184169981488,52.34072923386324],[11.592106781875477,52.33970720537489],[11.593599782776183,52.3360403704966],[11.591594635263936,52.33548017321318],[11.58809245072036,52.33483105782088],[11.587187054016729,52.335342857568335],[11.587379238690321,52.33546614597333],[11.58712571525248,52.33559620584404],[11.586991512338916,52.335479866375934],[11.586263622735434,52.33609331760772],[11.586359166650768,52.336213589390816],[11.586132368092645,52.3361952387381],[11.579128680826788,52.34183809200644],[11.57925015281615,52.341964259542834],[11.579007920303129,52.34195060262013],[11.578792976811803,52.34210356057164],[11.571935069946937,52.34763984237711],[11.57209993146284,52.34774201511268],[11.5718679181845,52.34769166382808],[11.568389744710146,52.35045267732821],[11.566795800120918,52.35126975202661],[11.564785949928167,52.351870436539265],[11.557744495691136,52.3527865059521],[11.537461935249773,52.35673042026445],[11.536226047454779,52.356875697171134],[11.534820730210605,52.35675025908468],[11.533744431719118,52.35650734374909],[11.524713563962036,52.352756092657685],[11.523576598646095,52.352416893213984],[11.523041382399759,52.352531410909535],[11.522876987109479,52.35225091802275],[11.521403193986147,52.3518307649341],[11.497755539100144,52.34708183726065],[11.495929102430523,52.34690596212594],[11.49463415399882,52.34700687440793],[11.493374111404135,52.34729469245865],[11.491996426338115,52.347813606840575],[11.491738266695085,52.34813284144029],[11.49123625397827,52.34807560107649],[11.489775124405522,52.34842726122322],[11.479167683680188,52.349738543072164],[11.478084268734994,52.34995780500245],[11.477852732462045,52.35013256835684],[11.477727828009975,52.350068877603164],[11.476294828282041,52.35063381041382],[11.474747288863782,52.35176603738636],[11.471424971294628,52.354670649634954],[11.47084418171727,52.355487498774245],[11.470531303893667,52.355468900995106],[11.470563006338336,52.355735711468384],[11.470358571339224,52.35569444071742],[11.470233191678355,52.35529955698404],[11.469093105615164,52.355250818585105],[11.466898380340234,52.35445883840535],[11.466795799921302,52.35505045026631],[11.464911702190216,52.354782827473514],[11.463658941339204,52.35500264760921],[11.463542375049625,52.3551396432386],[11.460566548465374,52.35456637505955],[11.460793101783455,52.35375751683639],[11.464244031151836,52.354456357327365],[11.464461698335095,52.35364394494712],[11.464778359862708,52.35329282450464],[11.464390061284453,52.352235070591476],[11.464037521044395,52.3518945864832],[11.460982613969083,52.35014257649571],[11.460260192410733,52.351169709851455],[11.45739456934895,52.35283749339896],[11.456257010246627,52.353855090697664],[11.453648109523384,52.35568609570566],[11.451856838303879,52.35621722650208],[11.451598883476754,52.35704354230372],[11.451714819149037,52.35705488535521],[11.451735094124997,52.35803133753077],[11.455146686267106,52.36819381407374],[11.4559968689201,52.36963923609036],[11.456889418816838,52.37052862825112],[11.458489516865749,52.37174827811003],[11.459259843781552,52.37211916281637],[11.462180993507697,52.37251600995188],[11.465172826273667,52.37317741648014],[11.465846525905938,52.37358013986762],[11.466101433647605,52.37392825059317],[11.466230055328335,52.373815182447245],[11.469017168329247,52.373658329585346],[11.472608546597376,52.37317590224872],[11.472486219411843,52.37364451737656],[11.475751652063956,52.37613310932615],[11.475245952661217,52.37709999773879],[11.47475699516042,52.3767252552445],[11.474506508926565,52.377465792933656],[11.473881036248644,52.37858845275317],[11.473771307036673,52.37857622742054],[11.472194399895132,52.38140759897907],[11.472260616511358,52.38149542768599],[11.467723077788637,52.380447885122145],[11.466079609077786,52.38098598212473],[11.475261992080595,52.404121908737814],[11.478185874481843,52.410956505216596],[11.4780551112175,52.41092966196786],[11.480776480115995,52.41760340265129],[11.507910898167104,52.42314098835026],[11.508197324198838,52.42262722780413],[11.511046906942946,52.42319263798288],[11.51539408008053,52.42841851057508],[11.519152911504191,52.42732355967605],[11.525002575345152,52.4346013323333],[11.516729447310109,52.44913090921981],[11.513144423724317,52.44896939598052],[11.510792551665158,52.44930316909845],[11.507060257373292,52.44950147448696],[11.50398258698866,52.44939677830562],[11.499357212794065,52.44896645046148],[11.499132695058439,52.449654894484596],[11.497837864306055,52.45202197567486],[11.497946069975278,52.45215262428129],[11.502298183846968,52.45439657774763],[11.503170237782195,52.454719172422855],[11.508048083487429,52.455941533503925],[11.509667865420843,52.45693840448834],[11.511942747368552,52.458111481889894],[11.5118872072295,52.45821440300427],[11.51159846174766,52.458066856665006],[11.510496902630354,52.458875738431594],[11.509813492209895,52.458530110550846],[11.510916041270635,52.457718119853936],[11.510695286577752,52.45760531286835],[11.509285298992433,52.45794621917013],[11.50744382003338,52.45871909642217],[11.504272322413934,52.45738452381734],[11.497986351330965,52.455718146312115],[11.499658848201891,52.45424651686651],[11.502858088492271,52.45499493522592],[11.503012321141716,52.454791227431755],[11.502173137461087,52.45448709904998],[11.497830954464881,52.452310455724856],[11.49762014052891,52.45237087037352],[11.496747128989611,52.45387475870261],[11.495916040027963,52.454483050289745],[11.493073835147316,52.45491239964148],[11.490911066540338,52.455025327389166],[11.490979401384017,52.45513701220936],[11.49060711797065,52.45625186213637],[11.490232459411692,52.456943450376684],[11.486933367784196,52.461178788016106],[11.488735814944159,52.4680671767158],[11.488318698411579,52.47412598434849],[11.48792754408905,52.485046323770746],[11.492316685618402,52.482992019709606],[11.492151753135595,52.48329426020689],[11.476366954914536,52.490454439920796],[11.461501565318871,52.49741826447413],[11.46216847638254,52.499577928749396],[11.462847565008197,52.500863145944656],[11.46306586101216,52.501956860882636],[11.462969948787581,52.50901215608664],[11.463568967876972,52.51054843857024],[11.464487990226848,52.511964845990114],[11.465949655195496,52.5140807147763],[11.466462294982144,52.51420674560813],[11.466622434054607,52.51754312020888],[11.466838668424996,52.51717598607219],[11.466701231576382,52.51668334809861],[11.46677454218842,52.51640359687448],[11.467765774714085,52.51671353258029],[11.467022090033,52.51807771480989],[11.46699245730671,52.518520035803164],[11.467166812218544,52.51921222539762],[11.472833766815565,52.51874727175015],[11.4784076487626,52.518705863135175],[11.482691494265893,52.51887927747287],[11.485353825883934,52.51665409673208],[11.487902828740639,52.51717352999148],[11.487889744778512,52.517738804295696],[11.488156625266331,52.51808119468695],[11.48968250450644,52.51844281833325],[11.49045853123273,52.51875836279996],[11.49144944665312,52.518875627112074],[11.490535725261752,52.51842844414147],[11.49051966787603,52.51764650966602],[11.490994354740236,52.517019115875456],[11.493772670539538,52.516996362194135],[11.493893861356243,52.517039191517824],[11.493675215009313,52.51757104209905],[11.493818136971038,52.517605581057374],[11.49410350299073,52.516294636244844],[11.494020319893727,52.51570528521706],[11.493708673660377,52.51518701650229],[11.4929669886291,52.51492330282429],[11.492702378184012,52.514549194684335],[11.494343240882214,52.514855845381184],[11.495573233932355,52.514864440203006],[11.498970523996809,52.5136829622559],[11.501092409376877,52.51540744563105],[11.501974984380713,52.515241520091024],[11.503014697185673,52.51485447650724],[11.504703885652903,52.513975797688545],[11.505161364389474,52.51394382639562],[11.50610142348668,52.51357953887104],[11.508610903165815,52.51322684865262],[11.50945405470509,52.5133324377752],[11.510445439944363,52.51281888533807],[11.511838434997749,52.51589246432265],[11.513120744133424,52.515430820603065],[11.515239003913008,52.51496046243057],[11.516965667398958,52.51857456204236],[11.535816209970948,52.51572081594773],[11.540259043804856,52.51653719876201],[11.544051555763463,52.51997547999793],[11.549528380133921,52.52017551190941],[11.55468442330291,52.52237970869504],[11.561649670759431,52.52284450693295],[11.568848728124854,52.524576553048604],[11.571984678510185,52.523210528435584],[11.583838028635867,52.52259231244816],[11.597648427778534,52.52788620274339],[11.60487809433896,52.53017004425281],[11.60723805482895,52.530823617179905],[11.60488068777518,52.53013116624624],[11.607381623577652,52.53015619032594],[11.607325596551705,52.53186632895906],[11.610601888038936,52.532242190776664],[11.610713491136616,52.532091587085546],[11.610628198795327,52.53224520886719],[11.617681522472177,52.533054045279805],[11.61790533682694,52.533038145266154],[11.62374243144048,52.52994522438923],[11.633838023794942,52.527290026503266],[11.633477687974873,52.52481250849864],[11.636390901983791,52.524344796073976],[11.639842398189138,52.52396862125892],[11.639857375799847,52.52384129301159],[11.64041981728752,52.52394156044361],[11.64252433014832,52.52391377924268],[11.644676809452042,52.524384366770676],[11.647303903754736,52.52428223494834],[11.648121562902876,52.522553863357146],[11.648689427519928,52.52078606139271],[11.649836242862913,52.5181265156052],[11.649999548496778,52.51709843114548],[11.649888127757107,52.516960453401865],[11.651319617417085,52.51397394114343],[11.654361683075422,52.50882415324505],[11.654265603764184,52.50873565402545],[11.657069954537066,52.5038497246159],[11.661431250987587,52.49574492034439],[11.653372860729668,52.487081071652604],[11.65546662794302,52.48655007084516],[11.659152788355145,52.48445535072834],[11.6619695798964,52.48304264455776],[11.668487910109093,52.48254348083493],[11.67572459430851,52.48130476497946],[11.676775453409494,52.481799410149705],[11.67665203477092,52.48204481038794],[11.677092311668135,52.4825574378562],[11.677208890534141,52.482503513026565],[11.676777056003981,52.48207897625555],[11.677617308679825,52.481704196830215],[11.677257446271893,52.48177940484925],[11.677064922933429,52.48168148996832],[11.677055063024886,52.481326634438034],[11.676708363630825,52.48103092478067],[11.676152738559528,52.48017025234732],[11.675205622297456,52.47921199832574],[11.65478618375961,52.45292016216729],[11.65163541296873,52.453820565514285],[11.651572563238195,52.45373664326577],[11.650847986621473,52.45393639197979],[11.650737042887263,52.45417010999627],[11.65063682952908,52.45415443489478],[11.652514253675928,52.45050573599728],[11.6508793728592,52.45387031080719],[11.654733669146415,52.4528527360374],[11.648575940655098,52.44494489302309],[11.647076400019126,52.443199030548236],[11.641156233699688,52.43546013298457],[11.638571341350742,52.43272076232098],[11.621838442314028,52.42934334273608],[11.625295290681851,52.422985615078865],[11.625182929406085,52.422964649015654],[11.62430229386495,52.4245906967002],[11.619940651563084,52.42373806291203],[11.623942533864989,52.42165949469349],[11.62615954903703,52.41966718583582],[11.626286053388634,52.41934950243021],[11.62596978442482,52.419466341588695],[11.625103503063608,52.420418837303714],[11.6237905218509,52.42153654038475],[11.62226474681532,52.42234649846588],[11.614884022251658,52.42085045642128],[11.616683316324941,52.41755691028363],[11.616300912491605,52.418141972652755],[11.611431650188905,52.41807847088393],[11.608560336299776,52.418195811978215],[11.607502226896155,52.418043349142486],[11.607605119928811,52.41552846386189],[11.606830285266906,52.414131628408136],[11.607320277626892,52.41386184632748],[11.608916097898424,52.41233814906558],[11.609473108171912,52.41040057259513],[11.609656637577736,52.40922769146215],[11.60819256332747,52.40898950943829],[11.609421233159184,52.407250060027565],[11.609848224871657,52.407053562525824],[11.609830632265133,52.40692522049007],[11.60832007199556,52.407456692649916],[11.608611591474974,52.40526570155258],[11.60603712227825,52.40473857200134],[11.60929481594417,52.398184493407356],[11.604373148622752,52.39711901873281],[11.609751461942496,52.387487622563846],[11.60444759201033,52.38640992908272],[11.606193015014366,52.38324331992034],[11.601024026223804,52.38220614266624],[11.601065196013288,52.382129283513166],[11.606228353839322,52.38316442011124],[11.607294470825405,52.38120653663459],[11.603505470381252,52.38064379156103],[11.597133703900452,52.36771702051822]]],[[[11.533832733416618,52.515360678156334],[11.531771527437328,52.515050873949214],[11.529659096825611,52.51462426563354],[11.529847690933035,52.51425592135353],[11.53161504899967,52.514182243817416],[11.532179159557119,52.51447939141162],[11.53310407665188,52.51456282010235],[11.534308190137,52.51422670554543],[11.535312882120548,52.51470076546771],[11.537049166563213,52.514830210148034],[11.53672366830815,52.51550300145857],[11.5351675535722,52.51522507406485],[11.533832733416618,52.515360678156334]]],[[[11.492142281299229,52.50001720785384],[11.504816240640423,52.502673727206016],[11.510486774125546,52.503770861705554],[11.507735420361165,52.509174038455306],[11.50735385196103,52.50942029525358],[11.505146624832298,52.51338533638639],[11.490258089245048,52.51035584156033],[11.491137662079216,52.50697571634403],[11.48021385806694,52.504750707043634],[11.476810400169748,52.50042606216335],[11.480381204322951,52.49392484552406],[11.490852872777893,52.49607863531555],[11.492142281299229,52.50001720785384]]],[[[11.663943712175154,52.464798833319485],[11.663946115168523,52.46478454830646],[11.66395604065412,52.46479165387098],[11.663943712175154,52.464798833319485]]],[[[11.510663867102366,52.44980439177366],[11.514013259894174,52.45044524761821],[11.515814961452445,52.450789923947355],[11.515733432153862,52.450958955479685],[11.51057930688801,52.44997995854515],[11.510663867102366,52.44980439177366]]],[[[11.510686205508524,52.44975801986707],[11.510873291344591,52.449369599304916],[11.513089341726017,52.449047056873624],[11.516590164423627,52.449182641182055],[11.515833387695544,52.450751709318105],[11.510686205508524,52.44975801986707]]],[[[11.634338711496705,52.43321730635837],[11.634515042702187,52.43282151749065],[11.634784074655087,52.43262615975351],[11.635594390974086,52.43237104268178],[11.636360224516842,52.43262525386207],[11.636690941085343,52.43297391607959],[11.636692242744202,52.43322114237904],[11.63636314134655,52.433686277126604],[11.635517721561202,52.4339050424579],[11.634636008940015,52.433670854885015],[11.634338711496705,52.43321730635837]]],[[[11.608740985706806,52.3892448925423],[11.606327203554908,52.388744614748795],[11.607281253912642,52.387032766625445],[11.60968801573062,52.387521065201284],[11.608740985706806,52.3892448925423]]],[[[11.474652777112711,52.37760669907029],[11.474754950594827,52.37738983529722],[11.475289661089665,52.377396941250666],[11.475100701367952,52.37772900099233],[11.474652777112711,52.37760669907029]]],[[[11.475931295357869,52.374755665467966],[11.476231388358347,52.37421172093766],[11.478612427816465,52.374363243374795],[11.47846055593956,52.375042505981966],[11.477212996334075,52.37508453795617],[11.47713212639893,52.37492970995998],[11.475931295357869,52.374755665467966]]],[[[11.463075859261254,52.372035463387306],[11.463316534095577,52.371611394299634],[11.464703020854756,52.371905977434835],[11.464460481117895,52.37232985502859],[11.463075859261254,52.372035463387306]]],[[[11.587564394046824,52.33671736101504],[11.587838184375785,52.336597638394124],[11.588026513480168,52.336754067917326],[11.58776958003751,52.336876362197025],[11.587564394046824,52.33671736101504]]],[[[11.567163718620321,52.53403139134998],[11.57174747207119,52.53410120399561],[11.574378756116348,52.5343435381493],[11.574265365371273,52.53375278008497],[11.573666357959977,52.53300376215686],[11.573623563118147,52.532777632747084],[11.570924173299705,52.532009632151826],[11.567516192385025,52.53138254075036],[11.567163718620321,52.53403139134998]]],[[[11.567208058564427,52.53471233804202],[11.569262778707339,52.53540400803442],[11.569489061632494,52.5342104756448],[11.567272252174654,52.5342244337544],[11.567208058564427,52.53471233804202]]],[[[11.635853790292177,52.433303648508534],[11.635853598951028,52.433318042866816],[11.635865470187507,52.43331090374327],[11.635853790292177,52.433303648508534]]]]}},{"type":"Feature","properties":{"OBJECTID":68,"lgbez":"TrÜbPl Grafenwöhr -US- - TrLgr Aachen","plz":"92655","ort":"Grafenwöhr","strasse":"Lager Aachen","bl":"BY"},"geometry":{"type":"Polygon","coordinates":[[[11.918895296140404,49.69927952779769],[11.91098356663243,49.70112075239895],[11.911762968329246,49.70150129936027],[11.912006604909065,49.701487619057175],[11.913430288209199,49.70115733263267],[11.91524349359297,49.70111167008504],[11.917847590126067,49.7004722330383],[11.919003102059353,49.70032984103755],[11.920780865311935,49.701292592688176],[11.92233968846847,49.7002727897631],[11.923352248795625,49.70083045914705],[11.924220718452869,49.701069737568304],[11.92496596350761,49.700760408317485],[11.927534158870369,49.70045451322441],[11.928646958606857,49.69950307499731],[11.92868412909666,49.69931297360223],[11.929051394520839,49.6992892263455],[11.9292869399749,49.69912068446035],[11.929859567459598,49.699225279342876],[11.929930561316485,49.699684206367806],[11.931541078026068,49.69957216778421],[11.931567449867895,49.69970608659935],[11.93179232153971,49.6996894355918],[11.931950769084505,49.700387581911606],[11.93298773214635,49.700210302992694],[11.93519137230214,49.69814609982686],[11.93391736090479,49.69767254896302],[11.933836881736783,49.696723274170765],[11.93339570472764,49.696742009295214],[11.932461781123845,49.697082784161125],[11.930540700650814,49.69726735219012],[11.930527685858966,49.69821144507594],[11.927128367398598,49.69840529500369],[11.925548266746244,49.69876416793679],[11.922424553211709,49.69889553010358],[11.918895296140404,49.69927952779769]]]}},{"type":"Feature","properties":{"OBJECTID":69,"lgbez":"TrÜbPl Grafenwöhr -US- - TrLgr Algier","plz":"92655","ort":"Grafenwöhr","strasse":"Lager Algier","bl":"BY"},"geometry":{"type":"Polygon","coordinates":[[[11.913440723937848,49.698596717743825],[11.922664798651319,49.69788037927794],[11.922808498554062,49.69876152189915],[11.925564371742643,49.69859826272366],[11.92626834909155,49.69838114115604],[11.928909890100636,49.698175391954535],[11.92882032447355,49.697150843205876],[11.92685246962198,49.69715231443765],[11.926802684988933,49.696324092803735],[11.919370919049117,49.69441507807459],[11.918771837975957,49.694375813947715],[11.918435531191419,49.69407462327843],[11.913023287605037,49.69328197595535],[11.913228041506084,49.69252476055415],[11.911873925538213,49.6923081563532],[11.911418098803406,49.693809000172116],[11.913273373190284,49.694042487718356],[11.913986026468198,49.69533997762455],[11.912999166941335,49.69553876477568],[11.913440723937848,49.698596717743825]]]}},{"type":"Feature","properties":{"OBJECTID":70,"lgbez":"TrÜbPl Grafenwöhr -US- - TrLgr Kasserine","plz":"92655","ort":"Grafenwöhr","strasse":"Lager Kasserine","bl":"BY"},"geometry":{"type":"Polygon","coordinates":[[[11.888653243500045,49.69500949019594],[11.889651295137043,49.69588846344171],[11.890444370989114,49.69586865707523],[11.897770892106838,49.69349464352004],[11.898433303509247,49.69295135191856],[11.898543064162247,49.69115882654353],[11.898106621274644,49.6906925170757],[11.889682287912674,49.693372680580524],[11.889039243289494,49.693671457656144],[11.888653243500045,49.69500949019594]]]}},{"type":"Feature","properties":{"OBJECTID":71,"lgbez":"TrÜbPl Grafenwöhr -US- - TrLgr Vilseck","plz":"92249","ort":"Vilseck","strasse":"Südlager","bl":"BY"},"geometry":{"type":"Polygon","coordinates":[[[11.775754308082824,49.644707022540594],[11.776792089509891,49.643336540001926],[11.779745845385888,49.640626201346],[11.780476855736653,49.640168733078916],[11.78471826931751,49.639083410543],[11.78507199174048,49.639695933362226],[11.787288532602055,49.64013420876473],[11.78945221838897,49.641738161832315],[11.79164227242439,49.6417112137611],[11.79131223228727,49.6422108323576],[11.78978959955857,49.64229098927809],[11.78836273891727,49.64416962214989],[11.787818254752144,49.64463850209285],[11.787741019400622,49.645000730949825],[11.787384866136506,49.645337881711896],[11.786379717808767,49.645743659063626],[11.786385799403252,49.64607368451136],[11.787098847041587,49.64652682442308],[11.78636526840742,49.647014808211914],[11.785749768825807,49.646643731022884],[11.784710507873454,49.64730789429163],[11.785295103612683,49.64778825593404],[11.785717601952104,49.64835693238597],[11.785545884493951,49.64860225406264],[11.784542751985699,49.6483254000114],[11.784075400764127,49.647842696151926],[11.783104714505644,49.64784925768397],[11.782827798937815,49.648082030674075],[11.779934124184633,49.647718211838786],[11.77944137758998,49.64925631042262],[11.780244233400548,49.649595031759894],[11.783441790248066,49.650196487957416],[11.783380397584923,49.65045265850499],[11.784480433159484,49.650773498658985],[11.784967598521305,49.65118626230414],[11.784993135828193,49.65184167570522],[11.785964487738292,49.65344678369153],[11.787827368160698,49.652969706257025],[11.788432750017265,49.652538346908365],[11.795780946584493,49.65070165005084],[11.79719007987197,49.65081423283055],[11.802315617152223,49.650852279936316],[11.802332359054198,49.65093677247312],[11.80303316984174,49.650927513860765],[11.80304433230744,49.65132858016646],[11.804066100366246,49.65131925707066],[11.804077667972171,49.64965960648159],[11.805667158714222,49.650014690600095],[11.806652920499797,49.65103271146143],[11.807818421699041,49.64960988526207],[11.807289827832973,49.64890638508155],[11.806950112840246,49.64904486968734],[11.806164113017681,49.64886423245695],[11.80576845274568,49.64837891133412],[11.80282915255921,49.648402671247524],[11.802471643737341,49.64818069620349],[11.80138354228129,49.64815278093954],[11.801370314588727,49.64792246573207],[11.800072010949464,49.64787249263118],[11.800160489615058,49.646235070886],[11.80044358828701,49.6461973470666],[11.800725514657483,49.646553268438026],[11.804348808271062,49.64548531329031],[11.803864018054867,49.64470210907214],[11.80353352606514,49.64477668647718],[11.80405983282053,49.64314604386859],[11.803998977349918,49.64270759255994],[11.803227869798103,49.642525610754895],[11.802690069997015,49.64206012395947],[11.80262153123576,49.6410738795306],[11.80298389006186,49.63919686081844],[11.804155583348363,49.63922876386137],[11.804311803969554,49.63839287862049],[11.80654320476255,49.63844730316567],[11.806851399668584,49.63670327259036],[11.80538101026189,49.63664246282396],[11.804823500525115,49.63695746571419],[11.803983550581528,49.636881351498566],[11.804047890617147,49.63638535740333],[11.803593188573073,49.636227545435624],[11.803776530231003,49.63457096481469],[11.803176280449653,49.6344649171144],[11.802587554256773,49.63468491838902],[11.802539212318063,49.63501096483015],[11.80049477159694,49.63497605810845],[11.800203745292634,49.6354051813328],[11.799479915175935,49.635410639716014],[11.798997608801514,49.634771102936845],[11.799570108725423,49.63406986450463],[11.799684589126906,49.6334761840218],[11.79933463064501,49.632230475141036],[11.797917241840072,49.632120051619665],[11.79690646916034,49.632301265315235],[11.79598761749038,49.63214258598388],[11.796018402755182,49.63170770349699],[11.792267480997598,49.63072501337353],[11.791235133479674,49.63168559949147],[11.788172688640781,49.63135101088278],[11.786129263914276,49.631500093600536],[11.785303029448439,49.632552146963384],[11.785722850808313,49.63348761787271],[11.784164691506765,49.63416427399758],[11.782873630983598,49.63496713564894],[11.78251720014008,49.636205764044036],[11.782016551065858,49.63621780463608],[11.779387394231296,49.63761280365977],[11.77895264376969,49.63846183719434],[11.776259161272563,49.63872426458702],[11.773966875364517,49.63923147480458],[11.77233979102613,49.64021261168022],[11.771893329228199,49.640729802255144],[11.771845077121,49.64151481437148],[11.772078421702604,49.642353377151274],[11.772770618544877,49.64309652773541],[11.774606694137521,49.64437324758731],[11.775369777038863,49.644833459111815],[11.775754308082824,49.644707022540594]]]}},{"type":"Feature","properties":{"OBJECTID":72,"lgbez":"TrÜbPl Grafenwöhr -US- - TrLgr Normandie","plz":"92655","ort":"Grafenwöhr","strasse":"Lager Normandie","bl":"BY"},"geometry":{"type":"MultiPolygon","coordinates":[[[[11.914444673912993,49.68743481079234],[11.914044722388885,49.686945352766564],[11.91230920241255,49.68742508140132],[11.911996630914459,49.68738492359672],[11.908352707490401,49.687994467472706],[11.908046968578331,49.68808286254146],[11.908480549433449,49.68868466886709],[11.906768929135227,49.68915991245053],[11.909081240287605,49.69190651487767],[11.909540980982069,49.69191960978706],[11.911974377848223,49.6911844495821],[11.912283851955223,49.690212392387586],[11.911511041197647,49.690117785906835],[11.911278208655752,49.68969853567715],[11.913174018621529,49.68909465905652],[11.913263466569328,49.688880060823514],[11.913545864555342,49.68881322805598],[11.914444673912993,49.68743481079234]]],[[[11.901971216746619,49.6913656636798],[11.902185909607953,49.691635436560276],[11.901378889207738,49.69234762495885],[11.901288187211826,49.69265662190786],[11.901395119070001,49.69292527131898],[11.903743643108077,49.69290120830558],[11.90554527549607,49.69213845475624],[11.905475572518213,49.69153962295267],[11.905087782386413,49.69165955715022],[11.904333946742595,49.69066472847717],[11.901971216746619,49.6913656636798]]]]}},{"type":"Feature","properties":{"OBJECTID":73,"lgbez":"TrÜbPl Grafenwöhr -US-","plz":"92655","ort":"Grafenwöhr","strasse":"Alte Amberger Str.","bl":"BY"},"geometry":{"type":"MultiPolygon","coordinates":[[[[11.83103721997003,49.64000740280264],[11.831813947382255,49.63971389522215],[11.831580048540106,49.6398124607815],[11.831532750443758,49.63991776326419],[11.833109927079894,49.63943839844593],[11.833349910211451,49.6395822387539],[11.833513654223134,49.63955415741645],[11.833613949328019,49.63965634464562],[11.833754714434745,49.63954577449038],[11.83465034195964,49.63945606778324],[11.83480091127939,49.6395562650735],[11.835965804319164,49.639595951022585],[11.836572101559009,49.639335891962496],[11.836912588204575,49.639445607429266],[11.8369328011968,49.63932093061109],[11.83714387833912,49.639254336310906],[11.837279350572214,49.63943712907831],[11.837411430766767,49.63943857878684],[11.837535386597871,49.639382824897275],[11.837555167500426,49.639259494081216],[11.837692644773242,49.63934402710081],[11.837894803441408,49.63921096994758],[11.838061069922443,49.63925436365301],[11.838214819278283,49.63906361012222],[11.838449901201642,49.63906321336909],[11.838468168442954,49.63919190258106],[11.838979785048476,49.63934033359459],[11.839050428562429,49.63912141038781],[11.839541567172711,49.63905394493566],[11.83961553355493,49.63900189519112],[11.839448022907218,49.63887372556306],[11.839667222616358,49.63890144486179],[11.839874708294214,49.638789794422856],[11.840310977806944,49.63882060345629],[11.840701225729367,49.63870147845984],[11.841075075804572,49.638981693329406],[11.84142805981236,49.638869614905104],[11.841727802469869,49.63865280309579],[11.841978564486533,49.638768678539186],[11.842540744564452,49.63873455347867],[11.842851876961461,49.63846515902473],[11.842892018179935,49.63820752684458],[11.843243854140798,49.638059653196166],[11.843306464919506,49.63792163533024],[11.84320673575326,49.637805791031774],[11.84352944923092,49.637717841541765],[11.843523398179169,49.63766046837192],[11.84339881622229,49.63757120382537],[11.84311806305156,49.637567943601326],[11.843444997712746,49.63741778980285],[11.84319791699212,49.63714619361907],[11.843355485086223,49.63701090750207],[11.843159716134645,49.63671061578746],[11.843344891254086,49.63664091703871],[11.843150596437876,49.63631671005143],[11.843387271074258,49.63624626896547],[11.84323566330203,49.63612639240553],[11.843215117933179,49.6358818968327],[11.843348822281785,49.635761421296834],[11.84349426222124,49.63586357692343],[11.84359774724365,49.6358428559685],[11.843805585959398,49.63556629763075],[11.844043025960406,49.63551609483829],[11.843808631248226,49.63552503406917],[11.843539657685803,49.635822819187666],[11.84333148389847,49.635729659684216],[11.8431663537863,49.635896038338785],[11.843205123277336,49.63619503886211],[11.84332483726368,49.636248789249905],[11.843095529710963,49.636308178213525],[11.843266248242545,49.63660385250402],[11.843078130242212,49.636725785053606],[11.843251226614345,49.63701571877271],[11.843115884636997,49.637172154040705],[11.84336608969816,49.63741390765732],[11.843180421403648,49.63741967822544],[11.843038533402817,49.637587705651875],[11.843487417058755,49.637701240859165],[11.843159003770646,49.63779583529506],[11.843112595006426,49.63789278394388],[11.843246983871254,49.63794636665545],[11.842866053274959,49.63814464614411],[11.84280129372613,49.63843721608301],[11.84263022574991,49.63846548189966],[11.842504787698594,49.638681009448376],[11.841954159056888,49.638737623973036],[11.841809159291909,49.63862314873932],[11.841555483140494,49.63863989221928],[11.841480447763097,49.63880854081939],[11.841094767773914,49.638932006580404],[11.840487041314455,49.638452128838345],[11.84057935039644,49.63867253212785],[11.839348542574333,49.63885542248656],[11.839524535114942,49.63901282394921],[11.838972081994898,49.639113844162665],[11.83897098515194,49.63928241956651],[11.83869016730252,49.63925281096978],[11.838568221900987,49.63907641151754],[11.838272899852996,49.63900344730063],[11.837711085389394,49.63929307309542],[11.837482326707306,49.63922684700335],[11.837396044422581,49.63939989738392],[11.837066497460533,49.63920845854265],[11.836857240304969,49.63930832940087],[11.836876146248452,49.6394131891021],[11.836542214609505,49.63928711775385],[11.83588353301218,49.63956553050258],[11.835353862066059,49.63955885499582],[11.83523518204061,49.63944206692968],[11.834813744611525,49.639527873069795],[11.83464898280863,49.639409496182836],[11.83373898583243,49.63948695318539],[11.83363125177868,49.63957716362536],[11.833081322924613,49.63937865668951],[11.832245056073692,49.63967873648659],[11.831598094795865,49.63972131591868],[11.83103721997003,49.64000740280264]]],[[[11.948916155710029,49.66385776393646],[11.948251889286547,49.662110976807384],[11.94797870262547,49.66214987740757],[11.947706607417432,49.661813490271264],[11.942415127049669,49.66171415285702],[11.945583991707021,49.66253134295336],[11.946469112536397,49.662873320564415],[11.948609269649364,49.66407009215723],[11.948916155710029,49.66385776393646]]],[[[11.639260588125612,49.672216294399064],[11.63914556514168,49.67087240500878],[11.638931812816406,49.67113266477291],[11.638553253772482,49.671050292081446],[11.63867192571309,49.67058924067807],[11.638513200588893,49.670136774186034],[11.638947871100422,49.66999175035151],[11.638922114604606,49.66985923276443],[11.638328270709527,49.66996634927613],[11.638173866481868,49.67022014199815],[11.638285717514513,49.670624089310856],[11.638207569474675,49.67113004629924],[11.638905086140092,49.6715427483346],[11.639260588125612,49.672216294399064]]],[[[11.68840965682663,49.73481955127186],[11.687685776404292,49.73473974418982],[11.687230247910154,49.73482500953617],[11.68840965682663,49.73481955127186]]],[[[11.906561734511564,49.72981468872979],[11.905421873027146,49.72924463711688],[11.904326469166188,49.72808427809131],[11.904533568568459,49.72799831685399],[11.904224195072766,49.727968210002885],[11.903826056348903,49.727515549297216],[11.904033861826958,49.72742384167507],[11.903705212281913,49.72739569663103],[11.903372667641785,49.727018524870225],[11.903581057923116,49.72698138515371],[11.903285911944888,49.72691307290144],[11.903059562544415,49.72663480159612],[11.902668010268204,49.725672264146155],[11.902808497795494,49.724771502004906],[11.903268658003235,49.72400459705364],[11.904162456558206,49.723247411501184],[11.904305388401399,49.723345620870006],[11.905063074224545,49.72288878155791],[11.9077205531434,49.72198832726056],[11.90900731432959,49.721197065675284],[11.90957118413855,49.72036629543191],[11.90953413402299,49.72023409924063],[11.910118584235121,49.719216518772704],[11.909934243650584,49.7191628751135],[11.9094196967406,49.720102026395736],[11.909246736014095,49.72018955055488],[11.90907704156194,49.720687430685],[11.908544822993717,49.72126782344915],[11.907244190022876,49.72198354703977],[11.904023269791447,49.72315171597563],[11.90326048063919,49.72379285572787],[11.90263744509066,49.72479976181168],[11.902519315732464,49.72554401907289],[11.90268496417256,49.72635189872716],[11.903166964221471,49.72710303900355],[11.90470843731663,49.7287935288496],[11.904468036468456,49.72881310229829],[11.904461207475652,49.728974756570295],[11.904835545336082,49.728906827465664],[11.905586760594202,49.72954039479332],[11.906096546433202,49.72979794932911],[11.906561734511564,49.72981468872979]]],[[[11.906561734511564,49.72981468872979],[11.906576960057306,49.729902542036214],[11.907831183365593,49.73037196672466],[11.906675921163966,49.72986476405392],[11.906561734511564,49.72981468872979]]],[[[11.846793153524416,49.74247478622551],[11.847133535067089,49.74250068348807],[11.847385032803944,49.742377117121656],[11.848194525367838,49.742791040599556],[11.85364326301261,49.74149526382802],[11.854521776733066,49.73999265019652],[11.853876608492545,49.74066184073841],[11.852420546316292,49.74031654612909],[11.852221626074696,49.73806731440617],[11.852005602808394,49.73711598759793],[11.851520180178275,49.73584827780553],[11.851701531169535,49.735287485036295],[11.852290649926184,49.734883645341526],[11.859552605531219,49.73204767930347],[11.860703576480708,49.73133366427741],[11.862161063384992,49.73071350675137],[11.86250073525859,49.73071552568459],[11.862642656497082,49.73051177732982],[11.864314550598456,49.73152458972334],[11.864912843849128,49.73215716425152],[11.86612200406951,49.735635337537566],[11.868785590633966,49.7355671797101],[11.86970046995376,49.73519418906061],[11.869855930600204,49.73541544426069],[11.871404343180943,49.73493131115767],[11.871986783861766,49.73457123704595],[11.872199012644296,49.73463108256219],[11.872451994398022,49.734271902686686],[11.873354414084806,49.734079768759564],[11.874002972567204,49.734108706529355],[11.874435303865726,49.73428593838063],[11.874611815632557,49.73420709249517],[11.874876481773198,49.733775639535736],[11.875284192944731,49.733657850168086],[11.874854316741878,49.73338387929259],[11.875289692430895,49.73318834926279],[11.874876388348397,49.73283789194207],[11.875199011994548,49.732789777566154],[11.875090196369193,49.73265749501144],[11.876348790879657,49.73191736193245],[11.876802290977881,49.7319440086285],[11.876632080892756,49.73162222609188],[11.876655199934929,49.73120048762068],[11.878676478494754,49.731571869226805],[11.878810243928763,49.72982517262723],[11.880111758146887,49.72990681397747],[11.880226069665117,49.72848934501521],[11.881012367728353,49.728023167317154],[11.880879453897226,49.727928448629996],[11.882459235647678,49.72705712965824],[11.882216052717059,49.72690880708445],[11.883111897634285,49.72614530400549],[11.882636245081168,49.72577780940151],[11.88369554205762,49.72520679458547],[11.883983064034014,49.725428795080404],[11.884539832660648,49.72516834570117],[11.885429271691573,49.72497709211591],[11.884866156467444,49.72405765985698],[11.885087526506304,49.72398209302299],[11.884794114276607,49.72349557517628],[11.885942356144284,49.722930464684964],[11.885754814862388,49.7227136853189],[11.887084218176804,49.72205622655518],[11.888208378008354,49.72114078054681],[11.887791916347624,49.7196960833557],[11.888348779297388,49.71965786881017],[11.887872343413335,49.7185521615457],[11.887884580264132,49.71805865853961],[11.888420398381724,49.71805423280396],[11.89008029009261,49.71749190553894],[11.889858838307047,49.717186097206685],[11.89083426677191,49.71679276786007],[11.890750745010063,49.716688838084195],[11.891431612299973,49.71599250819179],[11.891662264630678,49.71590146708686],[11.892464116124728,49.71617148826953],[11.892797257246228,49.715633242665476],[11.893652692348684,49.71555643948093],[11.893255168072468,49.71497876126248],[11.893329778546706,49.71471863860094],[11.894304466799792,49.714379309434996],[11.89473416513622,49.714056931258774],[11.896847875847234,49.71424817848847],[11.897634376031416,49.714034441204674],[11.89892344768451,49.713983154734606],[11.899185128723461,49.71423323726221],[11.900141034102267,49.714231359951945],[11.901296369067424,49.71442412367149],[11.903398979296439,49.714431736854145],[11.90356670374316,49.713966867587835],[11.905740262015044,49.71412770117997],[11.906993473820332,49.71440797491465],[11.90716114167317,49.71475219168895],[11.91000865649546,49.715056433718075],[11.91082118626334,49.71483606675656],[11.911230766828968,49.71485588920622],[11.915148831823284,49.71591344904766],[11.915210841629033,49.71605842769303],[11.91511389634186,49.71614943539651],[11.914522852495566,49.71649910712274],[11.911633126736358,49.71778066231477],[11.910746484160933,49.71830882927138],[11.909955111514629,49.71912953706208],[11.910135548919275,49.71918704476537],[11.911010013034382,49.718275678232864],[11.914866606313812,49.71649990168976],[11.916019331673066,49.71560910667563],[11.91637520466282,49.71557421709776],[11.918373130618498,49.71394513899214],[11.921820176569927,49.712019495367684],[11.926122887592532,49.70931299361883],[11.925971967929813,49.709186841926154],[11.928262837194671,49.70754321567918],[11.928558045156633,49.70741509932414],[11.929330380705412,49.70848656168515],[11.932203574768433,49.7068936521183],[11.936773026141646,49.70306501291549],[11.945369338371558,49.6955361476161],[11.945641126355754,49.69517051788292],[11.946002571595205,49.69394513605246],[11.949073116542992,49.69129159060382],[11.954881713002441,49.683730625030705],[11.960502002815403,49.677055988416704],[11.962070618506864,49.67624704570585],[11.962833793934674,49.67600957675218],[11.959441844354599,49.674325425767286],[11.959661097064336,49.67389654326383],[11.96083583833459,49.67386169755695],[11.960410308181062,49.67324899595142],[11.962133123284348,49.67282636447113],[11.964461613094953,49.67293994132702],[11.965140440310856,49.67356897426334],[11.96524292820332,49.67341822052174],[11.965068359492445,49.67323943114772],[11.965398712243289,49.672942653881044],[11.965403702384698,49.67234627726587],[11.965135868784392,49.67122457345843],[11.964328387548433,49.670589928442006],[11.963363093876593,49.66946027437072],[11.961957608647461,49.66868803847656],[11.956760594216682,49.66756360954536],[11.956630995168943,49.667649787060654],[11.956214794019642,49.66757725288499],[11.95616311573798,49.667420966474026],[11.952201305484268,49.666416643688684],[11.95020978721152,49.665585314454816],[11.949860869876993,49.66570906407667],[11.949436764451528,49.66513462073671],[11.947500366804588,49.66375724801773],[11.94633320911196,49.66315117396815],[11.943923847569584,49.662367911497924],[11.938644549255391,49.661235887666386],[11.936948944122062,49.66058159919444],[11.934297739935467,49.65918751468772],[11.933224475953008,49.65838680217046],[11.932115041305583,49.65722775844638],[11.931405633640784,49.65626539823876],[11.930784954373241,49.65515356135035],[11.92933228064224,49.65183033049523],[11.92849003011322,49.65051156136561],[11.926977250106553,49.64906100003536],[11.925534105704097,49.648133737432],[11.92444307574024,49.64761361722291],[11.922472378619121,49.64691857571161],[11.916559629688985,49.64566068032643],[11.915269113544893,49.645283466613265],[11.906630747583254,49.641934260737756],[11.906691950701909,49.64185932005989],[11.905869568211994,49.641341578956904],[11.906234498016454,49.641792958427715],[11.905483506438811,49.64244815858602],[11.905012030153467,49.64247492301114],[11.904837957312623,49.64277624544547],[11.904489624781373,49.64269234197316],[11.903032131588876,49.642823750370106],[11.902948048379947,49.643053763946746],[11.901672583508457,49.64284724482918],[11.901653289492796,49.643220001238404],[11.899119512181832,49.64370261539967],[11.897042985435379,49.642555247610396],[11.894824037987144,49.64168823008405],[11.895245019072071,49.64138840757555],[11.896148392769671,49.64139838817359],[11.897739288476815,49.640955011352546],[11.897949877833975,49.640220364471794],[11.898558284318105,49.63998992098518],[11.901152396975126,49.63956229484532],[11.900859128475865,49.638829638069716],[11.898911266529266,49.638474612568814],[11.89882513156823,49.638957352884745],[11.898066394716214,49.638986542800865],[11.897861386591956,49.63863975550693],[11.896121869112601,49.6387620186305],[11.895328010827928,49.63889643656368],[11.895311350672655,49.63905052482976],[11.89308805537847,49.63981885527289],[11.892730908577631,49.639541150791224],[11.891207817708146,49.640126661312486],[11.891054488763846,49.64003310108044],[11.890180311211314,49.64133354828058],[11.889966521156794,49.64140860785709],[11.888172905334399,49.64012854148568],[11.887681923030977,49.639602364158165],[11.887753018397502,49.63897198216826],[11.886112796198098,49.63852604970623],[11.88604297733758,49.638188638849016],[11.885324945846046,49.63803966794065],[11.885120102113454,49.638136385145124],[11.884425655889716,49.63767581012672],[11.88381068182254,49.63815387868148],[11.8794672088456,49.63792178658864],[11.879972533650882,49.63622723359977],[11.880662924879422,49.635993553356975],[11.880066901671483,49.63573453624187],[11.878987512077083,49.63585057222137],[11.877880956530156,49.635426652405016],[11.87726369355564,49.63558073594198],[11.876958414581019,49.63515333870837],[11.875131896164696,49.63451320278329],[11.874942434284739,49.63455040272389],[11.87447929975511,49.63506930923198],[11.873314120152727,49.63511299519922],[11.873017496445874,49.634940143104565],[11.866297834015043,49.63620365216952],[11.86537130085107,49.636545130620284],[11.865334107903372,49.636427940296954],[11.864912599507383,49.63646584156592],[11.86290031218524,49.63684873947822],[11.862769498615227,49.63694461605631],[11.862436399714557,49.63817922364558],[11.861649285082727,49.63825489078694],[11.860788276832245,49.638702607062164],[11.85994868711306,49.63848671077551],[11.85818238456688,49.638739188889495],[11.857004369835737,49.63826661090492],[11.856560069384354,49.63828071448597],[11.856552036649108,49.6380455926014],[11.854339460052858,49.63845983653314],[11.852815296594903,49.63953809256414],[11.8502001319192,49.63982497343676],[11.848560218740262,49.640232568120645],[11.84866215955873,49.64053102427723],[11.846117246731511,49.640648511880414],[11.84550988408971,49.64042445668762],[11.845408195697862,49.64027111273613],[11.844661419913864,49.6401766086238],[11.843380567845616,49.64041521585473],[11.841944017077322,49.64178943205997],[11.84109163085695,49.64223997320479],[11.840551724506499,49.642346764851425],[11.839072863088344,49.64210592225483],[11.837402538343767,49.64152735625698],[11.836657993076596,49.64109825440253],[11.8345782288019,49.64117216950842],[11.833143530359722,49.6413947087845],[11.832921428193925,49.64116000332543],[11.831907727904653,49.64086821297253],[11.831518930761442,49.64099640061993],[11.831711964342992,49.640786555757906],[11.83233760320921,49.64058903164253],[11.832601200354638,49.6404309057815],[11.83294409448516,49.640443892390174],[11.833024584432932,49.64042827634769],[11.833110240591914,49.64023608354814],[11.833665513523648,49.640250369223686],[11.83467450484417,49.64013222911477],[11.835327682463745,49.640259309330744],[11.835782730359202,49.640227666998804],[11.836082476609967,49.64031045197056],[11.83590177510064,49.640231345894314],[11.834511748080963,49.64011284506236],[11.833080098520869,49.640225342383445],[11.832992458881764,49.64042616116585],[11.832582527973134,49.640421350232174],[11.831659570104007,49.640764724049795],[11.831323769071002,49.6410607622017],[11.831193553778954,49.64064195344997],[11.831454273620546,49.64055421966915],[11.831501107287895,49.64034290285922],[11.831412256719734,49.640535183078676],[11.831165845244014,49.64060568078777],[11.831089218950256,49.640505040631716],[11.830005945040574,49.640480259995265],[11.829249881574853,49.640357952901894],[11.828806618677618,49.64014790051715],[11.828893722920855,49.64010442500131],[11.825814853285296,49.639541405594954],[11.821740461668599,49.63856948299968],[11.821127268960634,49.638614838954076],[11.820942949935663,49.63874124073349],[11.817468217008857,49.637500820985466],[11.815343486664279,49.6369726424665],[11.815009484956759,49.63703487425735],[11.815086684375665,49.63689904968891],[11.81235373439652,49.63622455855985],[11.811984801699161,49.636260553484384],[11.808828703000328,49.63527230482754],[11.807096142074531,49.63486798604597],[11.807197141458573,49.6345648931168],[11.80579899636366,49.633688804802205],[11.80442761208105,49.63250273991357],[11.803946834639223,49.63192218339591],[11.803270863167626,49.63073035707518],[11.803114666800925,49.63071076156013],[11.803199129098898,49.63056615667915],[11.802992373751417,49.62972989989583],[11.802369894260023,49.62949355147149],[11.802338725414595,49.62809521031012],[11.80279579721438,49.62801893328244],[11.802701296243109,49.62698336772771],[11.799669031204507,49.626671121947155],[11.799001557795489,49.62628074455186],[11.798216661104092,49.626176067222865],[11.79698522266469,49.626648101494624],[11.795441442695884,49.627002069208075],[11.787067078121567,49.628108524315856],[11.78552370508958,49.62843852731844],[11.7844226121979,49.62881536763132],[11.783045256813615,49.629530732553306],[11.779990933643216,49.631835669724175],[11.77853647406142,49.63233226405739],[11.777639894322334,49.6323943830848],[11.776091912034605,49.63223594435299],[11.771326318908987,49.63096718126717],[11.769083129524478,49.63071529823852],[11.768108640697415,49.63033788844243],[11.767851573405755,49.630138670637],[11.767846851860643,49.62988079599361],[11.767277915553455,49.63023534011056],[11.766536433541422,49.63049170937175],[11.766479137195978,49.63118310216243],[11.76491049994495,49.63107527071311],[11.764961135282551,49.63059336635061],[11.764655528422853,49.630588335087744],[11.764661530965594,49.63048971361985],[11.763278923131812,49.63058931376066],[11.760394679790824,49.631911084896274],[11.759245248553693,49.63260371195816],[11.758357924156972,49.63294083161748],[11.75736510161324,49.63305914451954],[11.756025918340326,49.63375817614262],[11.752543914449612,49.6347870093666],[11.752458090305675,49.63423828282727],[11.752065436694922,49.633594764421844],[11.749742767069012,49.63337236404409],[11.748639206505274,49.63315985417349],[11.747586087243027,49.632747034266316],[11.746504585709385,49.63255739795408],[11.743868269301986,49.63305688705323],[11.741960718355477,49.63361028607455],[11.741851524539413,49.63347274781513],[11.740880566091407,49.63360850223089],[11.740488137059463,49.633447317201764],[11.740576589673946,49.63313444085141],[11.740063148590087,49.63274577985176],[11.741066103231878,49.63271179486333],[11.741644724276142,49.6324490144828],[11.741701444801516,49.63190473125864],[11.742589097083311,49.63189286764185],[11.742374353018008,49.63166365489944],[11.742083502783466,49.631748153393886],[11.741595054627458,49.63142239581274],[11.741710031797304,49.63083149280216],[11.740862092237563,49.63048470852962],[11.740054048656255,49.629954489564476],[11.740445893783217,49.63003557144864],[11.74141455254412,49.62825661205341],[11.741603558978245,49.62745853055424],[11.742492964771511,49.626438772630166],[11.741587190775432,49.62612845469835],[11.742229713477466,49.62538595992409],[11.739033878700317,49.624537695847245],[11.737511210039,49.62373081221378],[11.736717972490187,49.62356097139053],[11.734067327954019,49.62378859925267],[11.732147023625416,49.62338209075202],[11.730236179455044,49.62347404715243],[11.729184331308925,49.623324406815826],[11.725719367560856,49.62356656552801],[11.721806943088216,49.62312279066864],[11.71972557082915,49.62273233130167],[11.719632867386737,49.62296974373048],[11.71926848645294,49.62310992281224],[11.718098511643582,49.62314817778942],[11.71680097606387,49.62301320719171],[11.714735894752469,49.62320593816828],[11.713606037805393,49.62353078410317],[11.71323251561526,49.62387943641473],[11.713590244524386,49.62459528640322],[11.713206851645914,49.62537701592273],[11.71352170845809,49.62533337184932],[11.713201362939515,49.62543957501708],[11.712996527291796,49.626050639526056],[11.71226177006797,49.62609008917174],[11.710045691838767,49.625651281202686],[11.70972891083524,49.62625333637028],[11.708099106398176,49.62628278586463],[11.707436583604695,49.626670332894136],[11.707393078195492,49.62697772044835],[11.7051976612178,49.62846142996775],[11.70297621645307,49.62880793829051],[11.700594651480513,49.62900653893787],[11.699682284748603,49.628951214744355],[11.699137520309081,49.62878517428963],[11.697742812168432,49.62785106486364],[11.697544530629003,49.62790817959606],[11.69748965434494,49.627760489390106],[11.69726287734638,49.62774713048418],[11.696650768006617,49.62813501790204],[11.696494952525617,49.62841944642408],[11.696015435420152,49.62847133000703],[11.695002780769899,49.628428116966845],[11.695019483146002,49.62812570665715],[11.694324810546796,49.62798811043293],[11.692891816208746,49.6281872462605],[11.692168772117906,49.627609635020775],[11.692038460706137,49.62696111901428],[11.69213907650955,49.62634676072578],[11.69193173815542,49.62592947688013],[11.691496392110807,49.62565345812674],[11.691308924490773,49.6253574217456],[11.691194487208383,49.624652580693045],[11.691305534248894,49.62464406426953],[11.690847005381716,49.62431636966639],[11.690638811831448,49.62390582638954],[11.690791790432781,49.62374502707984],[11.690732346215476,49.623362116931595],[11.691220273348636,49.62344127659697],[11.69210694287354,49.62342790486787],[11.692455053520908,49.62357826124788],[11.69321102625679,49.62368240470652],[11.693254380749012,49.62363189695217],[11.692135791370566,49.623397413727155],[11.690873981789691,49.62337580117883],[11.690300778484922,49.62314948598962],[11.68769269882186,49.622944689387545],[11.684223516585222,49.62347025351351],[11.683356862423148,49.623938122941404],[11.682847122398265,49.62396045683332],[11.682606222985102,49.62420714210366],[11.682016488882475,49.624270533108934],[11.681917732591721,49.62411301067603],[11.681035983139619,49.623728198754286],[11.68099506577672,49.623614703132965],[11.681128540156603,49.623605539999225],[11.680788576330547,49.623381806184916],[11.679934710584888,49.623286033261635],[11.679508256064945,49.62339796132949],[11.679043619552168,49.62392975187552],[11.67876995049575,49.624062609861],[11.677795303565198,49.62429779808836],[11.674760088459193,49.62417711059121],[11.673284281313002,49.624262957011446],[11.673403671905856,49.62443682172121],[11.672839942234077,49.62450114001359],[11.67206845738985,49.62442055926514],[11.67208151080924,49.62426864243075],[11.671184166603824,49.624281111361775],[11.66949636513538,49.62450360329536],[11.668791928747387,49.62476404066724],[11.668382840458502,49.62508547316646],[11.668041948672744,49.62514644284154],[11.667288277420626,49.6250511383386],[11.665846895512777,49.62422520394844],[11.663984351958616,49.6241745035569],[11.662152975453257,49.62514056956588],[11.662244764410655,49.625115841630304],[11.662108922071692,49.625446052281475],[11.661329893175736,49.62585601405631],[11.661193297150241,49.62621462354592],[11.660479087990256,49.62637769692069],[11.6580293292095,49.62626691971828],[11.658013854830429,49.62618451413208],[11.656516100045216,49.62628716642374],[11.655461263204154,49.6259964123589],[11.655405190364124,49.62627254089445],[11.655782198915857,49.6274745947363],[11.655434547307605,49.62739074927222],[11.654927059359112,49.62747907003597],[11.654585368072771,49.62770722714614],[11.655050367504941,49.628637570532426],[11.654852395884282,49.62872320892871],[11.654598171760536,49.62877405180033],[11.654461330494964,49.62835628193058],[11.652930226653135,49.62875890798731],[11.652609758963688,49.62837573757855],[11.650878835666669,49.62832477384255],[11.649872878855176,49.628723901939466],[11.649759618365817,49.628072704331295],[11.64923549002502,49.62820041186183],[11.647990928097618,49.62823169484323],[11.645820599269202,49.62874701160131],[11.645137192441963,49.62865726172688],[11.644683073404536,49.62909355455031],[11.643833650726254,49.629600553777124],[11.64278747005129,49.62945132385246],[11.642413650518789,49.629482810846596],[11.641866840615377,49.62973529258295],[11.641559768603448,49.629763564614024],[11.641470639557586,49.62962842207408],[11.640853174462126,49.629702489581746],[11.640813443773729,49.62992893376018],[11.63978032819625,49.630899733028784],[11.640442163778552,49.631834338483856],[11.640464853425977,49.632211580172545],[11.640212429526049,49.632673034225235],[11.64028153332761,49.63283886069842],[11.641507031208073,49.63368772844691],[11.641698485551325,49.63406414648427],[11.64200270900549,49.63492211141332],[11.641488972375889,49.63496152362124],[11.641528373382585,49.63515729375865],[11.64298135613402,49.63574673636064],[11.643145130688438,49.63629578275651],[11.643117015216676,49.636999703115514],[11.644089672378893,49.6379712934403],[11.644229204098737,49.638619618651525],[11.644543913587222,49.63911032923586],[11.644643862840692,49.63954957967582],[11.644533483248455,49.64014463057611],[11.644011243166394,49.64079253942082],[11.643875596660163,49.641453232270756],[11.644020773393237,49.64286688606966],[11.643502665561455,49.644007248198285],[11.642955767623162,49.644232410725415],[11.642400116500717,49.64482041376077],[11.642149317653137,49.645297788035165],[11.641446738082813,49.64731904395771],[11.6416597744508,49.64791481479128],[11.642848110824565,49.64829377397252],[11.642654544542037,49.64838659419211],[11.644734517225924,49.6485974485899],[11.646220660387753,49.648243970509995],[11.648860907822849,49.648934423800924],[11.651740629044712,49.65176665722171],[11.652099187098825,49.653724274517295],[11.652401025525931,49.65400542591327],[11.653903637501882,49.65480392731239],[11.654640853414634,49.65618902634019],[11.653480003691929,49.65616803431134],[11.652771024523512,49.65763513300469],[11.652815633962213,49.65860566957184],[11.652637542058788,49.659403351165295],[11.65199845810771,49.66051434432373],[11.652699193436762,49.660605547951114],[11.652713560193076,49.66164306527498],[11.65217210335047,49.66186063878071],[11.652398016169721,49.66221151531582],[11.651836376877588,49.66333523937416],[11.65101674502909,49.66305134794894],[11.650742427389066,49.66307920873288],[11.65066117297496,49.663380883337815],[11.650017120442035,49.66370369429343],[11.648568030090726,49.663716208948706],[11.647917609400741,49.66332653957717],[11.648448005287287,49.66368797465385],[11.648743067722187,49.664087076909595],[11.648604972408465,49.665010666731284],[11.649310568521512,49.66680659646225],[11.650173076060216,49.66774652044488],[11.650368830638774,49.668206820296824],[11.650306390539983,49.6690340716214],[11.648641542823707,49.66880264534257],[11.64768362342201,49.66880027499875],[11.64682917736469,49.66893514662215],[11.644171667903102,49.669802375367254],[11.640098045244287,49.66979429182911],[11.639858154639196,49.66971325347117],[11.639772814687193,49.669544318911896],[11.640094036961504,49.66913613825167],[11.640145708056657,49.668872858513446],[11.63938363845494,49.668256226003486],[11.63916927258035,49.66792712306198],[11.639475274698768,49.669971910758704],[11.644216662719058,49.669939722055965],[11.646896511485137,49.669067152777146],[11.647684141749933,49.66894044252634],[11.6490194308261,49.668979202783106],[11.651002476189122,49.66929043661823],[11.651084151913066,49.66956949521169],[11.65076258288911,49.67015527479821],[11.650864076346554,49.67080113604899],[11.650782317079248,49.67107645941379],[11.651277574465125,49.67165777868106],[11.652792010965172,49.67145301919674],[11.653424729454184,49.67304946711739],[11.657428579964863,49.6728512582822],[11.659990488917268,49.673049323525575],[11.660598326767833,49.67405548241243],[11.661405640018835,49.6741128719876],[11.66093027312996,49.674297145310085],[11.661276796454223,49.674931301894986],[11.661250942940356,49.67514441016339],[11.660875726527598,49.67564689445691],[11.6605707601667,49.675868611111454],[11.659940573130177,49.67585840912609],[11.659580699044149,49.67570648358116],[11.660335247052,49.67642285065865],[11.658594001214032,49.677383903632375],[11.657527780023385,49.6781426569687],[11.65723491935924,49.67793868336231],[11.65700550041545,49.67830798272052],[11.655979503088275,49.67924899638755],[11.655840839140993,49.67947991957555],[11.655925715562294,49.679704319887534],[11.656518300019343,49.68043866151376],[11.655562384759067,49.68071040503084],[11.655444020042266,49.680478810524946],[11.654153333218291,49.68000643894391],[11.651359998485715,49.68129807956677],[11.650839747273695,49.68171432225769],[11.65092379275338,49.682189479376575],[11.650473777220162,49.68264620981414],[11.649673395369899,49.68307230665315],[11.648886813439015,49.68317619734258],[11.648807793135026,49.68364267772189],[11.64904346165829,49.684169093312036],[11.648299435617377,49.684287232323584],[11.648286835847186,49.68440155600117],[11.648737391267892,49.68541521689571],[11.64864880031286,49.68599747135829],[11.649613831676648,49.68663731855937],[11.650203848748593,49.68676218337476],[11.65039617086444,49.68715234905788],[11.650341725771682,49.68759561425416],[11.649846184518191,49.687763510333355],[11.648868512061712,49.687816567986715],[11.647778631043108,49.68772919470798],[11.647733982078535,49.68796363028337],[11.647451464616605,49.687995315391944],[11.64746227494271,49.68826292587945],[11.648135863183873,49.68975108911031],[11.648659934930818,49.68985823677841],[11.649583909692858,49.69109305921041],[11.65072336513872,49.69084817256714],[11.651624805661834,49.69192962012054],[11.651517456985372,49.69211595106707],[11.651344316595816,49.69215804763051],[11.651234506535475,49.6920487479287],[11.650578914244402,49.692556376443065],[11.650065495618405,49.69331663399696],[11.650757201980527,49.693516070376134],[11.65164621251507,49.69341445645049],[11.653137709636033,49.69421003670054],[11.65293486375662,49.69466778848805],[11.653256710360045,49.69499692432163],[11.654437397579159,49.6952049049574],[11.654243640853812,49.69612140292917],[11.654572926406102,49.696146839153336],[11.654461767974485,49.69700784414551],[11.655285663227344,49.69837961650573],[11.655310569018608,49.69854332381551],[11.65514440494551,49.69859759046279],[11.655722453762925,49.69904427466985],[11.65451712665389,49.70012975573225],[11.654756611220456,49.70078384285193],[11.654666229923077,49.7017606184042],[11.657321980483347,49.70231272512942],[11.658326350870034,49.70218811000003],[11.660213833453117,49.70225300360997],[11.660662499716793,49.70210047496225],[11.660692507040539,49.70167313888466],[11.662644649459443,49.701524464533044],[11.66268622977903,49.701266724565045],[11.663203495889364,49.70123568140467],[11.66473102353805,49.70150839573272],[11.66663388078719,49.701551736802244],[11.66656683233102,49.70168641127283],[11.66776788076438,49.70160246875985],[11.669054662611805,49.70169228054432],[11.669074520769476,49.701972135675156],[11.669728557178477,49.70184974838454],[11.669937471177617,49.702440330886],[11.669604027323896,49.702979729545824],[11.669687085555069,49.70301799846551],[11.665088203576513,49.70379672542123],[11.665809372883345,49.70488680204696],[11.664564289933093,49.70537365913824],[11.664764722937601,49.70666929132784],[11.665223758454609,49.70666747472411],[11.665259373062371,49.706811788490164],[11.664926634386138,49.70683313046679],[11.66471569288938,49.707246733763874],[11.66477041196832,49.70735189963925],[11.666586693183651,49.707378357074106],[11.666671868743952,49.70761389981909],[11.666415318881922,49.70837352794899],[11.665953525536992,49.70837039271818],[11.666178668500063,49.708431469557006],[11.666226800232984,49.7086507101333],[11.665777532996415,49.70886286662206],[11.665880173602455,49.70899712580545],[11.666128078976516,49.708997024726514],[11.666371931152005,49.70960676984171],[11.665485865294983,49.70964593394526],[11.666195238823793,49.710101221956286],[11.665137755545913,49.71000384843759],[11.66396079004701,49.710185114350566],[11.66429384672685,49.71090517790163],[11.663286025911146,49.710963756049786],[11.662136335959218,49.711205320893455],[11.662169161298026,49.712009113925504],[11.661794967168067,49.71194589465903],[11.659527783782316,49.7131880968685],[11.660042171690515,49.71349008334274],[11.661314673019879,49.713701947434075],[11.661966855306137,49.714030770211615],[11.662733317669593,49.71511784194144],[11.664009241580198,49.716208736738885],[11.66416684381029,49.71651991919785],[11.665174952086899,49.717264495635106],[11.664124163054492,49.71782212389291],[11.663566241889347,49.718614139758486],[11.663671662781201,49.71937228211115],[11.664393453722223,49.720541401298],[11.664735426181258,49.72134851395894],[11.665978734060511,49.72231116849547],[11.666249775544719,49.722666911150945],[11.666061842597358,49.72285283618395],[11.665935736199435,49.72334401047258],[11.66515343294426,49.724129623127936],[11.665177549116375,49.72429126454091],[11.66491838425856,49.72472927109222],[11.664929996780241,49.725017818162506],[11.665522609983363,49.72594838304771],[11.66770965915416,49.72777568993238],[11.667656497753953,49.72792416025545],[11.667237393249666,49.72802006122771],[11.665181936488233,49.729305140713784],[11.664979314289331,49.72958246299855],[11.665027713720221,49.729946555729285],[11.665224521124276,49.73025146496601],[11.666123967387467,49.730927390689196],[11.667102367479295,49.73127697922169],[11.667662034969364,49.731643533940904],[11.669251429591691,49.73353301991609],[11.670341988838336,49.733759456571235],[11.672054500265277,49.73389018703954],[11.673119213184565,49.73383709608241],[11.68363855074009,49.734722743473235],[11.683912020370487,49.73473437590981],[11.684036797261804,49.73460488673139],[11.683914161055837,49.73473235540192],[11.688411766969246,49.734817525542105],[11.697355047189484,49.73460096008438],[11.699783621000854,49.734768653116454],[11.701152043537968,49.73504253895463],[11.701122970462103,49.734965233476785],[11.703079325081395,49.73470952133464],[11.704305894651963,49.73463389386091],[11.704665642075534,49.73416629809768],[11.704962052881674,49.73320701168215],[11.705926412305633,49.733592197839094],[11.705679682826274,49.73393025706119],[11.704856134323162,49.7338391566901],[11.704652895879983,49.734415581110355],[11.704436469270115,49.7346268534211],[11.705204447989772,49.73484836260943],[11.70700822465634,49.73488673647669],[11.708890215838098,49.73509187848866],[11.70913240792692,49.73516306365455],[11.709112115882983,49.73551859891816],[11.709905675926986,49.735596467853235],[11.709858854836064,49.73612159495992],[11.710035511231627,49.73608724207106],[11.710070268846627,49.73595750162291],[11.711012695902914,49.735986734374315],[11.711358134062317,49.73523245524344],[11.712359373820249,49.735330423222486],[11.712423233257155,49.73515741847486],[11.712652424927212,49.735152141395375],[11.713138340732437,49.734328615597555],[11.716722307899511,49.734832094073184],[11.716903109121816,49.73463159059326],[11.717091041170846,49.7340147382586],[11.717148148870102,49.732730448862284],[11.716917051873335,49.732349034053165],[11.71676113218777,49.73103689151931],[11.717136733079451,49.731039426636826],[11.717002279535933,49.730186947864894],[11.718802021868568,49.73034326711936],[11.720775990653951,49.73069328141388],[11.720941091121718,49.73044328365485],[11.725566399739323,49.731167015575835],[11.725572502893337,49.73094504654834],[11.72646415716977,49.730786575009674],[11.729225343893248,49.73073838543784],[11.729888727272783,49.73094618114044],[11.729657331137014,49.73140327443863],[11.731652613350834,49.73206108855195],[11.732375746374888,49.73215383546212],[11.732887643254768,49.733611886637725],[11.73427126079492,49.733899982027104],[11.735419336474264,49.73437111511035],[11.73603380478994,49.73483958793531],[11.736639678923284,49.735078232030894],[11.738669488783348,49.73492970520878],[11.739735898620218,49.73465194724855],[11.742814576914627,49.73504289718608],[11.744936866536593,49.73473964432564],[11.745190196836624,49.73478614326702],[11.74547404650015,49.73523109257583],[11.74595416457854,49.73546761324511],[11.746634043721643,49.735196587519944],[11.746510927815294,49.73539762281556],[11.747944810587173,49.73511079099574],[11.748068096275109,49.735627850765496],[11.749441853008355,49.73578483701597],[11.75087167809011,49.736807651353075],[11.752739200107552,49.73719104746407],[11.752562419744455,49.73765691359182],[11.753073263798838,49.737972235047835],[11.753367207831218,49.73835830589756],[11.75444633062598,49.73877975052823],[11.754201592711617,49.738948435803316],[11.755584356852225,49.73993324960247],[11.758858036038628,49.74115971758546],[11.762092793918717,49.741270783652766],[11.762314931118834,49.74137966784841],[11.76495456320795,49.74073644636705],[11.765904938557858,49.74078449190856],[11.767854580067008,49.74025678135265],[11.768055239447019,49.7405382400815],[11.768708166436635,49.74082014941276],[11.768963379605518,49.74050993544725],[11.769591678383309,49.74013482201462],[11.769728016592307,49.74020054909052],[11.76960305824134,49.74033804522191],[11.769701229728854,49.74055474124136],[11.770091741755959,49.74079583726982],[11.772352849835437,49.74090972032998],[11.77234765757308,49.74121872540208],[11.772719525066458,49.74129461604223],[11.774108806484476,49.740729379527515],[11.775154819174482,49.74064932208478],[11.776589586786937,49.74022826581824],[11.777404708194378,49.74015359496818],[11.777996368284981,49.74028185543331],[11.778435781002921,49.740547654056606],[11.77993753957933,49.74039758174676],[11.780735747506618,49.740626926202985],[11.78174507210213,49.740711544940005],[11.783715896784004,49.74159373466867],[11.784274510550246,49.7419855145541],[11.785502530001695,49.74222695468522],[11.784724905172537,49.74354402673012],[11.786331427972357,49.74448537371427],[11.790843305420688,49.74392726512731],[11.79122718967764,49.74393127751353],[11.79119029407228,49.74405717350824],[11.791790068644831,49.743895786576154],[11.793369270981923,49.74294117690885],[11.79512491411894,49.740989854553675],[11.796243734364444,49.7400105587772],[11.797637922380542,49.73922639790999],[11.80210741192386,49.73737209636478],[11.80498229841288,49.73672306238455],[11.80636250774481,49.73660282081957],[11.807094630209917,49.73661501945475],[11.808705251124062,49.736917527904914],[11.809849546692687,49.73735375428241],[11.811322429822626,49.7381626443821],[11.813326687104446,49.738794260394705],[11.81333814062434,49.7387001456069],[11.815266485773066,49.738586438495254],[11.818167232962463,49.737706771239246],[11.818299468565582,49.73717615567949],[11.819889416550089,49.737166948316094],[11.819889573755281,49.736972651001956],[11.820988120821417,49.73689784451139],[11.821202439085296,49.73746819580459],[11.822456683953146,49.7378410859549],[11.823619189270936,49.73857219504359],[11.8241970054247,49.73971805848561],[11.82718634985731,49.73961242104573],[11.828611779482369,49.739184772897346],[11.828919108412467,49.739607167672595],[11.82874605965105,49.74025092486851],[11.828540155906447,49.74049616337551],[11.829677628770485,49.741091685945186],[11.829612373351623,49.74114598343255],[11.830160837951787,49.74145211920493],[11.830976475890527,49.742286584096874],[11.831833545926798,49.74262552318159],[11.833955088150445,49.742885802846295],[11.834196981100298,49.74311137444634],[11.834847729675353,49.742725782021395],[11.834651561871796,49.74272145722108],[11.834574301367457,49.74046949757298],[11.841572453214532,49.740327409752545],[11.843162313164155,49.73998845983848],[11.84438886746337,49.739456860814784],[11.844589976000998,49.73960556942557],[11.845157428291314,49.73923841765622],[11.845709961361402,49.7397333866412],[11.846210181040911,49.74066765885768],[11.846678873447216,49.741048509614586],[11.847693534035487,49.74124206494897],[11.849264245496514,49.74129995050648],[11.850807594273979,49.74110027604152],[11.851563761045966,49.740763369779835],[11.852092501337427,49.74139341064306],[11.8509200004655,49.74177285432439],[11.849364834350482,49.74197448701496],[11.847126108694617,49.74190250782069],[11.846025602402843,49.741653268491724],[11.84418009360141,49.74188168224391],[11.84575829521527,49.74291037691206],[11.846972678240713,49.743138189728306],[11.847347662888119,49.743012544449705],[11.846793153524416,49.74247478622551]]],[[[11.687902015266234,49.731561923382706],[11.68884552119917,49.73179794980881],[11.689705366131376,49.73192936084419],[11.69056753500521,49.732132698544405],[11.692088838227303,49.732009434996236],[11.69226022061384,49.73243668419591],[11.692295602557955,49.73294053473949],[11.692086762220677,49.732011452714325],[11.690565448218818,49.73213471219286],[11.688843425429607,49.731799963471154],[11.687899926683215,49.73156392892584],[11.68806075206856,49.730711037811346],[11.687902015266234,49.731561923382706]]],[[[11.688496892223876,49.73075805797462],[11.688719587277788,49.73045009301945],[11.688648707506934,49.729866801603656],[11.688721670470926,49.73044809381751],[11.688496892223876,49.73075805797462]]],[[[11.693305639517465,49.73064153175584],[11.693386326196302,49.72982948231844],[11.693388280930353,49.7298286757756],[11.693377904490513,49.72994990150921],[11.693305639517465,49.73064153175584]]],[[[11.69608636639501,49.729871081096675],[11.695634063751083,49.72942164226873],[11.69541035360088,49.729019072474486],[11.695333897088743,49.72886854352035],[11.695636100231836,49.72941963315305],[11.69608636639501,49.729871081096675]]],[[[11.691631425067687,49.7301165334859],[11.690863948506308,49.730210631242784],[11.690863667333614,49.730208909586345],[11.691631425067687,49.7301165334859]]],[[[11.682634449847967,49.73279586487983],[11.683116446303622,49.73368023010607],[11.683596521262887,49.73395971747361],[11.684117845063376,49.734082603895374],[11.684333386832668,49.7343429357742],[11.684115716954452,49.73408462036602],[11.68359439674725,49.73396172524016],[11.683114311906518,49.73368224194847],[11.682634449847967,49.73279586487983]]],[[[11.695818336063638,49.72872271700768],[11.6958305522532,49.72862888754336],[11.695940347042193,49.72851471841976],[11.695832591428879,49.728626886524374],[11.695818336063638,49.72872271700768]]],[[[11.696051440795054,49.72845913278472],[11.695823311831996,49.72829801276563],[11.696054315403964,49.72845771998839],[11.696051440795054,49.72845913278472]]],[[[11.749636304131423,49.726798543192146],[11.753688824465884,49.72686361471977],[11.75645611614004,49.72640327840355],[11.756532342683487,49.7263308829732],[11.757168602331323,49.72589669975841],[11.757996769971646,49.72508220798754],[11.757166902718815,49.72589883677641],[11.756454411137648,49.7264054188835],[11.753687109582025,49.726865754018],[11.749636304131423,49.726798543192146]]],[[[11.696483959841501,49.72742960157014],[11.696575627526359,49.72656303076727],[11.69655740789576,49.727159051841895],[11.696535356052175,49.72727066038567],[11.69648597476269,49.7274276016631],[11.696364299754052,49.72772344125485],[11.696325195191429,49.72778906203562],[11.69619827312321,49.727979627462354],[11.696483959841501,49.72742960157014]]],[[[11.697864184444814,49.72684625411368],[11.697921567028548,49.72677639584551],[11.697922413241548,49.726775797723576],[11.697864184444814,49.72684625411368]]],[[[11.698404434850021,49.72643614863891],[11.698412377753757,49.7263999573495],[11.698414230978202,49.72639853752475],[11.698404434850021,49.72643614863891]]],[[[11.698447824376563,49.72637233725049],[11.698461951282718,49.726324027154945],[11.698463718268878,49.72632274785893],[11.698447824376563,49.72637233725049]]],[[[11.698513543326127,49.72628610585652],[11.69857505366859,49.72622209392672],[11.698575714828621,49.72622149115233],[11.698513543326127,49.72628610585652]]],[[[11.6986105299358,49.726189615524355],[11.698629491574803,49.726166491729444],[11.698630078174675,49.726166187438345],[11.6986105299358,49.726189615524355]]],[[[11.699062150758433,49.725861925003755],[11.69906777780535,49.72582287734316],[11.699064145018355,49.72585993083925],[11.699099438029224,49.72589418702003],[11.699114563861986,49.72591535510938],[11.699114555777147,49.725939270532876],[11.699062150758433,49.725861925003755]]],[[[11.720454047930803,49.72533421709124],[11.720592380399722,49.72486406307517],[11.720791986055904,49.72447244693242],[11.720776136181014,49.72375259440482],[11.720755967206246,49.72354620233367],[11.72075105791324,49.72333770245301],[11.720770515422275,49.723038708818635],[11.720784459970453,49.72286613008082],[11.720793851856742,49.724470409156176],[11.720454047930803,49.72533421709124]]],[[[11.759683451240942,49.72188173536876],[11.759338699394423,49.72226757531483],[11.759683463817336,49.72188144208526],[11.759683451240942,49.72188173536876]]],[[[11.702222686236464,49.724132685330616],[11.702978831448853,49.7230197776695],[11.702082754766309,49.724345989660875],[11.702222686236464,49.724132685330616]]],[[[11.701505236853215,49.724795696739704],[11.70150428913061,49.72479640522373],[11.701524325154708,49.72477186670013],[11.701505236853215,49.724795696739704]]],[[[11.70130943196902,49.72508631542815],[11.701365208365042,49.724920234711476],[11.701380500386135,49.72489670554769],[11.701367184658656,49.724918245734784],[11.70130943196902,49.72508631542815]]],[[[11.700926059751815,49.72525058024868],[11.700924082559869,49.72525257327678],[11.700947964271709,49.72521907506291],[11.700926059751815,49.72525058024868]]],[[[11.700251863351184,49.72540934686346],[11.700253929476341,49.72540830912172],[11.700255092794649,49.72544432287035],[11.700251863351184,49.72540934686346]]],[[[11.700209735957626,49.725498137869685],[11.700208313026225,49.72549912160291],[11.700224089239253,49.72547251201882],[11.700209735957626,49.725498137869685]]],[[[11.699865521303638,49.72558598737433],[11.69986354051844,49.725587979227186],[11.699887418637022,49.725562816253934],[11.699865521303638,49.72558598737433]]],[[[11.699483062673048,49.72566834258363],[11.699482851568963,49.72566836697363],[11.699498928717619,49.72565081256222],[11.699483062673048,49.72566834258363]]],[[[11.699364485055535,49.72570463255914],[11.69935466557116,49.72568156544317],[11.699367038067585,49.72570364534578],[11.699364485055535,49.72570463255914]]],[[[11.699229204163622,49.72576721371372],[11.699228909516208,49.72576735656913],[11.699252624141385,49.72574163794621],[11.699229204163622,49.72576721371372]]],[[[11.75333705767533,49.72089119588423],[11.753394579497913,49.72081425291852],[11.753657817317235,49.72025899549445],[11.753924755297202,49.71976820699952],[11.75404143207959,49.719564542790806],[11.754059239383455,49.71941650514334],[11.754075767486388,49.719383721919925],[11.754098706865472,49.71935202939743],[11.754043085878015,49.719562461249545],[11.753396243177805,49.720812163880844],[11.75333705767533,49.72089119588423]]],[[[11.759985722655982,49.72039001031693],[11.76029237335804,49.72029713871189],[11.761190062516542,49.720113598450546],[11.760290742017478,49.720299243452786],[11.759985722655982,49.72039001031693]]],[[[11.761420607947723,49.719617978665475],[11.762258366900324,49.71938564549413],[11.763281463567436,49.7185902497665],[11.763714588078395,49.71835556291604],[11.762256764305869,49.71938774911297],[11.761420607947723,49.719617978665475]]],[[[11.754285070456039,49.71914894539685],[11.754338497757548,49.71889832132671],[11.754287325227386,49.71867856014685],[11.754169939674254,49.718556123758184],[11.754126268076723,49.718472060547505],[11.754099588112757,49.71839935882378],[11.754087586620566,49.71833163097905],[11.754067951245073,49.71818377484918],[11.754031390711335,49.717761035629884],[11.754111220397373,49.717441852300304],[11.754223403806714,49.71721964975153],[11.754107192351654,49.71694770085232],[11.753995903664357,49.71638517781366],[11.753979863346617,49.716348996456354],[11.753900928382619,49.71624713695927],[11.753853605133418,49.7161733138111],[11.753835588522097,49.716087682303616],[11.75381667718873,49.71593479748039],[11.753814262517233,49.71575281304418],[11.753817133532891,49.715704629458024],[11.753849863650274,49.71554134008912],[11.754036784196309,49.71503008908261],[11.753818295054538,49.71593274250172],[11.753855225694217,49.71617125826174],[11.753981493788883,49.71634693742948],[11.753997535004887,49.71638311414169],[11.75422504143549,49.717217586115034],[11.754033034628323,49.7177589679507],[11.754101233826374,49.71839728187901],[11.754288974534257,49.71867648611796],[11.754340146166124,49.7188962403377],[11.754285070456039,49.71914894539685]]],[[[11.763894068777233,49.717528361349416],[11.763814069309575,49.71750632012799],[11.763895651608754,49.71752626694301],[11.763894068777233,49.717528361349416]]],[[[11.763981614093245,49.71741288658868],[11.764509775869675,49.716870733051444],[11.764727528392891,49.716711372793945],[11.764508202021291,49.71687282516281],[11.763981614093245,49.71741288658868]]],[[[11.765219821338345,49.715793349345425],[11.765502921806892,49.71553679389115],[11.765778647107,49.71528858372868],[11.765501367721447,49.715538869796625],[11.765219821338345,49.715793349345425]]],[[[11.70423610543585,49.72201031301785],[11.704235601480978,49.72201073929413],[11.704655825286117,49.72155496357598],[11.70423610543585,49.72201031301785]]],[[[11.754430973027866,49.71472480717576],[11.754626899184636,49.7144439381574],[11.754864731749374,49.7138435974088],[11.754628505372345,49.714441888343316],[11.754430973027866,49.71472480717576]]],[[[11.755009584190661,49.71365860210142],[11.75504881631407,49.71359338508591],[11.755050273381462,49.7135915728071],[11.755009584190661,49.71365860210142]]],[[[11.911619863111179,49.7097469504534],[11.911016647991078,49.70819593600462],[11.912683024639978,49.707796638008254],[11.913312238801044,49.70947527514108],[11.911619863111179,49.7097469504534]]],[[[11.865517564545664,49.7093007120228],[11.86558047446334,49.70776519237023],[11.880588636900344,49.708122746024614],[11.880252066909456,49.70957410489063],[11.865517564545664,49.7093007120228]]],[[[11.919436644286893,49.70753328466369],[11.919277748482779,49.70717114076682],[11.918573162076106,49.70729859608156],[11.918130086926762,49.70618439687965],[11.922335297503357,49.70555699716651],[11.9224227197502,49.70577689557283],[11.921491097630168,49.70604216569444],[11.921715632433772,49.706589068483794],[11.922621479193348,49.70695299439029],[11.9220792506979,49.70714627265918],[11.919436644286893,49.70753328466369]]],[[[11.923522616085911,49.705843969928075],[11.922509565278638,49.705552359404926],[11.925267872003289,49.70537735286199],[11.925287348376996,49.7057383639119],[11.923522616085911,49.705843969928075]]],[[[11.920780865311935,49.701292592688176],[11.919003102059353,49.70032984103755],[11.917847590126067,49.7004722330383],[11.91524349359297,49.70111167008504],[11.913430288209199,49.70115733263267],[11.912006604909065,49.701487619057175],[11.911762968329246,49.70150129936027],[11.91098356663243,49.70112075239895],[11.918212363623665,49.69936464742088],[11.922424553211709,49.69889553010358],[11.925548266746244,49.69876416793679],[11.927128367398598,49.69840529500369],[11.930527685858966,49.69821144507594],[11.930540700650814,49.69726735219012],[11.932461781123845,49.697082784161125],[11.93339570472764,49.696742009295214],[11.933836881736783,49.696723274170765],[11.93391736090479,49.69767254896302],[11.93519137230214,49.69814609982686],[11.93298773214635,49.700210302992694],[11.931950769084505,49.700387581911606],[11.93179232153971,49.6996894355918],[11.931567449867895,49.69970608659935],[11.931541078026068,49.69957216778421],[11.929930561316485,49.699684206367806],[11.929859567459598,49.699225279342876],[11.9292869399749,49.69912068446035],[11.929051394520839,49.6992892263455],[11.92868412909666,49.69931297360223],[11.928397429977073,49.69974133619056],[11.927534158870369,49.70045451322441],[11.92725795836153,49.70053806553569],[11.926130216048621,49.70054857086154],[11.92496596350761,49.700760408317485],[11.924220718452869,49.701069737568304],[11.923352248795625,49.70083045914705],[11.92233968846847,49.7002727897631],[11.920780865311935,49.701292592688176]]],[[[11.92685246962198,49.69715231443765],[11.92882032447355,49.697150843205876],[11.928909890100636,49.698175391954535],[11.92626834909155,49.69838114115604],[11.925564371742643,49.69859826272366],[11.922808498554062,49.69876152189915],[11.922664798651319,49.69788037927794],[11.913440723937848,49.698596717743825],[11.912999166941335,49.69553876477568],[11.913986026468198,49.69533997762455],[11.913273373190284,49.694042487718356],[11.911418098803406,49.693809000172116],[11.911873925538213,49.6923081563532],[11.913228041506084,49.69252476055415],[11.913023287605037,49.69328197595535],[11.918435531191419,49.69407462327843],[11.918771837975957,49.694375813947715],[11.919370919049117,49.69441507807459],[11.926802684988933,49.696324092803735],[11.92685246962198,49.69715231443765]]],[[[11.903743643108077,49.69290120830558],[11.901395119070001,49.69292527131898],[11.901288187211826,49.69265662190786],[11.901378889207738,49.69234762495885],[11.902185909607953,49.691635436560276],[11.901971216746619,49.6913656636798],[11.901637888775554,49.691339585134955],[11.90181718262483,49.69011687991067],[11.902972311875784,49.689737079477425],[11.905351948165437,49.69034995689646],[11.905631793139403,49.69017478052943],[11.907125570184567,49.689841319138885],[11.908023914214885,49.69099579577954],[11.907988920342982,49.69110429124421],[11.903743643108077,49.69290120830558]]],[[[11.908343409927207,49.691122862913566],[11.904606374327292,49.686366711255125],[11.905819775494106,49.68394179417163],[11.9091036918815,49.682910291485896],[11.909917892515782,49.683265916476245],[11.911545673946815,49.6832424275775],[11.9113404870578,49.68276109939734],[11.91188233287095,49.68252490317982],[11.91232105568272,49.68286518488119],[11.913026106518394,49.68258355332779],[11.914383841798571,49.682676889957506],[11.915045113238863,49.68286255134608],[11.91491897360328,49.684191558252095],[11.912870740195045,49.68477691181523],[11.912067642737654,49.68532659612142],[11.910752569348672,49.68574710049246],[11.911996630914459,49.68738492359672],[11.91230920241255,49.68742508140132],[11.914044722388885,49.686945352766564],[11.914444673912993,49.68743481079234],[11.913545864555342,49.68881322805598],[11.913263466569328,49.688880060823514],[11.913174018621529,49.68909465905652],[11.911278208655752,49.68969853567715],[11.911511041197647,49.690117785906835],[11.912283851955223,49.690212392387586],[11.911974377848223,49.6911844495821],[11.909540980982069,49.69191960978706],[11.909081240287605,49.69190651487767],[11.908343409927207,49.691122862913566]]],[[[11.898433303509247,49.69295135191856],[11.897770892106838,49.69349464352004],[11.890444370989114,49.69586865707523],[11.889651295137043,49.69588846344171],[11.888653243500045,49.69500949019594],[11.889039243289494,49.693671457656144],[11.889682287912674,49.693372680580524],[11.898106621274644,49.6906925170757],[11.898543064162247,49.69115882654353],[11.898433303509247,49.69295135191856]]],[[[11.652404401394756,49.682613630776245],[11.65272720919551,49.682251633603876],[11.652917696951553,49.68231657883064],[11.652747309000002,49.6825436269219],[11.652898432580262,49.68258984455416],[11.652817768359316,49.68269093359266],[11.652404401394756,49.682613630776245]]],[[[11.904971453252069,49.67111556271882],[11.9062046676608,49.669956240236246],[11.9072234667876,49.670250451505545],[11.906571847745022,49.670928522817],[11.907174169939744,49.67113649248818],[11.90672314020857,49.67166153368503],[11.904971453252069,49.67111556271882]]],[[[11.906120840471743,49.66868777103466],[11.906112125915167,49.66718311139103],[11.910882366924067,49.667117744776206],[11.911085157107928,49.66885164114306],[11.906120840471743,49.66868777103466]]],[[[11.832454047327916,49.66901568162855],[11.830978817798458,49.66907169344021],[11.830812503706747,49.66884880801238],[11.832630321939513,49.66877644888006],[11.832454047327916,49.66901568162855]]],[[[11.761346649650347,49.66899548233754],[11.762897445461519,49.66776778364699],[11.753013170099566,49.66682226392942],[11.75397953276662,49.66427737073696],[11.765469607784595,49.667470944504885],[11.764562596808378,49.668198150441015],[11.765008245631003,49.66830759214088],[11.763084612145956,49.66986968483943],[11.761346649650347,49.66899548233754]]],[[[11.760410436240916,49.66464805126545],[11.763304377793737,49.66232962394296],[11.764438762249817,49.663244700821046],[11.768320246947455,49.665131976938284],[11.767025545552453,49.66623893444768],[11.760410436240916,49.66464805126545]]],[[[11.764502488736087,49.6631109216876],[11.765640807813153,49.661985988212514],[11.76973012134504,49.66367364119881],[11.768749675789287,49.66506596391472],[11.764502488736087,49.6631109216876]]],[[[11.901095601889596,49.66025305955711],[11.906469070595024,49.65864203175167],[11.906616023297461,49.65936194963405],[11.907062759081574,49.66037342913824],[11.906373292219447,49.660525824741825],[11.906160263936302,49.66019349104165],[11.902058294938705,49.66144458085549],[11.901095601889596,49.66025305955711]]],[[[11.906316692966653,49.66062850583405],[11.907143941630444,49.660422092672796],[11.907372653600117,49.66093753866645],[11.906597757852776,49.661099800905866],[11.906316692966653,49.66062850583405]]],[[[11.899568530585071,49.65643351764719],[11.898739660462217,49.655322362111484],[11.905394978365877,49.65340180678434],[11.905673236915067,49.65463932829323],[11.899568530585071,49.65643351764719]]],[[[11.866151416708547,49.65621648164619],[11.863639608596168,49.65709278051066],[11.86611467741005,49.65617831370138],[11.866854293621245,49.6555991606648],[11.866151416708547,49.65621648164619]]],[[[11.87115110989893,49.65155923287131],[11.870850205719739,49.65097906172548],[11.870881973741467,49.650953751922685],[11.871090971283902,49.65126147128502],[11.87115110989893,49.65155923287131]]],[[[11.787827368160698,49.652969706257025],[11.785964487738292,49.65344678369153],[11.784993135828193,49.65184167570522],[11.784967598521305,49.65118626230414],[11.784480433159484,49.650773498658985],[11.783380397584923,49.65045265850499],[11.783441790248066,49.650196487957416],[11.780244233400548,49.649595031759894],[11.77944137758998,49.64925631042262],[11.779934124184633,49.647718211838786],[11.782827798937815,49.648082030674075],[11.783104714505644,49.64784925768397],[11.784075400764127,49.647842696151926],[11.784542751985699,49.6483254000114],[11.785545884493951,49.64860225406264],[11.785717601952104,49.64835693238597],[11.785295103612683,49.64778825593404],[11.784710507873454,49.64730789429163],[11.785749768825807,49.646643731022884],[11.78636526840742,49.647014808211914],[11.787098847041587,49.64652682442308],[11.786385799403252,49.64607368451136],[11.786379717808767,49.645743659063626],[11.787384866136506,49.645337881711896],[11.787741019400622,49.645000730949825],[11.787818254752144,49.64463850209285],[11.78836273891727,49.64416962214989],[11.78978959955857,49.64229098927809],[11.79131223228727,49.6422108323576],[11.79164227242439,49.6417112137611],[11.78945221838897,49.641738161832315],[11.787288532602055,49.64013420876473],[11.78507199174048,49.639695933362226],[11.78471826931751,49.639083410543],[11.780476855736653,49.640168733078916],[11.779059030350494,49.641160232524854],[11.776792089509891,49.643336540001926],[11.775754308082824,49.644707022540594],[11.775369777038863,49.644833459111815],[11.772770618544877,49.64309652773541],[11.772078421702604,49.642353377151274],[11.771845077121,49.64151481437148],[11.771893329228199,49.640729802255144],[11.77233979102613,49.64021261168022],[11.773966875364517,49.63923147480458],[11.776259161272563,49.63872426458702],[11.77895264376969,49.63846183719434],[11.779387394231296,49.63761280365977],[11.782016551065858,49.63621780463608],[11.78251720014008,49.636205764044036],[11.782873630983598,49.63496713564894],[11.784164691506765,49.63416427399758],[11.785722850808313,49.63348761787271],[11.785303029448439,49.632552146963384],[11.786129263914276,49.631500093600536],[11.788172688640781,49.63135101088278],[11.791235133479674,49.63168559949147],[11.792267480997598,49.63072501337353],[11.796018402755182,49.63170770349699],[11.79598761749038,49.63214258598388],[11.79690646916034,49.632301265315235],[11.797917241840072,49.632120051619665],[11.79933463064501,49.632230475141036],[11.799684589126906,49.6334761840218],[11.799570108725423,49.63406986450463],[11.798997608801514,49.634771102936845],[11.799479915175935,49.635410639716014],[11.800203745292634,49.6354051813328],[11.80049477159694,49.63497605810845],[11.802539212318063,49.63501096483015],[11.802587554256773,49.63468491838902],[11.803176280449653,49.6344649171144],[11.803776530231003,49.63457096481469],[11.803593188573073,49.636227545435624],[11.804047890617147,49.63638535740333],[11.803983550581528,49.636881351498566],[11.804823500525115,49.63695746571419],[11.80538101026189,49.63664246282396],[11.806851399668584,49.63670327259036],[11.80654320476255,49.63844730316567],[11.804311803969554,49.63839287862049],[11.804155583348363,49.63922876386137],[11.80298389006186,49.63919686081844],[11.80262153123576,49.6410738795306],[11.802690069997015,49.64206012395947],[11.803227869798103,49.642525610754895],[11.803998977349918,49.64270759255994],[11.80405983282053,49.64314604386859],[11.80353352606514,49.64477668647718],[11.803864018054867,49.64470210907214],[11.804348808271062,49.64548531329031],[11.800725514657483,49.646553268438026],[11.80044358828701,49.6461973470666],[11.800160489615058,49.646235070886],[11.800072010949464,49.64787249263118],[11.801370314588727,49.64792246573207],[11.80138354228129,49.64815278093954],[11.802471643737341,49.64818069620349],[11.80282915255921,49.648402671247524],[11.80576845274568,49.64837891133412],[11.806164113017681,49.64886423245695],[11.806950112840246,49.64904486968734],[11.807289827832973,49.64890638508155],[11.807818421699041,49.64960988526207],[11.806652920499797,49.65103271146143],[11.805667158714222,49.650014690600095],[11.804077667972171,49.64965960648159],[11.804066100366246,49.65131925707066],[11.80304433230744,49.65132858016646],[11.80303316984174,49.650927513860765],[11.802332359054198,49.65093677247312],[11.802315617152223,49.650852279936316],[11.79719007987197,49.65081423283055],[11.795780946584493,49.65070165005084],[11.788432750017265,49.652538346908365],[11.787827368160698,49.652969706257025]]],[[[11.693644836182267,49.63392592413336],[11.697432344524739,49.62896917474872],[11.700773586003685,49.62918216897927],[11.695097906070288,49.63455156167623],[11.693644836182267,49.63392592413336]]],[[[11.700644112720074,49.63431772561433],[11.700864124506223,49.62919945218679],[11.703024730868322,49.629391447070624],[11.703948259167637,49.62962201984414],[11.703843338637398,49.6299772890941],[11.703019042735932,49.62982799981013],[11.702659642960374,49.633985028515426],[11.700644112720074,49.63431772561433]]],[[[11.76304612292928,49.630782858447155],[11.763841655673644,49.63060826172497],[11.7642530122086,49.63256393420028],[11.759379164006384,49.6326491310697],[11.760005880850953,49.63224016553695],[11.76304612292928,49.630782858447155]]]]}},{"type":"Feature","properties":{"OBJECTID":74,"lgbez":"TrÜbPl Hohenfels -US-","plz":"92366","ort":"Hohenfels","strasse":"N. N.","bl":"BY"},"geometry":{"type":"Polygon","coordinates":[[[11.785051842528647,49.30103942534227],[11.785720560104348,49.300448751194196],[11.786141464832454,49.29967571678894],[11.787380807548052,49.29858678434727],[11.788909668296629,49.298329994698825],[11.789037832734866,49.298098066189986],[11.789562507251365,49.29786551035309],[11.789785646971307,49.297573779897284],[11.79029257886263,49.29747048704633],[11.790052738563212,49.29729166047138],[11.790237939733801,49.29670493675893],[11.79081260190259,49.296480737684],[11.790005923760502,49.29594598869375],[11.791379139707962,49.296062393424904],[11.7920879670611,49.29574078205134],[11.792968934978893,49.295807639305586],[11.793895551686164,49.29554341137612],[11.792634718574002,49.295315202177036],[11.79249242273802,49.29511956097845],[11.791677897811917,49.29491524841815],[11.791469990824226,49.29492476555701],[11.791346802154342,49.29508998794978],[11.79091540959529,49.29427205664268],[11.790170474459313,49.293741375952756],[11.790406582258724,49.293498761311184],[11.790860546785948,49.29333000137911],[11.791324981177778,49.29371010367547],[11.792906606271208,49.29450393050955],[11.79312078888946,49.29457094176366],[11.793455468825021,49.29435879812266],[11.79406968740907,49.2944970139015],[11.794828656026407,49.29477233410676],[11.795324685065122,49.295135841690886],[11.796043016593954,49.2948669128072],[11.79654694541728,49.2944474434819],[11.797092017978938,49.294385458710586],[11.79693756793716,49.294166153313626],[11.797699464164037,49.294030006453696],[11.798450288655017,49.2937084281023],[11.79856004751139,49.29379646709052],[11.798794603021983,49.29338425166931],[11.799450355213175,49.29317966300137],[11.799016999835228,49.293054287613565],[11.798770393425073,49.29274454990083],[11.799841576909353,49.29281159518408],[11.80017254051459,49.292999281183874],[11.800303495120113,49.292876862832486],[11.800842766361649,49.292918972553345],[11.801311956434613,49.29243971874329],[11.800166576599425,49.29181903785265],[11.801756582974441,49.2915004120295],[11.802733671525973,49.29085298007538],[11.803595142408826,49.291693807234104],[11.805204750921645,49.29099752165403],[11.805566850134616,49.29127497999685],[11.806932230976189,49.29013209912906],[11.807061805769404,49.289898803786464],[11.80834924518367,49.289199868525415],[11.808123078141174,49.288571342897676],[11.808689814474203,49.28882395419736],[11.808968514096202,49.28969839519999],[11.810165126648695,49.29013042929335],[11.809499541498406,49.2901975824233],[11.81105306279814,49.29058550605565],[11.812871208017683,49.29083428756034],[11.81386266961374,49.290819970532645],[11.814288245581356,49.29064190142103],[11.81525363267796,49.28939730327125],[11.815901167080934,49.28892969439903],[11.816244723269818,49.2891412719704],[11.816468280706413,49.288980587517585],[11.821284254946452,49.28939480726911],[11.824022299271569,49.289104615104904],[11.827874409957715,49.28893911425867],[11.828462217174065,49.28873362942835],[11.82861690976096,49.28852012826896],[11.828217172035897,49.288243495230546],[11.82703068529329,49.287832253486485],[11.828772046115587,49.28758100819949],[11.829060241828472,49.28727715937689],[11.829829009268945,49.2868440889362],[11.829691208602641,49.28678454151907],[11.829975821834168,49.286279542826854],[11.830999084689612,49.285375229115346],[11.831314483185905,49.285390794654774],[11.831392729142095,49.285218180610684],[11.832250835834218,49.28460754906059],[11.83208416151807,49.28447090643588],[11.832825934584262,49.283869632549525],[11.834882282474448,49.284197355774445],[11.83550932989905,49.284608622562956],[11.8388022240494,49.2850209266004],[11.841669479350044,49.28603876827786],[11.844062660437569,49.28630375615812],[11.844112452257125,49.28607399886346],[11.844965488857797,49.28629282813821],[11.845807637877213,49.28630168481514],[11.845798526265286,49.28604918891639],[11.847754714696249,49.285748218847395],[11.84920347536586,49.285199198249884],[11.85198689808756,49.284997416973034],[11.851746107370547,49.28452990758976],[11.851915325715607,49.284523829282875],[11.852105782928914,49.284216470951876],[11.852377063364951,49.28455382058983],[11.853633033896493,49.28526448769612],[11.855541035797279,49.28562465568696],[11.856915919017917,49.28568795230566],[11.858814392488489,49.28544957497188],[11.860383804087313,49.284962692481116],[11.862367993005677,49.283041856757215],[11.862915890768905,49.283075325064935],[11.865731821724108,49.28257823743322],[11.867939461179544,49.28189561415719],[11.87041958032194,49.28005495761532],[11.871101798678053,49.279848911262576],[11.873248170336142,49.279563276164424],[11.874483661974116,49.27920073030001],[11.876944753900489,49.278064133305335],[11.879031581628295,49.27690137926707],[11.881601458637256,49.276445728442006],[11.884269619423163,49.27578169389296],[11.88710481924121,49.274692278725865],[11.890532045662539,49.27440612320202],[11.891735357850385,49.274189564464045],[11.892972965020855,49.273804614064545],[11.89342785840608,49.27353078854854],[11.897410949748865,49.2723825548059],[11.898071962474358,49.27202401271082],[11.899515403320857,49.27200063403997],[11.900938630276833,49.27170810108831],[11.90212719302603,49.27124945932183],[11.90303314848179,49.27075523241315],[11.902917696103145,49.27069947839617],[11.907694818207114,49.269554876195365],[11.909107849284633,49.2689870929181],[11.911414806477877,49.26849029059878],[11.913256746272674,49.26838863668919],[11.91390466066302,49.26819714773258],[11.913732871339631,49.26797960334795],[11.914196277160485,49.2678508279732],[11.91356680428462,49.26707870326366],[11.914319808986791,49.26672939783213],[11.913838004770616,49.26638043812423],[11.914415698753508,49.266098258598056],[11.913521165376613,49.26535273292222],[11.912797821248475,49.26446562182837],[11.912715697265181,49.264053654189475],[11.914423264364832,49.26353664842821],[11.915106318154145,49.26445213484179],[11.915731282385575,49.264796877522336],[11.9158851296578,49.26465411332062],[11.917494078807215,49.26527298773858],[11.917669229626377,49.2651237620112],[11.919583869178815,49.26483970881268],[11.92063411383215,49.2644049675843],[11.920714643305795,49.26448037209825],[11.921620547557586,49.26338581060687],[11.921824585501348,49.26346408507299],[11.922471200927793,49.26280930003572],[11.923066675265071,49.261542239648314],[11.923300572310591,49.26158663317923],[11.923630359122797,49.26064920568172],[11.923640021401978,49.259812723365975],[11.923973961125764,49.2598326341789],[11.92479943921011,49.25922138227882],[11.926942005604694,49.258179721503325],[11.928003716354281,49.25736736272232],[11.928245328131476,49.25690876060161],[11.928236778864898,49.25635882854212],[11.926149386096784,49.251944349976654],[11.926561758626324,49.251835093216556],[11.926345111929235,49.25148617125352],[11.92632116104712,49.25114906101683],[11.926479150451094,49.25019811853862],[11.92703739860305,49.24885269428428],[11.927224648830785,49.24863494499082],[11.927381184760621,49.2486642649959],[11.927949396127387,49.24790464724127],[11.929563302180519,49.24677781616045],[11.928703746505844,49.246434352683096],[11.929123735850707,49.24469886651939],[11.928921196296805,49.243711732014106],[11.92897492902553,49.24214533332747],[11.930288514804452,49.238988986716365],[11.930173660703774,49.23814379401131],[11.929632697934537,49.237991780020515],[11.928422296242465,49.238232016657705],[11.927828861080831,49.23856901626154],[11.927744909924275,49.23850674189363],[11.928042549625713,49.23827107560985],[11.927705232236471,49.23831204776879],[11.926562306598655,49.23906411099846],[11.926429353241653,49.23861660352449],[11.926305386630718,49.238592787317735],[11.927828649976746,49.23776543416473],[11.927698693399531,49.23751790290245],[11.929164274124531,49.237431496060715],[11.929295549428586,49.2370452957846],[11.930050239370244,49.23694873219326],[11.930547207148427,49.23653946054831],[11.930656860003577,49.23618930196897],[11.93074244789061,49.23556695117665],[11.93054419689392,49.23524987821322],[11.930923241028076,49.23510533866083],[11.931393272822488,49.233596279627356],[11.930716458731114,49.23282457629848],[11.93019512415086,49.2310498534008],[11.930045327382281,49.23105084242374],[11.929878264095588,49.230248057828724],[11.929407573836103,49.22998045106994],[11.929414279759705,49.22980161146155],[11.929071620089493,49.22948858324623],[11.92979956628679,49.22938840826062],[11.931746520934956,49.22820698583544],[11.931704523797114,49.22789603011196],[11.93188941055732,49.22752640150493],[11.932920531874872,49.226759023839705],[11.93336991050258,49.22611566007003],[11.933944972421678,49.2258278957926],[11.93422658528013,49.22548556262427],[11.93444103559635,49.22516333375115],[11.933958968173792,49.22469198713646],[11.934699865382582,49.22449441014143],[11.934794526253969,49.22412310748421],[11.934427912108351,49.224075515058516],[11.934021115421796,49.22347779030069],[11.934914147713844,49.22334809385885],[11.935646015955705,49.2227878714418],[11.935233705409898,49.22209816179549],[11.935214519192055,49.221861760688476],[11.935662194613965,49.220885604502],[11.936330026450793,49.220021784013625],[11.936049264296924,49.21994969649185],[11.936918046567857,49.218859212407246],[11.939531493664743,49.21701784770622],[11.939454917676658,49.216324640688654],[11.93910644051664,49.21619273089581],[11.940002942102344,49.21522470371264],[11.941117051582467,49.21347684337722],[11.941238968237926,49.21309574720524],[11.94115265900372,49.21156154463916],[11.940178635503951,49.211437232889345],[11.940413866547663,49.210983993400184],[11.940452053032084,49.21014976467519],[11.940311271755675,49.2101254159622],[11.941226932609746,49.20874053368308],[11.941580313672883,49.20839552159612],[11.941039756043839,49.208144290782116],[11.941874362808122,49.20737538259772],[11.941489549693205,49.20714787996677],[11.941932546689099,49.20690568629052],[11.940179884162184,49.20672487453019],[11.940194525803012,49.206644766423786],[11.939671519457992,49.20654163175551],[11.9385778071247,49.2065190296417],[11.938308265827043,49.205866091072544],[11.938810264170808,49.205634190230256],[11.939803772129087,49.20543554281357],[11.940220147551562,49.20518704783531],[11.941297925568335,49.2053165372152],[11.942180819474105,49.20523002944704],[11.942810999324085,49.20460658846415],[11.942801708947435,49.20373151309712],[11.942280401316626,49.20301147025279],[11.94102736378451,49.20178086887928],[11.939295209795533,49.20034256662826],[11.938950567543493,49.1994100380819],[11.93815020815109,49.19907638251631],[11.937130638269782,49.198056087056635],[11.936767349687353,49.19672574869572],[11.936077594466024,49.19503142488886],[11.935643935457493,49.19404983111128],[11.93545959307633,49.19401007500814],[11.93543022625138,49.19348566270557],[11.93526798062959,49.193124015526635],[11.935446295315195,49.19230497058827],[11.935537670149266,49.19209021028727],[11.935835169713522,49.192037682616125],[11.936004214683711,49.19137598675308],[11.936614294729234,49.19062443402327],[11.936976876337512,49.18976151724039],[11.93709417565239,49.188668908238654],[11.936621334826121,49.18756545791271],[11.93526456433656,49.18740258909132],[11.933036358851007,49.18771010188581],[11.932922206334561,49.18741843506519],[11.931187122041154,49.18754564243045],[11.93108934940562,49.18742068904582],[11.930365560611419,49.18763902641725],[11.930202125620172,49.187774792292274],[11.930334164492226,49.18801863729331],[11.92920072057224,49.188443529446936],[11.927588914780221,49.18876318075289],[11.92644294205695,49.1887259537873],[11.923921523767653,49.18800337334769],[11.922643065709638,49.18742795767751],[11.920828290969036,49.187100694989084],[11.920446019188043,49.186815126662076],[11.920446562668786,49.1866456336492],[11.920104304545477,49.186304252698186],[11.919474707702113,49.185853242384],[11.918873869524264,49.184679763970756],[11.918367209822462,49.18447961262734],[11.917572904176767,49.184447849507066],[11.916890422614305,49.18464509101441],[11.916307768134406,49.18494184838911],[11.916335818927475,49.18506487570682],[11.914224462700853,49.18561776355799],[11.913821197291654,49.18599925294918],[11.914149967210944,49.18626070624821],[11.912918305989361,49.187334568595354],[11.912416408256872,49.18707729664699],[11.911461013121151,49.18727951533148],[11.910199241269556,49.18781229357254],[11.909125554180562,49.18855084688208],[11.907519659303114,49.1900485862047],[11.906453704013773,49.19027540193399],[11.905652533442693,49.19063567971144],[11.905341216891044,49.190871188668524],[11.905417023921249,49.19119126577572],[11.905138310824526,49.19130595274855],[11.904712603702903,49.191021734916326],[11.9035378247034,49.190964746026545],[11.901365250985105,49.19043384578557],[11.89981149702169,49.19048547514976],[11.899195362331163,49.190700202495144],[11.898350855234133,49.191225391094186],[11.89669286076515,49.192838657496544],[11.895233900623795,49.193442040975434],[11.894064943605683,49.19327040618317],[11.891617409053572,49.193317418319026],[11.890496847873061,49.19304418596181],[11.887635134279382,49.19193393804153],[11.886715607076338,49.19172263635557],[11.884247139981495,49.19260075563351],[11.881437198094273,49.19292089786856],[11.881376983122461,49.19320344576292],[11.881107758930082,49.19299303302606],[11.880097091353242,49.192916731491266],[11.878308314755277,49.19332300123103],[11.877647021755422,49.19382916736956],[11.877272671318568,49.19436054131576],[11.877018148954154,49.19425740626976],[11.876837429478517,49.19432474214627],[11.876787570285309,49.19440255725727],[11.877079796738837,49.194683139494764],[11.875908892173186,49.19547109403852],[11.87576521742326,49.19526134314194],[11.874682960406457,49.19543066105574],[11.872728057464673,49.195451997901266],[11.870803743056626,49.19521167769629],[11.870122832647587,49.19504726724529],[11.868255057305198,49.19413924377496],[11.8677240586491,49.19399989616785],[11.8672108268727,49.19399058733219],[11.86581283628802,49.19427662086441],[11.863979068467353,49.194267018557895],[11.863826002729436,49.19445009078604],[11.86462065602314,49.195408909756274],[11.864747118153915,49.19577627784123],[11.864668323327063,49.19599306674883],[11.863993289696639,49.19614117828615],[11.863484789346817,49.19649979962963],[11.862418403764469,49.19680902162298],[11.861773089098588,49.19682264038275],[11.858801277983662,49.197382026525034],[11.85823326244963,49.19761520758478],[11.858048246332011,49.19787690943792],[11.857884289419582,49.1988827909236],[11.857980162118322,49.199088099395894],[11.857711425711132,49.19945103425156],[11.856394380520088,49.2002388799722],[11.856640094004831,49.2006810367815],[11.8562231786949,49.2007939056303],[11.85578893128987,49.20025853951795],[11.855325973728336,49.20044579816327],[11.855187687971798,49.200388708018345],[11.854744807756894,49.20084169480472],[11.85456530370183,49.20207117557719],[11.854863645885832,49.20215634064262],[11.854635293242266,49.202820271774684],[11.853889088786788,49.20347186069764],[11.853773721748102,49.20453291489467],[11.854477469128287,49.20479797724093],[11.853672088153477,49.204888948115574],[11.853264696782176,49.205155215840705],[11.853150767946241,49.20539784712503],[11.8528901154783,49.20532324564876],[11.852366726450983,49.20583159964585],[11.85180224668593,49.205710839553156],[11.851587942795103,49.20587799004576],[11.85228966806759,49.20682679159252],[11.852273070794414,49.20696281527676],[11.850769103260676,49.206651212920306],[11.850905538487725,49.20723791746841],[11.85057060343062,49.20731139744183],[11.850324236870653,49.206683099120234],[11.850196914153862,49.20662736545679],[11.84888103407772,49.20837579955476],[11.848411897903683,49.2095213580537],[11.847999961057035,49.20990629226387],[11.845788698696072,49.21106527521106],[11.844813230705302,49.21227560228887],[11.844257234629806,49.2127150882154],[11.843669543296114,49.213017136431155],[11.841571189284915,49.21368632395946],[11.83819671014046,49.21427690832828],[11.838072114708858,49.214393985237734],[11.83804308654878,49.214288472557094],[11.836189189279215,49.214458056290106],[11.83455689201724,49.21493301427892],[11.833260942862335,49.21513229894243],[11.83083094522123,49.21529844878369],[11.829125303211226,49.21520503838089],[11.82716932588438,49.21566080169024],[11.826506241643814,49.21565855193033],[11.827250416805079,49.2157876154554],[11.82689873625278,49.2160706887482],[11.82445555313991,49.21618084614075],[11.822700693333827,49.21752872251306],[11.821361794826856,49.21883783226579],[11.820096660581124,49.21958218233178],[11.818508744585753,49.22082163507139],[11.817775819026807,49.221241474202806],[11.817191217897697,49.22186394562703],[11.816846802919422,49.22189891871184],[11.8157213450223,49.222512433347596],[11.812949774672436,49.22246411008878],[11.812243613519083,49.22221281934566],[11.813411144012537,49.22020147048014],[11.813548972526585,49.219760020395434],[11.813120895649252,49.219852214674994],[11.812912057108601,49.219683822936624],[11.811395793435256,49.21964584532585],[11.81049417324909,49.219224012946256],[11.810253017816088,49.21882249920512],[11.810130172302662,49.21820933482428],[11.80955139854479,49.21743860693529],[11.809770183232274,49.21726218931033],[11.809628267383665,49.2169720645101],[11.809651003743504,49.21633980729083],[11.807739731975085,49.21618055333469],[11.806327870504086,49.21586726806915],[11.802928074139999,49.21622542422635],[11.80150540683445,49.21590999277159],[11.800105577398377,49.2154151095834],[11.798288730244407,49.21527429566256],[11.796484656235467,49.2154352372256],[11.795897419449307,49.21561493508619],[11.795190500117835,49.21605823595388],[11.794685816709682,49.21612064365691],[11.794248076654835,49.21595999419895],[11.793430553152323,49.21530223537895],[11.792447768383562,49.215144381700554],[11.791820128070878,49.21543152751066],[11.791757874821682,49.21571186604861],[11.791904303806275,49.21627491893959],[11.791617511261892,49.21668136707026],[11.791001452029855,49.21695045646977],[11.789652283982532,49.21718395482949],[11.788594369513314,49.217192637319734],[11.78733438441081,49.216757289851394],[11.785836373605724,49.216554103776595],[11.784940842200552,49.215930218205976],[11.784889157630676,49.21632836441941],[11.784708844193563,49.216349519147926],[11.785409238162817,49.21712176674912],[11.785410473346325,49.21737605361667],[11.785236731085513,49.21755925212835],[11.783584388816301,49.21811977263109],[11.782493896044974,49.218886786896796],[11.77930924080154,49.21967463393702],[11.778582951995917,49.22004424441762],[11.778240693872641,49.2203922866699],[11.778113671193113,49.22077167141915],[11.777814058791316,49.220760126895726],[11.77767050082238,49.22093761631069],[11.778084069907887,49.22128306129362],[11.778668238947326,49.22216041871385],[11.77744279316916,49.222157080307326],[11.775658208110318,49.22188388406686],[11.775646821964108,49.222064595209446],[11.774240727677244,49.22209072400382],[11.774399929806835,49.222250007027455],[11.76940072619827,49.22473867078155],[11.766731084988777,49.22588668313672],[11.766349431248718,49.225215404418854],[11.766186851453607,49.22580582874036],[11.765821229946416,49.2263067350233],[11.765057493071522,49.22639564291586],[11.764547163751809,49.22634452212918],[11.76450719321322,49.226232853843825],[11.764157046983428,49.22627548099933],[11.76340222229447,49.22648119904084],[11.763177233841633,49.226619659026],[11.763272618755149,49.226798788815884],[11.762414328806717,49.22719239359184],[11.761810226151116,49.227369906250125],[11.761476281037448,49.227124285256004],[11.76126791321401,49.227173490393604],[11.760847686713943,49.227682899783915],[11.759517868377836,49.22873522616803],[11.757983312310394,49.22935937540423],[11.757505733769298,49.22987836410407],[11.756607478672192,49.229665893481744],[11.756665464923774,49.229544357425155],[11.755645608479892,49.22924152732688],[11.754194085490774,49.22935975143353],[11.752568899292621,49.229335606943835],[11.7523245817898,49.22921198812163],[11.751327714132342,49.2296162737351],[11.749760039875303,49.229076091945664],[11.748026978587891,49.22785665789907],[11.747588024909101,49.22780921397131],[11.74489845547333,49.22808214807555],[11.74431747635145,49.22826078917005],[11.742956981446724,49.2281402534043],[11.741003002871386,49.22904126707885],[11.740044422309657,49.22927470010196],[11.738482637407625,49.22941432786248],[11.737857268934265,49.22943772905568],[11.736519208555453,49.22909651379373],[11.733955750009189,49.22897303751192],[11.733421675521564,49.22884484554726],[11.729764872052954,49.22919198282946],[11.728743207300415,49.22905067139092],[11.727819566711661,49.22873577174007],[11.727081313244764,49.22878996050531],[11.72422930145617,49.230445308536595],[11.721456848960692,49.23078403604633],[11.7214540507086,49.23086675299974],[11.718038046940142,49.231394920899206],[11.71409809269728,49.231505919935046],[11.71351366045146,49.23132877703335],[11.711409528476329,49.23224771110877],[11.711319683473182,49.23218526452394],[11.71075295702162,49.23252768970889],[11.709554219055164,49.232609928017794],[11.710528842629559,49.23276882518015],[11.710295351622559,49.23299285228201],[11.709853198144705,49.23302105767712],[11.709482237949764,49.23369432149624],[11.70915381747511,49.2336206642917],[11.708851483177975,49.23457679631506],[11.708954380702219,49.23459144172353],[11.708934904328546,49.23472815565114],[11.709208578774813,49.234772722872655],[11.710117658571113,49.2364033950744],[11.709965726507098,49.23646083016682],[11.71032117818698,49.23694115586762],[11.7112083902943,49.237364183103644],[11.711683927863056,49.23743415540277],[11.711498406892266,49.237741926648695],[11.711832283733957,49.23782701091182],[11.711569684616803,49.2379054836885],[11.710685357898162,49.23896303166854],[11.710005653926528,49.239402370613035],[11.708392937242818,49.24000750145466],[11.706754074194455,49.24035960829234],[11.706778742830453,49.24269111551799],[11.706630475892798,49.24421437445201],[11.706249619856695,49.24642040746102],[11.705999768731722,49.24704972771921],[11.705293362338292,49.24768067252615],[11.704191637032658,49.24819883600673],[11.703070694068149,49.248963041305394],[11.699040396257187,49.25093663204512],[11.698186588003708,49.251704721844554],[11.698158203037352,49.253794932658764],[11.698030444637634,49.254360262814124],[11.698335871834276,49.25518487304689],[11.699660275125815,49.25690068429094],[11.699811155262626,49.25750558311343],[11.698856609933193,49.2587382826682],[11.69796866839383,49.259088169973396],[11.698093860306809,49.25921698639218],[11.694746459079965,49.26158639750817],[11.693061474728252,49.26239945716037],[11.691426863406118,49.262726539849574],[11.68939213347322,49.262574082716704],[11.687020406849644,49.263139287113084],[11.686757662205427,49.26340886448802],[11.686551907581146,49.26400813792627],[11.68606990304065,49.264750707735594],[11.685156059478409,49.26564271021822],[11.68477026001328,49.26566261047222],[11.684694659595609,49.265775608215534],[11.685000108351817,49.26689706531059],[11.686223284985546,49.26830065315106],[11.690373983095766,49.27430249403263],[11.690483299082704,49.27462171804082],[11.690271243675014,49.27473372587232],[11.68746041065904,49.27482219728573],[11.686305126897851,49.27468815264696],[11.685033517595539,49.27534378225052],[11.68494132080299,49.27549261193887],[11.68521199487622,49.2760197170876],[11.68622502322563,49.27668173236151],[11.686586755925985,49.2772860493908],[11.68582809093917,49.27770659656713],[11.685271859505065,49.27764996663487],[11.685425733726737,49.277981905054766],[11.684942425730785,49.2783648912427],[11.684264627984192,49.27866408143767],[11.683988793987966,49.27900977499804],[11.68367408719444,49.2788781773259],[11.683477634624904,49.27994107544228],[11.683239360089026,49.28019263802129],[11.683223840794168,49.28055630527053],[11.682776846295257,49.28170042893998],[11.681696711099166,49.28308774221506],[11.681297622856038,49.28333580035618],[11.680630504281572,49.283478456002484],[11.680178905018504,49.28383237582073],[11.680110068016582,49.28404159970515],[11.68034801826064,49.28454812434069],[11.680755483293803,49.287031916016595],[11.681123013720994,49.28739888674855],[11.681166916185546,49.288244395804476],[11.681582157934116,49.28884635695035],[11.68148364778173,49.289415433266086],[11.681661716328964,49.2900697907833],[11.681927526024944,49.29048341430853],[11.682295169639834,49.2916092710405],[11.683415817956929,49.2924039607271],[11.683968234246027,49.292545560163184],[11.688043197191247,49.29291070645462],[11.690329686270788,49.2944633090446],[11.690629468454171,49.29515385357755],[11.691091353427236,49.2956012492717],[11.69102524640546,49.29570825324191],[11.691333961436046,49.29580690466249],[11.691750040414478,49.29617199281687],[11.692113832951746,49.296743746165895],[11.692503307424701,49.296989621945116],[11.693055172148215,49.29805317066579],[11.69349431537156,49.29951663309092],[11.693894884936602,49.30021849629221],[11.694420655397725,49.30079768428879],[11.696046156904558,49.30143982672743],[11.69821061434428,49.301937150052375],[11.698217484659581,49.302073210051354],[11.69859043731782,49.302040913284124],[11.699034140389532,49.30222234919062],[11.698964088865367,49.3023458906681],[11.69994396578752,49.30249454924439],[11.701067108726157,49.303146196838405],[11.702209454950646,49.30351374993035],[11.700439269885814,49.30551025153833],[11.698356899598437,49.30505220702209],[11.698182628229935,49.305173228629805],[11.697659955159873,49.30513005397968],[11.697565182897412,49.305270074636915],[11.695981699189652,49.30474792173829],[11.695315835561633,49.30475812872964],[11.692259194737787,49.307372517903026],[11.693329747604738,49.30847916307539],[11.69315716506898,49.309099931115156],[11.694447836621602,49.30946732441787],[11.694555223925606,49.30978150245531],[11.69395645456784,49.31011665483971],[11.692858963022159,49.31012939139714],[11.692215124288277,49.31052240982418],[11.693622797813404,49.31172085241605],[11.69321884070144,49.31221620552815],[11.693764610355748,49.31264996432505],[11.693341044817773,49.31293531345841],[11.693550944268761,49.31324095311122],[11.693161023333113,49.313577911463824],[11.697678716474588,49.314977646303234],[11.698134234188927,49.31466116479779],[11.69847450883208,49.31411680508203],[11.699789640611574,49.31299682044688],[11.700764841802702,49.31320363366222],[11.701031423151488,49.31319524154058],[11.701189487115656,49.31296043138836],[11.701562006785926,49.312944937802705],[11.701914225429087,49.31333131320408],[11.702206185981307,49.31392775476358],[11.702245948110738,49.31435927137942],[11.703081074101245,49.31439989987037],[11.702219077703955,49.315144792542775],[11.701903433967589,49.31512249016934],[11.701958533033865,49.31531361246812],[11.70291190875681,49.31540786772912],[11.702862058546742,49.31578448524609],[11.703388606050622,49.316325058222176],[11.704068984657011,49.316282471913674],[11.704730283945079,49.316578903432124],[11.705262373155918,49.316540427037296],[11.705396816818002,49.31749890750664],[11.702297083809988,49.31852302403423],[11.70236115435101,49.31882422497253],[11.704413882030627,49.32047943229735],[11.704189413702343,49.32077629879253],[11.70434236176094,49.32093862743093],[11.703262973963167,49.320943687676326],[11.703138087477404,49.320713003899236],[11.701888000012689,49.32090139988876],[11.701422670000518,49.3207869076589],[11.700022224320138,49.32095376542106],[11.700009809602916,49.32086876355246],[11.698911487115586,49.32086609055375],[11.698253889784791,49.32160528012748],[11.697724295195492,49.32271075540394],[11.69771871036937,49.32315204518747],[11.698730331058728,49.325269669967234],[11.699951811673206,49.326687479219],[11.70059909724285,49.3271134661271],[11.700821035016977,49.32694760697085],[11.702646797950141,49.3275470105979],[11.70241660915014,49.32775870868422],[11.70425277457426,49.32793839011065],[11.705650960991706,49.326980311291116],[11.70672512508609,49.326672111729664],[11.706787803238413,49.327098468200944],[11.70664618113892,49.327874797642785],[11.707149470361747,49.32904937567714],[11.70763916987098,49.32945532128474],[11.708383208488286,49.329705453887506],[11.707792419763502,49.330061826121316],[11.707204744599492,49.3308203043534],[11.707011618491508,49.331302120199695],[11.70740336570212,49.331408581824824],[11.707422874415155,49.33152938706259],[11.707083268118577,49.3335132246151],[11.70730532626695,49.33486188319822],[11.70745555153191,49.33502851648294],[11.707370669720726,49.33528231211453],[11.711799498819317,49.336710035740865],[11.711552848391735,49.33736094568896],[11.71219895627005,49.337628252465024],[11.712116974220566,49.33778935603691],[11.713328294889202,49.338136467674225],[11.714208859463433,49.33864756390001],[11.714282546469553,49.338873163199914],[11.713401072800261,49.338802917964806],[11.71346828834309,49.339147548287016],[11.713320345697253,49.33938842453335],[11.713280217953503,49.33999615028507],[11.714667543739141,49.339971345824836],[11.71472955264656,49.340456859049354],[11.716730347821299,49.33990106294109],[11.718697005218573,49.338928213245346],[11.720725614031116,49.338471861434044],[11.72257063055577,49.33774564863087],[11.725756291013992,49.33528830864925],[11.727576699988054,49.33429832671386],[11.727977823813605,49.33396298705248],[11.728801867288453,49.33285267084317],[11.730342507645338,49.33212481091777],[11.732018858288844,49.33097194637789],[11.731871707058785,49.33083421460002],[11.732617456068398,49.33054011985265],[11.733071891312804,49.330154442635106],[11.735749625444713,49.32859273614349],[11.736388484816983,49.32722901153806],[11.736793733706307,49.326665086054795],[11.737743239487056,49.3260640908947],[11.73965297423801,49.32566027600752],[11.74201955171839,49.32474951889863],[11.74248815519145,49.32428686912821],[11.742112371941756,49.32385875521146],[11.742197598706026,49.32373845869332],[11.741831364547814,49.323827648422025],[11.741795673583232,49.3234971299595],[11.741459903092927,49.32325900455819],[11.740945040874294,49.32367667821916],[11.739591458505664,49.32378342742422],[11.739758926932549,49.322883034398906],[11.73911800862163,49.32286576630141],[11.739116486875547,49.32258046181548],[11.736834541474725,49.322873635664386],[11.737682850242072,49.3220948267045],[11.738858066721091,49.31975743939001],[11.738839865955132,49.31906226348991],[11.740571517785831,49.31893892671309],[11.74051455651197,49.318339244379075],[11.740760662560511,49.31833116348555],[11.740641571106657,49.31788132030512],[11.742469714575297,49.317813919715945],[11.742517998123528,49.31744276656327],[11.742850272370763,49.317023870023455],[11.74287655707597,49.316650510262335],[11.743737930042476,49.31652348113457],[11.744127190716389,49.31638497401499],[11.74422706271474,49.316168408729496],[11.74458893016236,49.31614034512035],[11.7461661885452,49.3164919662373],[11.747944857299554,49.31621657646364],[11.747721633137951,49.316513439961234],[11.748845907953863,49.3159366502601],[11.750172239928334,49.31562337758617],[11.75051880906665,49.31568221086605],[11.750765119931096,49.31593081767868],[11.751781166619855,49.31583571253913],[11.75215649262709,49.31666157970707],[11.756217925147492,49.31603513118501],[11.757959849213469,49.31555252410766],[11.75927920307482,49.315019649885315],[11.760372088958048,49.31430088627547],[11.76097253726709,49.31342122629522],[11.760941491490865,49.31258818633772],[11.760381911137381,49.311874270387854],[11.760497379685706,49.311288081052766],[11.760195270865708,49.31108325806102],[11.760153628562385,49.310822237118245],[11.759451602354272,49.31047766325009],[11.759590943631265,49.31038605982368],[11.76094795217439,49.31090849031282],[11.761797938994647,49.31108827539465],[11.763829514044275,49.31060869224121],[11.765112785275573,49.310191038935486],[11.766559307343519,49.309502605027475],[11.766680477498955,49.309586650777014],[11.769131887383177,49.30808224461194],[11.770072147702965,49.30768120490372],[11.771299447603873,49.30747458228447],[11.773757272357571,49.307341211518114],[11.775838890755042,49.30692580540025],[11.775716188972051,49.30690461742198],[11.776008980465887,49.30665485981735],[11.777697565265267,49.30574601151362],[11.778590576896049,49.305092419121046],[11.77910057473743,49.30460200592941],[11.779606016323704,49.30380442954392],[11.781154069578303,49.30289067743478],[11.780069529942374,49.302319817219576],[11.780514549944298,49.30202358047389],[11.782756152904,49.30196549647786],[11.7830924102812,49.30185391250041],[11.783312259472273,49.30204440561909],[11.785051842528647,49.30103942534227]]]}},{"type":"Feature","properties":{"OBJECTID":75,"lgbez":"TrÜbPl Sennelager -UK-","plz":"33104","ort":"Paderborn","strasse":"N. N.","bl":"NW"},"geometry":{"type":"MultiPolygon","coordinates":[[[[8.718857720410577,51.76504343795434],[8.718958328129151,51.76365531600901],[8.718744305410983,51.76496578746926],[8.718440123279317,51.765856470041086],[8.718588284215782,51.76587453773629],[8.718857720410577,51.76504343795434]]],[[[8.720686100136152,51.76653219547443],[8.719505418306921,51.76630353093327],[8.721193553050325,51.7672314699738],[8.720686100136152,51.76653219547443]]],[[[8.774590729577703,51.7703736173756],[8.77532486606567,51.77212691418838],[8.776320966561872,51.774260090282546],[8.778324498903238,51.77122213536983],[8.774590729577703,51.7703736173756]]],[[[8.78183003685778,51.77387120041688],[8.784618892590327,51.77446075186701],[8.785911813524418,51.772252417021875],[8.778806529494883,51.77075900361325],[8.776396856237076,51.7744125743807],[8.776973509970864,51.775440972869184],[8.782547451206709,51.777062874475874],[8.783306840235618,51.77650625739711],[8.784492054065439,51.77447967989378],[8.78183003685778,51.77387120041688]]],[[[8.782527729592962,51.77717344016989],[8.777003809247068,51.775524973447965],[8.77877558882155,51.77782850666928],[8.780325398282542,51.77873901382713],[8.780783646875324,51.778631918980885],[8.782527729592962,51.77717344016989]]],[[[8.780506165368857,51.7799375155932],[8.780079808765299,51.779597296835796],[8.77915656343527,51.77983175911691],[8.780506165368857,51.7799375155932]]],[[[8.810764229580851,51.80430109984788],[8.807897990274792,51.801921084170324],[8.807499057440197,51.80202198822603],[8.812056526185824,51.80549010073764],[8.81261208747676,51.80563140404926],[8.810764229580851,51.80430109984788]]],[[[8.834174802893688,51.81994744669639],[8.834071911657661,51.819926864686735],[8.834070813018078,51.81994550155085],[8.834174802893688,51.81994744669639]]],[[[8.823336734092173,51.83775473320699],[8.82334048186353,51.837739174860914],[8.823297821768998,51.83774733758143],[8.823336734092173,51.83775473320699]]],[[[8.830370821245541,51.84169749326785],[8.827444014828039,51.84126704403275],[8.827767958997656,51.84248235692841],[8.830370821245541,51.84169749326785]]],[[[8.849325334828537,51.85461317140982],[8.85034408814125,51.856682489753915],[8.850691221421611,51.8587316529722],[8.85100103778674,51.85974747358266],[8.852569268999245,51.85818814866408],[8.852780795299244,51.857666556313966],[8.85267963871001,51.85680590143008],[8.851209565510294,51.85349522226162],[8.849325334828537,51.85461317140982]]],[[[8.699011064765957,51.88009242072918],[8.699304851593142,51.87909853229646],[8.697573577953154,51.88039421944635],[8.699011064765957,51.88009242072918]]],[[[8.739643472158379,51.86541664536571],[8.739759528204907,51.86532556923239],[8.745325457366738,51.8676794034904],[8.751532615656549,51.8693898141674],[8.753161182215145,51.86699713727301],[8.753809443355172,51.865820839246645],[8.754228288246367,51.86544046167979],[8.754712967071455,51.86448175382302],[8.755414627665251,51.8637035800506],[8.765462111642982,51.84896661471121],[8.763507834826942,51.84828505300979],[8.761407983324148,51.84811068127183],[8.760844056023009,51.848296050067944],[8.761047061802506,51.84802336363017],[8.761372746008798,51.847987681926504],[8.763409030027145,51.84815740380971],[8.765399719154903,51.8487982648776],[8.765590105401307,51.848764352333255],[8.765888290380115,51.848293141122404],[8.765853596545544,51.848135851904054],[8.766269872255005,51.84828974605753],[8.76606084506813,51.84839120999681],[8.765628249664898,51.849000842853656],[8.761753483467318,51.85483625432493],[8.755580356055388,51.86374414210085],[8.755171804959069,51.864579545003814],[8.754894232722759,51.86479827105236],[8.754204493671113,51.86575591265733],[8.754120458971194,51.86606830662748],[8.753318202336953,51.867041073917676],[8.747789006185407,51.87515034462405],[8.74721077680661,51.87624099196205],[8.746740799809455,51.87656162240895],[8.743926846046163,51.87939465524327],[8.735506149064445,51.88657701442779],[8.734797838242603,51.88775860232504],[8.735374405738135,51.887871264605366],[8.735266224323398,51.88808193558639],[8.736282878273295,51.88815002462224],[8.73632931578359,51.887897072782344],[8.73673303574032,51.887922737898485],[8.736746510469585,51.88818796209139],[8.741194857264382,51.88857769627985],[8.759872713994346,51.89420462014756],[8.76749841632256,51.89718452580682],[8.768142978200272,51.89734052604236],[8.769080566930427,51.89721287909488],[8.784688926148187,51.891545694084975],[8.786676732582226,51.891664445224116],[8.794080793580356,51.89263084670202],[8.794659943732311,51.892943365551695],[8.794971145299597,51.89339655823462],[8.795338081042075,51.89449675862905],[8.795596848844541,51.896491351666725],[8.79242300841883,51.902510795624764],[8.790918605202197,51.909257980378214],[8.791160892512446,51.90982595657393],[8.798969827802475,51.910918952934864],[8.801225093239333,51.907296371665545],[8.804315704753952,51.90524965213289],[8.805237577458216,51.90430700574257],[8.806388392999176,51.903514673872316],[8.805786511877265,51.9030905336309],[8.807187944806122,51.903149517369414],[8.810762923430438,51.90213876581865],[8.806971079818403,51.90033147967377],[8.812269585910002,51.89828044450473],[8.8144076292871,51.897215023786536],[8.817437032293215,51.896663013690926],[8.81863644399613,51.89628188199932],[8.822238099889416,51.89444269401938],[8.827681217673813,51.8920232286633],[8.828552523312393,51.89072727848446],[8.832594530663089,51.88743878914419],[8.832584176681141,51.88439422965712],[8.83043016305491,51.88229214455085],[8.83002650059036,51.88158071268283],[8.829876974214674,51.88100377751486],[8.830400092849066,51.88020651407596],[8.830593349212794,51.879234418061806],[8.830410810648738,51.878798253787636],[8.830401891276288,51.87828857778104],[8.831030214308567,51.87686779992976],[8.831302172074349,51.876579834874654],[8.832408380871565,51.876293050905495],[8.832843070247733,51.87594494696097],[8.832572194053556,51.87448263538457],[8.831620942846246,51.87390456700722],[8.831622195097733,51.873569252385536],[8.831845695940478,51.87320073663144],[8.832312976195146,51.87281916246963],[8.832638282210695,51.872739154528695],[8.834903179384034,51.872561290190326],[8.835781562848743,51.872327795936044],[8.836064198888323,51.872066664008784],[8.836063220622984,51.87084614802759],[8.83658620630674,51.87030977766807],[8.838363947999756,51.869997047633305],[8.842031196180152,51.86993497138737],[8.843363220778599,51.86976970794772],[8.843808289289534,51.86950206599348],[8.844233733204772,51.86900959768531],[8.843718544897694,51.86726881901168],[8.843807086445386,51.86672574400312],[8.844340636316874,51.8659217144949],[8.844644736701836,51.86569411790047],[8.845610852332154,51.86539300599456],[8.847439250922367,51.865242021040714],[8.848100479243532,51.86503575625368],[8.846107641345613,51.86393903958237],[8.844403692659942,51.86334666138877],[8.839632079923572,51.86038957542887],[8.842450901657367,51.85803283863763],[8.842772548834803,51.857416311898106],[8.844010776741136,51.8563718005131],[8.845507739212275,51.85565623276404],[8.846143598211473,51.85498644970005],[8.846438362405701,51.85428268946534],[8.846428148560934,51.85410161163605],[8.845103531470322,51.853529860335144],[8.844617607580256,51.853120147691094],[8.844415165942738,51.85059838987082],[8.844178757207699,51.85007500597069],[8.843779612370719,51.849638564417596],[8.842652959714258,51.84893104362999],[8.841928140552454,51.84804675297463],[8.841749753103283,51.847640029809774],[8.841819160535431,51.84505996278094],[8.834438482684117,51.84229993623832],[8.830502258246339,51.841716959747764],[8.82775740199643,51.84257089633132],[8.826711202456828,51.8441579981675],[8.825082511032402,51.84541754873815],[8.824069227561447,51.84708103785348],[8.82508716340727,51.84531075817964],[8.826632678022905,51.844140754334894],[8.827682227380183,51.84250191353426],[8.8275030494136,51.841809911879054],[8.824877828996588,51.83927780265534],[8.823855765392036,51.84029384874633],[8.82264999810849,51.8392843282794],[8.823101998020196,51.83889160746831],[8.822018463599054,51.83850103127995],[8.821830727382755,51.83817186583579],[8.821003892842292,51.83843914247215],[8.808476509809418,51.84449106296176],[8.804812148814328,51.84519847484343],[8.804371633863548,51.84516087903178],[8.804463476719874,51.84518833778502],[8.80086578599024,51.848778066184806],[8.79922383633055,51.85147968503125],[8.789380151344718,51.86602263611277],[8.787523074039063,51.86867777210496],[8.787298366758916,51.86872210647649],[8.797692963355741,51.85347592289604],[8.800751989206681,51.848690883574974],[8.804177286046745,51.84509743713842],[8.800948165095077,51.84405381192997],[8.797000772801683,51.84220089171266],[8.789792467280407,51.83983975271898],[8.784005969376926,51.8382250112365],[8.780316269602602,51.837388558363685],[8.777541651269022,51.83597213528203],[8.775992458950636,51.835509941339645],[8.774570224633052,51.83651693924372],[8.771763992787946,51.836884231872716],[8.771325913169898,51.83711795340751],[8.770969167017698,51.838206546230815],[8.770887909908671,51.84127898522439],[8.766364486413979,51.84792171684296],[8.766283209542014,51.8482625921885],[8.765873386431236,51.84810452096301],[8.766226489914972,51.84784205029373],[8.770728583811547,51.84122027660141],[8.770796773128131,51.83816811477214],[8.771266828278733,51.836960087276275],[8.771728163482843,51.83679420534898],[8.774504979993957,51.83645410019325],[8.775775751168077,51.83541227015462],[8.776308689286875,51.83547251006926],[8.77794521402056,51.83605215533284],[8.78037420375192,51.83732112458535],[8.783806174176258,51.83808391391194],[8.791573918117209,51.840313289191776],[8.79709418231988,51.842135902174896],[8.801012217669793,51.84397974276024],[8.804605256024558,51.84513224372659],[8.808428823640858,51.84442954867338],[8.820944710034745,51.838386354778116],[8.823364118335295,51.837640873520556],[8.824202023713287,51.83405732011221],[8.82782824942796,51.83356442603744],[8.83075729175217,51.83282498571298],[8.833393185951397,51.83345929435053],[8.833688535847166,51.83312033863481],[8.83231869936182,51.83267161990233],[8.83238095081439,51.83246265332895],[8.832120406144266,51.83231906041389],[8.832351027932269,51.83209863709577],[8.832694077471322,51.83207309610609],[8.834056214496378,51.8325948529774],[8.834447415531322,51.832245735794004],[8.833992359551024,51.83205807649412],[8.834920798940038,51.83099020066476],[8.83433215000224,51.83063423772346],[8.834609232656732,51.8291702798362],[8.835123546903034,51.828191901981114],[8.835104930217083,51.82770679901289],[8.835452695013068,51.82691929433185],[8.835587453983834,51.825851333301074],[8.835506943374794,51.82371014662115],[8.834618817680795,51.82268167025997],[8.833878765786707,51.82272678843363],[8.833669929042683,51.821817811039836],[8.833929057967914,51.820744937635766],[8.833272100237586,51.82072672699466],[8.83364574639525,51.81997290904927],[8.834010348314603,51.81998742350015],[8.834066462477134,51.818807698619345],[8.831953023955672,51.8180456389624],[8.83105568603847,51.81795685031271],[8.8305689276135,51.81774639332635],[8.830894989112208,51.8175327989681],[8.82873284213939,51.81634720390181],[8.82160319220608,51.81089231102326],[8.814211103954065,51.80674285178921],[8.812714426248874,51.80571203012919],[8.811974497423988,51.80551694324073],[8.808517383154857,51.8028762214863],[8.806380802235035,51.80373132677281],[8.806229254649947,51.80300485174176],[8.807949247246583,51.802442104302116],[8.807435180935279,51.802040666381096],[8.806611527329272,51.80203130341802],[8.805843748035604,51.80159771082816],[8.805759672911513,51.801183578071495],[8.806322912103177,51.80034535120224],[8.799588646659062,51.792514841347554],[8.797404704760828,51.79015168469075],[8.794856247181496,51.78783330226729],[8.792030083516856,51.78578815740005],[8.788824232524336,51.783971729960314],[8.782557417116475,51.781156529674334],[8.780544983368939,51.77997056850531],[8.778426888879354,51.77976318542409],[8.777590468416495,51.7792177033961],[8.77366662096673,51.778354259860315],[8.767696120245253,51.77677496097788],[8.777094367512579,51.77910826594879],[8.777764006759734,51.77905840884374],[8.77833388180639,51.7784504579691],[8.778395919459914,51.778080987038734],[8.777779135287455,51.777386142529515],[8.776438748272026,51.77543806922229],[8.773914360152427,51.76967208679389],[8.772217773160534,51.76929842307332],[8.771744124748807,51.76907434821276],[8.760069045291306,51.769272809237414],[8.75798251310921,51.76804124221285],[8.759990750826072,51.76927414173981],[8.756645365418718,51.7693820181583],[8.754713587807316,51.7729945579962],[8.75390920126749,51.772886390047574],[8.747743458007237,51.771323820200145],[8.745843950575738,51.771407464898296],[8.745593128371969,51.770504501087935],[8.747822752297372,51.76715133991149],[8.740096960578477,51.76518273036997],[8.736103737137627,51.763299651747104],[8.73244510020751,51.7670878142612],[8.730222422954226,51.7662277839364],[8.727973683777883,51.76765886033267],[8.728143927998998,51.76780426649512],[8.728021952054764,51.76783304436041],[8.726777984812074,51.77019958434838],[8.724682531460903,51.77197189593387],[8.725611254717535,51.77230503819082],[8.726410777778373,51.771490973807445],[8.72726613113416,51.771885720840544],[8.727843283432936,51.77194399120184],[8.728104641976662,51.77171637799529],[8.72888613854471,51.771787748842065],[8.7299640459189,51.77229674743555],[8.72942199349325,51.7727319491626],[8.72765675904392,51.771931897663606],[8.727325472045196,51.771927883715485],[8.727620823737627,51.77213774307249],[8.726922645013849,51.77274576232181],[8.72408856629328,51.771888160562895],[8.724538742624945,51.771924849212716],[8.726022675931182,51.77066941305786],[8.725895113364198,51.77053284308266],[8.723870496664755,51.77192032886497],[8.724606447749593,51.772259424287384],[8.729057885647268,51.773637315263976],[8.72912262273824,51.77377301427985],[8.730343583228196,51.77421635821729],[8.72934232101237,51.77561808386068],[8.729621594657813,51.77568812789668],[8.729895146034911,51.77554561575462],[8.732323758473859,51.77634061306638],[8.733015847518313,51.77755237606339],[8.732969848385869,51.7782376116736],[8.731164653279452,51.77959550223163],[8.730738375727602,51.77954681335391],[8.730204076661169,51.78002272383053],[8.73030858216975,51.78008802752811],[8.729255002071792,51.78086203540424],[8.72781696998162,51.78160044296806],[8.727474516025575,51.7815649492721],[8.724023567792557,51.78095831208631],[8.723801146724822,51.780675241915716],[8.721552632127322,51.77970469895789],[8.720812071786774,51.78019473432572],[8.719549283042264,51.77965800210034],[8.71922576736903,51.77929887024389],[8.71854716473197,51.77439624432722],[8.71834062138687,51.774373105766976],[8.720782682503932,51.79230205862343],[8.71902016994994,51.79241460331587],[8.71426781260169,51.793394136494086],[8.71279409493685,51.79400881488699],[8.71196531374721,51.793969878455236],[8.710240759505545,51.79296535912114],[8.710000149349915,51.79312367836953],[8.709289391517245,51.79246598916985],[8.707905856622093,51.79349555356665],[8.703577215728833,51.7922416915209],[8.703540157528398,51.79234299283804],[8.703335709054532,51.792290606171086],[8.69963080798899,51.802928507533565],[8.699026875114974,51.805045463805136],[8.698808414719311,51.80651758757954],[8.698782280032752,51.807657642077054],[8.700251618410576,51.80795872041507],[8.702215340113499,51.80952544071785],[8.703415136295337,51.81085687092244],[8.703894226701049,51.81163122003079],[8.705553752797584,51.813459752249294],[8.707262024176424,51.81475773505859],[8.709096697498866,51.813919274646835],[8.710837277685217,51.81543739140787],[8.712197535434711,51.814773054216474],[8.713612797029056,51.81336184941946],[8.714459864324647,51.81316905041489],[8.715013442135392,51.813269531099614],[8.718663415712902,51.81478562441878],[8.71896128717969,51.81456578059872],[8.722395237490895,51.81598541257136],[8.722490243315368,51.82005237615208],[8.721932332929988,51.82067513458037],[8.722089110506646,51.820743029172476],[8.721010996519958,51.82170012086442],[8.720395187019548,51.82246494770502],[8.719488331451897,51.823009087763864],[8.719504725705828,51.823112185012256],[8.71168176681594,51.82548736967653],[8.711342970799745,51.82541190247311],[8.711221820407241,51.82551031101514],[8.711440508975,51.82555712585602],[8.709556836147042,51.82663523398993],[8.706419288557138,51.829156872014536],[8.703536211229348,51.832449581228296],[8.697816049418073,51.84183437562174],[8.697632203805238,51.842691334170844],[8.697725621408274,51.850611385675386],[8.69794067449408,51.8517704920281],[8.699172585447323,51.855985725890804],[8.69918970464171,51.85663469193293],[8.698863441920354,51.85725353133068],[8.697281729690372,51.859175154893165],[8.696617510877605,51.86031674755921],[8.694927790607725,51.86511634038852],[8.694893518981322,51.865944520409556],[8.695347264319588,51.86672326337033],[8.701834937726598,51.87356018325797],[8.701681059911673,51.87430325609302],[8.700494872308067,51.876548792709556],[8.699390071170903,51.879422944892525],[8.699193206274664,51.88023942472207],[8.697429770252558,51.880553784836856],[8.698198315809185,51.88078772159143],[8.698322082994098,51.88115186650635],[8.698076266203088,51.88114548170186],[8.697508741149207,51.881534807831414],[8.697558071234724,51.88178066327292],[8.69827751577619,51.88221660342518],[8.699072813161983,51.88290952144879],[8.699954363188063,51.88336680659341],[8.700831992067943,51.88354411694566],[8.704492085167125,51.883812094524906],[8.709704372754357,51.888460802658386],[8.72048318778142,51.890611021925245],[8.721209022039512,51.889643155476826],[8.720548069501158,51.890620436890956],[8.722703534804866,51.89104582695665],[8.724132306162794,51.890911413356356],[8.729019456617731,51.891770228768856],[8.729438216168967,51.891234779930606],[8.728047696872483,51.890827602782814],[8.729091624572726,51.88822416801863],[8.732628373593492,51.8880934330029],[8.733298878816584,51.88769295114364],[8.734534355183207,51.88791252119909],[8.735305319902883,51.8866012253998],[8.728669381354845,51.88503957935343],[8.719745551457128,51.880621761616226],[8.716036118390964,51.87915911358174],[8.713698083082134,51.87888177125235],[8.711083021712662,51.87777784509238],[8.706038049838705,51.87603683236465],[8.70435770977702,51.8756962627955],[8.704454659555743,51.875585375202505],[8.706084465789438,51.87591807598248],[8.711210590567893,51.87768153002956],[8.71380692655523,51.878784976091936],[8.716123486738882,51.87904833712059],[8.719850622904346,51.88053203717004],[8.728756144238249,51.88495377002488],[8.735359923997425,51.88651213776331],[8.743986778946988,51.87910950463336],[8.746328351821424,51.876759043147345],[8.747966724389638,51.87454672578578],[8.742678177021299,51.87415691264437],[8.738139681592768,51.876070687753334],[8.738119019442928,51.87596412299803],[8.742453472436077,51.87412962741153],[8.733453406113478,51.872661097079224],[8.733401231063453,51.87255548541949],[8.742686145077855,51.87408677197576],[8.748027437028146,51.87444896903072],[8.751469230530109,51.8694822898219],[8.74525984621499,51.86777059411621],[8.739643472158379,51.86541664536571]],[[8.739643472158379,51.86541664536571],[8.738989504919655,51.865934967698756],[8.739610513868932,51.865442736582594],[8.739643472158379,51.86541664536571]]],[[[8.729132204169048,51.87881890427621],[8.728949188599564,51.87908467518387],[8.729324087907047,51.87853482031071],[8.729132204169048,51.87881890427621]]],[[[8.727078620394998,51.88183143265026],[8.731723917425956,51.88199656470533],[8.731748485450678,51.88195019060395],[8.727078620394998,51.88183143265026]]],[[[8.727048452272804,51.8818757878802],[8.726715019198847,51.88236578801539],[8.726837914119612,51.882188722546],[8.727048452272804,51.8818757878802]]],[[[8.729251628897892,51.88445714206753],[8.729173029005478,51.88453642551909],[8.726571565434474,51.88255250677276],[8.726636116574179,51.88246848154261],[8.729251628897892,51.88445714206753]]],[[[8.724458660512289,51.885311344500955],[8.723951338752126,51.88598916773647],[8.724486238791517,51.88527447640276],[8.724458660512289,51.885311344500955]]],[[[8.722948375127162,51.88733044050263],[8.72293864816929,51.88734339187635],[8.723317865678318,51.88683523159561],[8.722948375127162,51.88733044050263]]],[[[8.747828843773293,51.858979175442414],[8.748240023340154,51.85865067292152],[8.747730948966886,51.859057408653],[8.747828843773293,51.858979175442414]]],[[[8.74314997310691,51.85805498222487],[8.743044700437041,51.85804948350136],[8.743199983217096,51.85805750106279],[8.74314997310691,51.85805498222487]]],[[[8.74363758403309,51.85064647543877],[8.743101867425104,51.85041047466738],[8.74233405309715,51.85035515399552],[8.741355675463184,51.85009611024663],[8.739574504900745,51.84937432251987],[8.738700104565996,51.84916162948337],[8.73829066413755,51.84901049405198],[8.737412739711923,51.84817828035292],[8.737302585596826,51.84780580685057],[8.73749545837993,51.84753471178488],[8.736489881555809,51.8468199635711],[8.73504209196503,51.84677350879526],[8.73368254388461,51.846455647739255],[8.733274194909201,51.8461611681034],[8.73293587859339,51.845795878532044],[8.731874027706588,51.845597085967825],[8.731646073016702,51.8454993800572],[8.730239094787594,51.84576348043576],[8.729373391941413,51.845845334989264],[8.727831361890786,51.84586742963304],[8.726707887473824,51.846292959600774],[8.726118586359132,51.846853036833885],[8.725513578201724,51.84684981036466],[8.726964239706458,51.84762968575412],[8.727245941498158,51.84785422947363],[8.7273395127131,51.84799005205066],[8.727395166938216,51.84839962272392],[8.727062997793876,51.84897203352606],[8.727107962067096,51.84909870764006],[8.727229483463832,51.8492391533751],[8.727898715774169,51.849395207932204],[8.72813777543761,51.849490222368885],[8.72831722289879,51.8495857099471],[8.72836315106433,51.84970494982872],[8.728326407274247,51.84987353987683],[8.727752823982106,51.85049020714325],[8.728326067711077,51.84970082682431],[8.728115206164397,51.849501274624195],[8.727161871763949,51.849244418444655],[8.727049184399739,51.849095541263225],[8.726993048677643,51.848953205569444],[8.727352212196267,51.848394263772526],[8.727282709542727,51.84797752163404],[8.726940836796672,51.84765152536021],[8.725483254670998,51.84685406459799],[8.725088605901991,51.84685442864405],[8.724460022358254,51.84665364071247],[8.723640275525392,51.84658023787782],[8.722935509455663,51.84634302818165],[8.722502197196846,51.84642973419464],[8.721775415216118,51.846395334281006],[8.721127583470803,51.84627779544868],[8.720560713288773,51.846038677877026],[8.719540473264262,51.846318672885424],[8.71828288846017,51.84601849015489],[8.717283035701056,51.84566987550689],[8.716018065847024,51.845461972630154],[8.71448122985535,51.84460214431959],[8.713724719028606,51.843225296075936],[8.713461915095582,51.8425017797788],[8.710603077009145,51.841420032575186],[8.708791292760116,51.841322538494715],[8.708065957965312,51.841612802826496],[8.707108243379551,51.84160648400472],[8.704045980898636,51.84078622791942],[8.70278661204041,51.84072115697104],[8.703582586755912,51.8406843233536],[8.704357749302892,51.84081098249528],[8.707119092333231,51.841574330984244],[8.708062613537518,51.84158005705637],[8.708597016808547,51.841322911465745],[8.709033727394086,51.841275125081204],[8.71095506837854,51.841432343921284],[8.711618090635307,51.84179730703562],[8.713399721135195,51.84233850902619],[8.714469191532244,51.844462769651706],[8.714842515194684,51.844792465720914],[8.716041319636458,51.845432259218015],[8.717738415074809,51.8457362995144],[8.719577872824493,51.846285234069434],[8.720587891817694,51.84600305620038],[8.721136655556858,51.84624971969437],[8.722086971617957,51.846401069729104],[8.722969362467152,51.846317077945216],[8.725221829651918,51.84682337872494],[8.72621505464088,51.846721081601345],[8.726672845092876,51.84626874579107],[8.727763605562172,51.8458516726397],[8.72915634908727,51.84573463906805],[8.729377499937206,51.84582854909073],[8.7312846439469,51.845483629594575],[8.731658540734518,51.84547287547901],[8.732266424399171,51.8455756366145],[8.732959958832886,51.84577918251881],[8.733716838867204,51.84643010934316],[8.735056516213557,51.846744787388836],[8.736264443047027,51.846760952512284],[8.736616665283442,51.84684631308042],[8.737540662503342,51.84752526393308],[8.737352098938684,51.84781682400355],[8.737453102814278,51.84816496420484],[8.73832622215143,51.84898474124082],[8.739607365273839,51.84935563013139],[8.741372133497508,51.850074252404895],[8.743120327804194,51.85038355014364],[8.743879653052709,51.85075803546779],[8.744307689505872,51.850697925319345],[8.744955797033995,51.85076292691189],[8.743914689145443,51.85079083060666],[8.744310782405412,51.85115638427919],[8.744811350631231,51.851371956659534],[8.744274516519052,51.851187001720625],[8.74363758403309,51.85064647543877]]],[[[8.758009212836111,51.850966027636915],[8.759027380447252,51.85016276633257],[8.75939204345204,51.84987515633255],[8.75896325960059,51.850213426023885],[8.758009212836111,51.850966027636915]]],[[[8.754503749441728,51.845756611674574],[8.752966295409184,51.845224215391795],[8.751021547921656,51.84362066800306],[8.749734698700582,51.84315794651842],[8.749605739253312,51.84279427370562],[8.74966784877207,51.842166827676024],[8.749016130016516,51.84146439381045],[8.748275429538758,51.840433244091834],[8.747931302021353,51.840197755343645],[8.747231617721207,51.8399552708348],[8.74621021976827,51.83942382998797],[8.744806405405606,51.83909219079889],[8.74411065572638,51.838832352341],[8.743908916571428,51.838684376533394],[8.742662540945451,51.8383951506962],[8.742087557179802,51.838420145814275],[8.741782818092636,51.83837109582375],[8.739460455690564,51.837215834593614],[8.738693068960695,51.83647679781847],[8.737923799361976,51.83595886381527],[8.737583897519686,51.83545596343171],[8.738245692677785,51.834577780596526],[8.73842124773884,51.83397573166986],[8.73822718648461,51.833744485713446],[8.736663726224558,51.833237639259515],[8.735490186900151,51.83239517997638],[8.73341612872412,51.8316013276795],[8.732054498348894,51.83085242819693],[8.730893169824135,51.83003864083287],[8.729057926071471,51.82968966760578],[8.727851183217545,51.82933908225387],[8.725694732461953,51.828097768072446],[8.724007077418902,51.827296206173024],[8.723705856134403,51.82701500800618],[8.722693545538906,51.82442276823004],[8.722521074394221,51.82362319141401],[8.722001176220092,51.82237454421304],[8.720788358059893,51.82203776273459],[8.720930521843535,51.82193622940285],[8.722021541925924,51.82208537075488],[8.7222460336104,51.82224237564256],[8.722788845112463,51.82231193584614],[8.725053924643813,51.822949679588575],[8.7257258339337,51.82283367864703],[8.72622968370528,51.82258498568949],[8.72727056252344,51.82266465695775],[8.728403250960302,51.822934156104786],[8.7297804060203,51.82269706390318],[8.730147148624967,51.8227082820923],[8.73073301009044,51.8232113276079],[8.732229705761906,51.82362993362728],[8.732439890877174,51.824063655205094],[8.733148376870515,51.82452225440089],[8.733606438613736,51.8248938850693],[8.73593948917104,51.82576499406641],[8.733816647085193,51.825058523285726],[8.732397245155694,51.824085955424124],[8.732192069944775,51.82366381680106],[8.730714391607828,51.823245964000975],[8.730124441011236,51.822749706192056],[8.728401799282791,51.82297045954944],[8.727252340197918,51.8226956791196],[8.726228542844867,51.822627178919525],[8.726023850029254,51.8227652214107],[8.725292260265125,51.823001441523246],[8.724765740609058,51.82294467185253],[8.722766186906071,51.82234881836306],[8.7220809843466,51.82228844373549],[8.722562871207778,51.82361473074834],[8.722728740633425,51.82441655693035],[8.723229079788883,51.82542596933621],[8.723755313780707,51.82700704154406],[8.724012089119876,51.827233602980556],[8.725728656440346,51.8280720421597],[8.727886952335508,51.82931041134732],[8.730917613881324,51.83000833321696],[8.733177367301348,51.83144040948756],[8.735536320779893,51.83237307538958],[8.736703175740264,51.83321956578604],[8.738268298781911,51.833714878919935],[8.738452006054162,51.83397479298393],[8.738298412106882,51.834576315688686],[8.737630140095577,51.8354705245175],[8.737953083541926,51.83593709846809],[8.73872346256003,51.836453910357065],[8.739492230000502,51.83719771609117],[8.741819247472367,51.83835865098288],[8.742684178665709,51.83837016666534],[8.743922171213434,51.83865820485759],[8.74481885156386,51.839070315402424],[8.746250476869434,51.83940168167287],[8.747979454415542,51.84017576670302],[8.748327285686878,51.840423914080425],[8.749724419278794,51.84214776987519],[8.749664216883373,51.84279803104382],[8.749777373168168,51.843132124314394],[8.751061304661201,51.84359757272246],[8.75301340216435,51.845216015733996],[8.754503749441728,51.845756611674574]]],[[[8.760778255326743,51.82929279208802],[8.760137681070578,51.82918556189446],[8.759857183021392,51.82874213471391],[8.759384104141558,51.8284776707721],[8.758636365363573,51.82763742701934],[8.757976363242781,51.827429577998174],[8.757805600693775,51.82715336572506],[8.756379255685442,51.82676828353785],[8.756017588562107,51.82634486421788],[8.755106463301917,51.82628016714744],[8.753972218084686,51.825905742457536],[8.753577815454086,51.825905285522616],[8.752241540926038,51.82573910692127],[8.751073848735839,51.826100922092934],[8.750276787058848,51.82618852432571],[8.750001233336986,51.82641670329095],[8.74976068426679,51.826475848726375],[8.748533096905012,51.8261366072648],[8.747747806751521,51.826141848941916],[8.745623110542898,51.82591669112781],[8.742922453201585,51.825535623648335],[8.742328036181389,51.82569170541343],[8.741785691803251,51.82567798230784],[8.74047816426262,51.82593430449008],[8.738480237408615,51.826054021205266],[8.737706246264748,51.82603526805418],[8.736122568520917,51.82579925706211],[8.737707463481982,51.82599556589144],[8.73889478475946,51.825991248059125],[8.74048059690043,51.82588468680245],[8.741753252740027,51.82562868413881],[8.742316923122996,51.82565333378529],[8.742949346066261,51.82549377404223],[8.745635840568802,51.82587990813792],[8.748562657766067,51.82609426797176],[8.749771618560429,51.826435060980856],[8.750234727038944,51.826150788828706],[8.751051569618456,51.82605194473982],[8.752248602582489,51.8257003605674],[8.754012302709308,51.82586452946247],[8.755149457569738,51.82625077419646],[8.75607430818918,51.826299531473566],[8.756402231895471,51.82672951586139],[8.75785426872093,51.82713200418756],[8.75801917874588,51.82740355523337],[8.758669544638604,51.827611663091076],[8.759273413732261,51.82815894769606],[8.759434672105542,51.828464691894474],[8.75992526364186,51.828726934670655],[8.760171375080283,51.8291531629477],[8.76076948776957,51.82924673893018],[8.76191805842065,51.82969121372585],[8.7620088206037,51.83025439262955],[8.762212574679845,51.83061632475336],[8.762808031949145,51.831054258107],[8.762493963857786,51.831186667847184],[8.76241699081435,51.83140743592888],[8.763228050938414,51.831796161767855],[8.763322822302579,51.832359806192876],[8.764597532589237,51.8325409753835],[8.764640896064632,51.83310057755624],[8.765683905686641,51.83329344449091],[8.764643806606161,51.83314348036894],[8.764551609813578,51.83257260415633],[8.763261053245317,51.83240206687494],[8.763157066064629,51.831816636210384],[8.762362438822073,51.83141311610724],[8.762444477465408,51.83116462040198],[8.762736224218585,51.831062933881114],[8.762159014427663,51.830632373535806],[8.761953834725157,51.83027375635742],[8.761875337240678,51.82974347421941],[8.760778255326743,51.82929279208802]]],[[[8.765769001296901,51.82674291330169],[8.765764773825191,51.82539556700628],[8.76576112756344,51.82394707913698],[8.765769001296901,51.82674291330169]]],[[[8.722790700133537,51.817392516422444],[8.727199459970404,51.818101428033586],[8.727364343045872,51.81825028332835],[8.72742439721924,51.81890087740342],[8.722669567707344,51.82012794784196],[8.722595420763778,51.8175164861885],[8.722790700133537,51.817392516422444]]],[[[8.79743681414235,51.79827013581723],[8.796673292863124,51.798245331191254],[8.797867038891544,51.79828409948963],[8.79743681414235,51.79827013581723]]],[[[8.75056339185534,51.77355685972739],[8.750868193824537,51.77356157001242],[8.751362024685754,51.773689609090205],[8.751623794657919,51.77341473995742],[8.752014669604383,51.77344920173178],[8.752610729643271,51.773714343844944],[8.753326971690752,51.773507366685955],[8.754401593925923,51.773587589409196],[8.753355265028938,51.773562804002545],[8.752572660838137,51.773760955694364],[8.75164713288898,51.77346955538878],[8.751388030014931,51.773741696635845],[8.75059751885301,51.773610421542585],[8.75043380268907,51.77374388279064],[8.750507531017723,51.77385437212791],[8.750267752702038,51.77391655033153],[8.75056339185534,51.77355685972739]]],[[[8.826843644672447,51.867968427310636],[8.828122433310496,51.86717003411207],[8.831868327197425,51.869262665794636],[8.831062743203335,51.86989713332837],[8.830275580960793,51.87111484302687],[8.828841739511413,51.87067600198505],[8.82820704472882,51.87033121911596],[8.82809612884235,51.870130850974206],[8.828128588566809,51.869701102408996],[8.82752182420304,51.868791648140565],[8.827423508985062,51.86837066297268],[8.826843644672447,51.867968427310636]]],[[[8.845754387843229,51.86472235549271],[8.8466447404608,51.86420487236797],[8.847759541643688,51.86484161850653],[8.847331592327109,51.86508737717935],[8.846399616270855,51.86522708294295],[8.845754387843229,51.86472235549271]]],[[[8.78022050380342,51.87731363859634],[8.780053542924696,51.87728464497591],[8.778380678642822,51.87481018540239],[8.778517682503436,51.874793755825436],[8.78022050380342,51.87731363859634]]],[[[8.813187676706919,51.87751779738748],[8.813256445436863,51.87738850583751],[8.812785466818177,51.878275562242024],[8.813187676706919,51.87751779738748]]],[[[8.765844180404732,51.92450818890397],[8.76823027827621,51.92372317830351],[8.769478561025522,51.92245806488146],[8.77162688292611,51.921678912148096],[8.774678326097716,51.92013008791741],[8.775229527864536,51.91971510566705],[8.781952054124513,51.91204497795842],[8.790932142813524,51.90795163180911],[8.7922751672826,51.9020581826218],[8.792092396054892,51.901946963194966],[8.79171796117641,51.901979208875616],[8.791743626942386,51.901857298497845],[8.792579786893818,51.901654712413844],[8.795310785732166,51.89640373045415],[8.795319503881997,51.89607146010582],[8.794823539521973,51.8943164086699],[8.79479598280234,51.8936726762207],[8.79457578775985,51.89324014182856],[8.793775854168905,51.89275867020945],[8.78580592191535,51.891743082844215],[8.784593743355618,51.89174661544666],[8.770150592486313,51.897096677008285],[8.769178518330682,51.89743196915826],[8.768335253603706,51.897484708663335],[8.768328871971924,51.89767719607868],[8.759970966330261,51.89439850807418],[8.749254401857435,51.89117251900358],[8.749539095937333,51.89129865241247],[8.749444435964243,51.891351399671045],[8.749388208613977,51.89195847018411],[8.74920667975629,51.8919532101128],[8.749156295946946,51.893932044513114],[8.747712076261097,51.89420030996528],[8.745027093623172,51.89362865749289],[8.744083726929087,51.89280709379637],[8.739410920789178,51.89150283750858],[8.739390148146526,51.891671137332885],[8.739577883464527,51.891670672195005],[8.739433331060571,51.89232262384514],[8.740150097724191,51.89475831797467],[8.739908298199138,51.89605342516474],[8.740237973620234,51.89607682003082],[8.740006272057286,51.89749493926201],[8.740121754978665,51.898426891800526],[8.740279267377215,51.89845024773761],[8.74035097359817,51.90080801629695],[8.740737514173405,51.90164187934447],[8.741019130625114,51.90272523788665],[8.741612251376363,51.902701977841865],[8.740338803222691,51.903985446405386],[8.740112737689834,51.904684861445524],[8.740764707075346,51.905487858135],[8.7428540168483,51.90515245096947],[8.745017216646618,51.90582981922878],[8.747877795668098,51.9054698629984],[8.749482415836164,51.9056796982911],[8.7496263969116,51.90522972042746],[8.751301184486492,51.90499958266151],[8.75386498259596,51.90503128023371],[8.754793492053516,51.90736883305989],[8.767982100712628,51.906339409640744],[8.767975364246325,51.90644223682586],[8.768421997622506,51.90648330678143],[8.77129976051703,51.90661498920352],[8.775310563089716,51.90801078983169],[8.77474857075969,51.912372626119506],[8.774225256292533,51.91943955773161],[8.772480150393804,51.92040659786202],[8.77264837699877,51.92043452539526],[8.77029409206474,51.92168236981954],[8.769338412163071,51.92239238905089],[8.768102088685152,51.92363927270706],[8.765621951576446,51.924306526000954],[8.765844180404732,51.92450818890397]]],[[[8.771130517019182,51.90650569697146],[8.768186500677453,51.90629344860551],[8.768159847662968,51.905600078590524],[8.77081154502467,51.90592631783851],[8.77074781135189,51.906239084504506],[8.771130517019182,51.90650569697146]]],[[[8.767973555039339,51.906277120317114],[8.763249497317487,51.906681691235505],[8.761516887882681,51.906512909492186],[8.761099061681062,51.90442683218773],[8.76157382849531,51.90130709196442],[8.76543615212789,51.90086662667504],[8.768219511967528,51.90094690216625],[8.767973555039339,51.906277120317114]]]]}},{"type":"Feature","properties":{"OBJECTID":76,"we_nr":"0942","lgbez":"Luft-/Bodenschießplatz Nordhorn","plz":"48531","ort":"Nordhorn","strasse":"Am Südufer","nr":"300","bl":"NI"},"geometry":{"type":"Polygon","coordinates":[[[7.224178847578238,52.40079143122141],[7.194565725231296,52.414664866259656],[7.1729178423388715,52.42438275731859],[7.16827301063521,52.42139222557545],[7.163519260898294,52.42643645966651],[7.163637186338914,52.42647026554299],[7.156911609400226,52.43007492203281],[7.155184399738609,52.431579403470415],[7.149776079993382,52.43187494261081],[7.15009034930739,52.436637867957884],[7.151328347244999,52.43686612410651],[7.150368884537686,52.43950402429686],[7.163037505191127,52.44131177175906],[7.163067224155673,52.44140168311062],[7.163190632014481,52.441432983793945],[7.198245578571763,52.44648341677834],[7.230797770238153,52.45557252671008],[7.198260514860006,52.44645802748315],[7.163076032137048,52.44134614557574],[7.198380760649029,52.446431667410145],[7.23839109369025,52.457621240728855],[7.238809658307051,52.456935536684924],[7.2392500897145,52.447098288136594],[7.245608843200113,52.43353402230401],[7.242221825370938,52.43293848306443],[7.243646187797443,52.429789323124865],[7.2418965912205895,52.42975235827868],[7.243227348296164,52.427502486179094],[7.242406898082442,52.42541247853078],[7.243798701969743,52.423202105861314],[7.2435960555163525,52.42322979842168],[7.244554020732104,52.42168796614605],[7.241644079285779,52.421985771146126],[7.24221349259836,52.41992203731691],[7.241539018618327,52.420067862439595],[7.240254720612644,52.41782665277562],[7.239856596261801,52.41790455265558],[7.237183022228016,52.412054670890406],[7.236439676211771,52.41214618442122],[7.234343697346166,52.40908905738055],[7.234566378925357,52.40836271117537],[7.232150590835408,52.40849395231816],[7.233041029691234,52.4067591398811],[7.2265662929226275,52.40088716047455],[7.224178847578238,52.40079143122141]]]}}]}